Workbook

Sheet COMISIONES
A1: VENDEDOR | B1: SUCURSAL | C1: BULTOS | D1: UNIDAD DE MEDIDA | E1: IMPORTE | F1: COMISIÓN POR IMPORTE FIJO | G1: COMISIÓN POR PORCENTAJE | H1: COMISIÓN TOTAL
A2: 0 - TODOS LOS VENDEDORES | B2: 0 | C2: 54574.052 | D2: 224435.59 | E2: 1.0289274e+09 | F2: 0 | G2: 507412.79 | H2: 507413.02
A3: 1 - VERA ERNESTO | B3: 1 | C3: 704.0581 | D3: 932.73412 | E3: 16929650 | F3: 0 | G3: 507412.79 | H3: 507413.02
A4: 2 - OJEDA NORBERTO | B4: 1 | C4: 482.22445 | D4: 936.58011 | E4: 11770812 | F4: 0 | G4: 0 | H4: 0
A5: 3 - VIDAL NAHUEL | B5: 1 | C5: 627.07157 | D5: 1780.0921 | E5: 15346417 | F5: 0 | G5: 0 | H5: 0
A6: 4 - TUR SPRINGER FERNANDO | B6: 1 | C6: 1097.0714 | D6: 2295.7363 | E6: 23827606 | F6: 0 | G6: 0 | H6: 0
A7: 5 - SCHELOVER RAUL | B7: 1 | C7: 981.78474 | D7: 2943.9223 | E7: 23105351 | F7: 0 | G7: 0 | H7: 0
A8: 7 - VALLEJOS EDUARDO | B8: 1 | C8: 3264.0583 | D8: 8309.155 | E8: 48362192 | F8: 0 | G8: 0 | H8: 0
A9: 8 - PARRA MAXIMILIANO | B9: 1 | C9: 433.49066 | D9: 1150.8363 | E9: 9731445 | F9: 0 | G9: 0 | H9: 0
A10: 9 - ESTIGARRIBIA DAVID | B10: 1 | C10: 597.21337 | D10: 1355.8538 | E10: 13643333 | F10: 0 | G10: 0 | H10: 0
A11: 10 - BRITEZ EMMANUEL | B11: 1 | C11: 945.16389 | D11: 1014.7551 | E11: 12863939 | F11: 0 | G11: 0 | H11: 0
A12: 11 - SANCHEZ RICARDO | B12: 1 | C12: 710.88337 | D12: 1479.45 | E12: 13292647 | F12: 0 | G12: 0 | H12: 0
A13: 12 - GUTIERREZ MARCOS DAVID | B13: 1 | C13: 672.70006 | D13: 1845.5377 | E13: 15491414 | F13: 0 | G13: 0 | H13: 0
... A47: 123 - TORRES ROLANDO | B47: 1 | C47: 970.99603 | D47: 3224.08 | E47: 29772171 | F47: 0 | G47: 0 | H47: 0

Sheet AVANCE
A1: SUPERVISOR | B1: VENDEDOR | C1: OBJETIVO | D1: FACTURACION ACUMULADA | E1: FACTURACION N-1 | F1: FACTURACION DEL DIA | G1: AVANCE VS OBJETIVO | H1: PROYECCION | I1: CUMPLIMIENTO PROYECTADO | J1: MEDIA REAL | K1: MEDIA NECESARIA | L1: COBRO
A2: MARTIN PREVENTA | B2: 20 - FLORES JAVIER | C2: 32924658 | D2: =IFERROR(+VLOOKUP(B2,COMISIONES!A:E,5,FALSE),"0")*1 -> 28322793 | E2: 26743816 | F2: =+D2-E2 -> 1578977.7 | G2: =+D2/C2 -> 0.86023045 | H2: =+D2/$N$3*$N$4 -> 47204656 | I2: =+H2/C2 -> 1.4337174 | J2: =+D2/$N$3 -> 1888186.2 | K2: =+(C2-D2)/$N$2 -> 460186.47 | L2: {=+_xlfn.IFS(I2>114%,H2*0.02,I2>109%,H2*0.015,I2>104%,H2*0.0125,I2>99%,H2*0.01,I2<99%,H2*0)} -> 944093.12 | M2: DIAS DE TRABAJO RESTANTES | N2: 10
B3: 19 - GONZALEZ MARCELO | C3: 31602383 | D3: =IFERROR(+VLOOKUP(B3,COMISIONES!A:E,5,FALSE),"0")*1 -> 22706451 | E3: 20734022 | F3: =+D3-E3 -> 1972428.4 | G3: =+D3/C3 -> 0.7185044 | H3: =+D3/$N$3*$N$4 -> 37844085 | I3: =+H3/C3 -> 1.1975073 | J3: =+D3/$N$3 -> 1513763.4 | K3: =+(C3-D3)/$N$2 -> 889593.18 | L3: {=+_xlfn.IFS(I3>114%,H3*0.02,I3>109%,H3*0.015,I3>104%,H3*0.0125,I3>99%,H3*0.01,I3<99%,H3*0)} -> 756881.7 | M3: DIAS TRABAJADOS | N3: =N4-N2 -> 15
B4: 16 - GOMEZ MATÍAS | C4: 28957832 | D4: =IFERROR(+VLOOKUP(B4,COMISIONES!A:E,5,FALSE),"0")*1 -> 14365603 | E4: 14016960 | F4: =+D4-E4 -> 348642.76 | G4: =+D4/C4 -> 0.49608696 | H4: =+D4/$N$3*$N$4 -> 23942671 | I4: =+H4/C4 -> 0.8268116 | J4: =+D4/$N$3 -> 957706.85 | K4: =+(C4-D4)/$N$2 -> 1459222.9 | L4: {=+_xlfn.IFS(I4>114%,H4*0.02,I4>109%,H4*0.015,I4>104%,H4*0.0125,I4>99%,H4*0.01,I4<99%,H4*0)} -> 0 | M4: DIAS DE TRABAJO MES | N4: 25
B5: 12 - GUTIERREZ MARCOS DAVID | C5: 28957832 | D5: =IFERROR(+VLOOKUP(B5,COMISIONES!A:E,5,FALSE),"0")*1 -> 15491414 | E5: 14531981 | F5: =+D5-E5 -> 959432.73 | G5: =+D5/C5 -> 0.53496455 | H5: =+D5/$N$3*$N$4 -> 25819023 | I5: =+H5/C5 -> 0.89160759 | J5: =+D5/$N$3 -> 1032760.9 | K5: =+(C5-D5)/$N$2 -> 1346641.8 | L5: {=+_xlfn.IFS(I5>114%,H5*0.02,I5>109%,H5*0.015,I5>104%,H5*0.0125,I5>99%,H5*0.01,I5<99%,H5*0)} -> 0
B6: 11 - SANCHEZ RICARDO | C6: 23999299 | D6: =IFERROR(+VLOOKUP(B6,COMISIONES!A:E,5,FALSE),"0")*1 -> 13292647 | E6: 12129118 | F6: =+D6-E6 -> 1163528.9 | G6: =+D6/C6 -> 0.55387646 | H6: =+D6/$N$3*$N$4 -> 22154411 | I6: =+H6/C6 -> 0.92312743 | J6: =+D6/$N$3 -> 886176.44 | K6: =+(C6-D6)/$N$2 -> 1070665.2 | L6: {=+_xlfn.IFS(I6>114%,H6*0.02,I6>109%,H6*0.015,I6>104%,H6*0.0125,I6>99%,H6*0.01,I6<99%,H6*0)} -> 0
B7: 8 - PARRA MAXIMILIANO | C7: 28296694 | D7: =IFERROR(+VLOOKUP(B7,COMISIONES!A:E,5,FALSE),"0")*1 -> 9731445 | E7: 8991012.2 | F7: =+D7-E7 -> 740432.82 | G7: =+D7/C7 -> 0.34390749 | H7: =+D7/$N$3*$N$4 -> 16219075 | I7: =+H7/C7 -> 0.57317915 | J7: =+D7/$N$3 -> 648763 | K7: =+(C7-D7)/$N$2 -> 1856524.9 | L7: {=+_xlfn.IFS(I7>114%,H7*0.02,I7>109%,H7*0.015,I7>104%,H7*0.0125,I7>99%,H7*0.01,I7<99%,H7*0)} -> 0
B8: 5 - SCHELOVER RAUL | C8: 36547693 | D8: =IFERROR(+VLOOKUP(B8,COMISIONES!A:E,5,FALSE),"0")*1 -> 23105351 | E8: 20622326 | F8: =+D8-E8 -> 2483024.7 | G8: =+D8/C8 -> 0.63219724 | H8: =+D8/$N$3*$N$4 -> 38508918 | I8: =+H8/C8 -> 1.0536621 | J8: =+D8/$N$3 -> 1540356.7 | K8: =+(C8-D8)/$N$2 -> 1344234.2 | L8: {=+_xlfn.IFS(I8>114%,H8*0.02,I8>109%,H8*0.015,I8>104%,H8*0.0125,I8>99%,H8*0.01,I8<99%,H8*0)} -> 481361.47
B9: 4 - TUR SPRINGER FERNANDO | C9: 36547693 | D9: =IFERROR(+VLOOKUP(B9,COMISIONES!A:E,5,FALSE),"0")*1 -> 23827606 | E9: 22061974 | F9: =+D9-E9 -> 1765631.8 | G9: =+D9/C9 -> 0.65195923 | H9: =+D9/$N$3*$N$4 -> 39712676 | I9: =+H9/C9 -> 1.0865987 | J9: =+D9/$N$3 -> 1588507.1 | K9: =+(C9-D9)/$N$2 -> 1272008.7 | L9: {=+_xlfn.IFS(I9>114%,H9*0.02,I9>109%,H9*0.015,I9>104%,H9*0.0125,I9>99%,H9*0.01,I9<99%,H9*0)} -> 496408.45
C10: 247834083 | D10: =+SUM(D2:D9) -> 1.5084331e+08 | E10: 1.3983121e+08 | F10: =+D10-E10 -> 11012100 | G10: =+D10/C10 -> 0.60864635 | H10: =+D10/$N$3*$N$4 -> 2.5140551e+08 | I10: =+H10/C10 -> 1.0144106 | J10: =+D10/$N$3 -> 10056221 | K10: =+(C10-D10)/$N$2 -> 9699077.4
A11: MARTIN | B11: 22 - ALMIRON NICOLAS | C11: 98911387 | D11: =IFERROR(+VLOOKUP(B11,COMISIONES!A:E,5,FALSE),"0")*1 -> 64346819 | E11: 59234561 | F11: =+D11-E11 -> 5112258.8 | G11: =+D11/C11 -> 0.65055016 | H11: =+D11/$N$3*$N$4 -> 1.072447e+08 | I11: =+H11/C11 -> 1.0842503 | J11: =+D11/$N$3 -> 4289788 | K11: =+(C11-D11)/$N$2 -> 3456456.8 | L11: {=+_xlfn.IFS(I11>114%,H11*0.0125,I11>109%,H11*0.01,I11>104%,H11*0.0075,I11>99%,H11*0.005,I11<99%,H11*0)} -> 804335.24
B12: 15 - GALARZA GERARDO | C12: 1.3093119e+08 | D12: =IFERROR(+VLOOKUP(B12,COMISIONES!A:E,5,FALSE),"0")*1 -> 68490623 | E12: 47060597 | F12: =+D12-E12 -> 21430026 | G12: =+D12/C12 -> 0.52310393 | H12: =+D12/$N$3*$N$4 -> 1.1415104e+08 | I12: =+H12/C12 -> 0.87183989 | J12: =+D12/$N$3 -> 4566041.5 | K12: =+(C12-D12)/$N$2 -> 6244057.1 | L12: {=+_xlfn.IFS(I12>114%,H12*0.0125,I12>109%,H12*0.01,I12>104%,H12*0.0075,I12>99%,H12*0.005,I12<99%,H12*0)} -> 0 | M12: AUMENTO OBJ | N12: 0.02
B13: 52 - RAVAROTTO EMANUEL | C13: 43298039 | D13: =IFERROR(+VLOOKUP(B13,COMISIONES!A:E,5,FALSE),"0")*1 -> 32574968 | E13: 31854806 | F13: =+D13-E13 -> 720161.8 | G13: =+D13/C13 -> 0.75234282 | H13: =+D13/$N$3*$N$4 -> 54291614 | I13: =+H13/C13 -> 1.2539047 | J13: =+D13/$N$3 -> 2171664.5 | K13: =+(C13-D13)/$N$2 -> 1072307 | L13: {=+_xlfn.IFS(I13>109%,H13*0.015,I13>104%,H13*0.0125,I13>99%,H13*0.01,I13<99%,H13*0)} -> 814374.21
B14: 53 - SANDOVAL RODRIGO | C14: 43298039 | D14: =IFERROR(+VLOOKUP(B14,COMISIONES!A:E,5,FALSE),"0")*1 -> 23026728 | E14: 22420218 | F14: =+D14-E14 -> 606510.87 | G14: =+D14/C14 -> 0.5318192 | H14: =+D14/$N$3*$N$4 -> 38377881 | I14: =+H14/C14 -> 0.88636534 | J14: =+D14/$N$3 -> 1535115.2 | K14: =+(C14-D14)/$N$2 -> 2027131 | L14: {=+_xlfn.IFS(I14>109%,H14*0.015,I14>104%,H14*0.0125,I14>99%,H14*0.01,I14<99%,H14*0)} -> 0
C15: 348702179 | D15: =+SUM(D11:D14) -> 1.8843914e+08 | E15: 1.6057018e+08 | F15: =+D15-E15 -> 27868957 | G15: =+D15/C15 -> 0.54040138 | H15: =+D15/$N$3*$N$4 -> 3.1406523e+08 | I15: =+H15/C15 -> 0.90066897 | J15: =+D15/$N$3 -> 12562609 | K15: =+(C15-D15)/$N$2 -> 16026304
A16: CRISTIAN | B16: 2 - OJEDA NORBERTO | C16: 28000000 | D16: =IFERROR(+VLOOKUP(B16,COMISIONES!A:E,5,FALSE),"0")*1 -> 11770812 | E16: 11093442 | F16: =+D16-E16 -> 677369.74 | G16: =+D16/C16 -> 0.42038615 | H16: =+D16/$N$3*$N$4 -> 19618020 | I16: =+H16/C16 -> 0.70064358 | J16: =+D16/$N$3 -> 784720.81 | K16: =+(C16-D16)/$N$2 -> 1622918.8 | L16: {=+_xlfn.IFS(I16>114%,H16*0.02,I16>109%,H16*0.015,I16>104%,H16*0.0125,I16>99%,H16*0.01,I16<99%,H16*0)} -> 0
B17: 3 - VIDAL NAHUEL | C17: 25660000 | D17: =IFERROR(+VLOOKUP(B17,COMISIONES!A:E,5,FALSE),"0")*1 -> 15346417 | E17: 13782062 | F17: =+D17-E17 -> 1564354.7 | G17: =+D17/C17 -> 0.5980677 | H17: =+D17/$N$3*$N$4 -> 25577362 | I17: =+H17/C17 -> 0.9967795 | J17: =+D17/$N$3 -> 1023094.5 | K17: =+(C17-D17)/$N$2 -> 1031358.3 | L17: {=+_xlfn.IFS(I17>114%,H17*0.02,I17>109%,H17*0.015,I17>104%,H17*0.0125,I17>99%,H17*0.01,I17<99%,H17*0)} -> 255773.62
B18: 18 - HERRERA PABLO | C18: 26020000 | D18: =IFERROR(+VLOOKUP(B18,COMISIONES!A:E,5,FALSE),"0")*1 -> 11907565 | E18: 10146098 | F18: =+D18-E18 -> 1761466.1 | G18: =+D18/C18 -> 0.45763123 | H18: =+D18/$N$3*$N$4 -> 19845941 | I18: =+H18/C18 -> 0.76271871 | J18: =+D18/$N$3 -> 793837.64 | K18: =+(C18-D18)/$N$2 -> 1411243.5 | L18: {=+_xlfn.IFS(I18>114%,H18*0.02,I18>109%,H18*0.015,I18>104%,H18*0.0125,I18>99%,H18*0.01,I18<99%,H18*0)} -> 0
B19: 21 - CATAN MATIAS | C19: 36200600 | D19: =IFERROR(+VLOOKUP(B19,COMISIONES!A:E,5,FALSE),"0")*1 -> 23569603 | E19: 21883676 | F19: =+D19-E19 -> 1685926.9 | G19: =+D19/C19 -> 0.65108322 | H19: =+D19/$N$3*$N$4 -> 39282672 | I19: =+H19/C19 -> 1.0851387 | J19: =+D19/$N$3 -> 1571306.9 | K19: =+(C19-D19)/$N$2 -> 1263099.7 | L19: {=+_xlfn.IFS(I19>114%,H19*0.02,I19>109%,H19*0.015,I19>104%,H19*0.0125,I19>99%,H19*0.01,I19<99%,H19*0)} -> 491033.4
B20: 23 - DELGADO JOSÉ | C20: 26622000 | D20: =IFERROR(+VLOOKUP(B20,COMISIONES!A:E,5,FALSE),"0")*1 -> 14248827 | E20: 13568788 | F20: =+D20-E20 -> 680038.97 | G20: =+D20/C20 -> 0.53522752 | H20: =+D20/$N$3*$N$4 -> 23748045 | I20: =+H20/C20 -> 0.89204587 | J20: =+D20/$N$3 -> 949921.8 | K20: =+(C20-D20)/$N$2 -> 1237317.3 | L20: {=+_xlfn.IFS(I20>114%,H20*0.02,I20>109%,H20*0.015,I20>104%,H20*0.0125,I20>99%,H20*0.01,I20<99%,H20*0)} -> 0
B21: 31 - RENZO RAMOS | C21: 33260000 | D21: =IFERROR(+VLOOKUP(B21,COMISIONES!A:E,5,FALSE),"0")*1 -> 15433479 | E21: 14802944 | F21: =+D21-E21 -> 630534.68 | G21: =+D21/C21 -> 0.46402522 | H21: =+D21/$N$3*$N$4 -> 25722465 | I21: =+H21/C21 -> 0.77337537 | J21: =+D21/$N$3 -> 1028898.6 | K21: =+(C21-D21)/$N$2 -> 1782652.1 | L21: {=+_xlfn.IFS(I21>114%,H21*0.02,I21>109%,H21*0.015,I21>104%,H21*0.0125,I21>99%,H21*0.01,I21<99%,H21*0)} -> 0
B22: 44 - MONGES CESAR LUIS | C22: 28620000 | D22: =IFERROR(+VLOOKUP(B22,COMISIONES!A:E,5,FALSE),"0")*1 -> 16682119 | E22: 15736299 | F22: =+D22-E22 -> 945820.33 | G22: =+D22/C22 -> 0.58288327 | H22: =+D22/$N$3*$N$4 -> 27803532 | I22: =+H22/C22 -> 0.97147211 | J22: =+D22/$N$3 -> 1112141.3 | K22: =+(C22-D22)/$N$2 -> 1193788.1 | L22: {=+_xlfn.IFS(I22>114%,H22*0.02,I22>109%,H22*0.015,I22>104%,H22*0.0125,I22>99%,H22*0.01,I22<99%,H22*0)} -> 0
B23: 54 - BARTSCHAT EMILIANO NAHUEL | C23: 38000000 | D23: =IFERROR(+VLOOKUP(B23,COMISIONES!A:E,5,FALSE),"0")*1 -> 26057029 | E23: 25426377 | F23: =+D23-E23 -> 630651.83 | G23: =+D23/C23 -> 0.68571129 | H23: =+D23/$N$3*$N$4 -> 43428382 | I23: =+H23/C23 -> 1.1428521 | J23: =+D23/$N$3 -> 1737135.3 | K23: =+(C23-D23)/$N$2 -> 1194297.1 | L23: {=+_xlfn.IFS(I23>114%,H23*0.02,I23>109%,H23*0.015,I23>104%,H23*0.0125,I23>99%,H23*0.01,I23<99%,H23*0)} -> 868567.63
C24: 242382600 | D24: =+SUM(D16:D23) -> 1.3501585e+08 | E24: 1.2643969e+08 | F24: =+D24-E24 -> 8576163.3 | G24: =+D24/C24 -> 0.55703607 | H24: =+D24/$N$3*$N$4 -> 2.2502642e+08 | I24: =+H24/C24 -> 0.92839345 | J24: =+D24/$N$3 -> 9001056.7 | K24: =+(C24-D24)/$N$2 -> 10736675
A25: GONZALO | B25: 32 - CABRAL GONZALO | C25: 86547956 | D25: =IFERROR(+VLOOKUP(B25,COMISIONES!A:E,5,FALSE),"0")*1 -> 33204549 | E25: 30074670 | F25: =+D25-E25 -> 3129879.3 | G25: =+D25/C25 -> 0.38365492 | H25: =+D25/$N$3*$N$4 -> 55340916 | I25: =+H25/C25 -> 0.63942487 | J25: =+D25/$N$3 -> 2213636.6 | K25: =+(C25-D25)/$N$2 -> 5334340.7 | L25: {=+_xlfn.IFS(I25>114%,H25*0.0125,I25>109%,H25*0.01,I25>104%,H25*0.0075,I25>99%,H25*0.005,I25<99%,H25*0)} -> 0
B26: 36 - COSARINSKI DIEGO | C26: 24010803 | D26: =IFERROR(+VLOOKUP(B26,COMISIONES!A:E,5,FALSE),"0")*1 -> 8521275.8 | E26: 8468506 | F26: =+D26-E26 -> 52769.751 | G26: =+D26/C26 -> 0.3548934 | H26: =+D26/$N$3*$N$4 -> 14202126 | I26: =+H26/C26 -> 0.59148901 | J26: =+D26/$N$3 -> 568085.05 | K26: =+(C26-D26)/$N$2 -> 1548952.8 | L26: {=+_xlfn.IFS(I26>114%,H26*0.02,I26>109%,H26*0.015,I26>104%,H26*0.0125,I26>99%,H26*0.01,I26<99%,H26*0)} -> 0
B27: 9 - ESTIGARRIBIA DAVID | C27: 26910856 | D27: =IFERROR(+VLOOKUP(B27,COMISIONES!A:E,5,FALSE),"0")*1 -> 13643333 | E27: 12565199 | F27: =+D27-E27 -> 1078134.1 | G27: =+D27/C27 -> 0.50698249 | H27: =+D27/$N$3*$N$4 -> 22738888 | I27: =+H27/C27 -> 0.84497082 | J27: =+D27/$N$3 -> 909555.54 | K27: =+(C27-D27)/$N$2 -> 1326752.3 | L27: {=+_xlfn.IFS(I27>114%,H27*0.02,I27>109%,H27*0.015,I27>104%,H27*0.0125,I27>99%,H27*0.01,I27<99%,H27*0)} -> 0
B28: 40 - IBARROLA JORGE | C28: 39189035 | D28: =IFERROR(+VLOOKUP(B28,COMISIONES!A:E,5,FALSE),"0")*1 -> 13977900 | E28: 13597035 | F28: =+D28-E28 -> 380865.83 | G28: =+D28/C28 -> 0.35667886 | H28: =+D28/$N$3*$N$4 -> 23296501 | I28: =+H28/C28 -> 0.59446477 | J28: =+D28/$N$3 -> 931860.03 | K28: =+(C28-D28)/$N$2 -> 2521113.5 | L28: {=+_xlfn.IFS(I28>114%,H28*0.02,I28>109%,H28*0.015,I28>104%,H28*0.0125,I28>99%,H28*0.01,I28<99%,H28*0)} -> 0
B29: 27 - GOMEZ ADRIÁN | C29: 26900000 | D29: =IFERROR(+VLOOKUP(B29,COMISIONES!A:E,5,FALSE),"0")*1 -> 17611618 | E29: 16339982 | F29: =+D29-E29 -> 1271635.9 | G29: =+D29/C29 -> 0.65470698 | H29: =+D29/$N$3*$N$4 -> 29352696 | I29: =+H29/C29 -> 1.0911783 | J29: =+D29/$N$3 -> 1174107.9 | K29: =+(C29-D29)/$N$2 -> 928838.22 | L29: {=+_xlfn.IFS(I29>114%,H29*0.02,I29>109%,H29*0.015,I29>104%,H29*0.0125,I29>99%,H29*0.01,I29<99%,H29*0)} -> 440290.45
B30: 10 - BRITEZ EMMANUEL | C30: 25830000 | D30: =IFERROR(+VLOOKUP(B30,COMISIONES!A:E,5,FALSE),"0")*1 -> 12863939 | E30: 12120550 | F30: =+D30-E30 -> 743389.57 | G30: =+D30/C30 -> 0.4980232 | H30: =+D30/$N$3*$N$4 -> 21439899 | I30: =+H30/C30 -> 0.83003867 | J30: =+D30/$N$3 -> 857595.96 | K30: =+(C30-D30)/$N$2 -> 1296606.1 | L30: {=+_xlfn.IFS(I30>114%,H30*0.02,I30>109%,H30*0.015,I30>104%,H30*0.0125,I30>99%,H30*0.01,I30<99%,H30*0)} -> 0
B31: 28 - GOMEZ PABLO | C31: 27702000 | D31: =IFERROR(+VLOOKUP(B31,COMISIONES!A:E,5,FALSE),"0")*1 -> 8994450.6 | E31: 7979618.5 | F31: =+D31-E31 -> 1014832.1 | G31: =+D31/C31 -> 0.32468596 | H31: =+D31/$N$3*$N$4 -> 14990751 | I31: =+H31/C31 -> 0.54114327 | J31: =+D31/$N$3 -> 599630.04 | K31: =+(C31-D31)/$N$2 -> 1870754.9 | L31: {=+_xlfn.IFS(I31>114%,H31*0.02,I31>109%,H31*0.015,I31>104%,H31*0.0125,I31>99%,H31*0.01,I31<99%,H31*0)} -> 0
B32: 33 - NICOLAS AZULA | C32: 24010803 | D32: =IFERROR(+VLOOKUP(B32,COMISIONES!A:E,5,FALSE),"0")*1 -> 8686686.9 | E32: 8052823.5 | F32: =+D32-E32 -> 633863.41 | G32: =+D32/C32 -> 0.36178244 | H32: =+D32/$N$3*$N$4 -> 14477812 | I32: =+H32/C32 -> 0.60297073 | J32: =+D32/$N$3 -> 579112.46 | K32: =+(C32-D32)/$N$2 -> 1532411.6 | L32: {=+_xlfn.IFS(I32>114%,H32*0.02,I32>109%,H32*0.015,I32>104%,H32*0.0125,I32>99%,H32*0.01,I32<99%,H32*0)} -> 0
B33: 37 - SALAJ EMILIO | C33: 25780148 | D33: =IFERROR(+VLOOKUP(B33,COMISIONES!A:E,5,FALSE),"0")*1 -> 6206206.6 | E33: 6144659.6 | F33: =+D33-E33 -> 61547.014 | G33: =+D33/C33 -> 0.24073588 | H33: =+D33/$N$3*$N$4 -> 10343678 | I33: =+H33/C33 -> 0.40122647 | J33: =+D33/$N$3 -> 413747.11 | K33: =+(C33-D33)/$N$2 -> 1957394.1 | L33: {=+_xlfn.IFS(I33>114%,H33*0.02,I33>109%,H33*0.015,I33>104%,H33*0.0125,I33>99%,H33*0.01,I33<99%,H33*0)} -> 0
B34: 24 - SOLIS EMMANUEL | C34: 26383192 | D34: =IFERROR(+VLOOKUP(B34,COMISIONES!A:E,5,FALSE),"0")*1 -> 9267183.7 | E34: 8594211.5 | F34: =+D34-E34 -> 672972.16 | G34: =+D34/C34 -> 0.35125332 | H34: =+D34/$N$3*$N$4 -> 15445306 | I34: =+H34/C34 -> 0.58542219 | J34: =+D34/$N$3 -> 617812.24 | K34: =+(C34-D34)/$N$2 -> 1711600.8 | L34: {=+_xlfn.IFS(I34>114%,H34*0.02,I34>109%,H34*0.015,I34>104%,H34*0.0125,I34>99%,H34*0.01,I34<99%,H34*0)} -> 0
B35: 7 - VALLEJOS EDUARDO | C35: 1.2506204e+08 | D35: =IFERROR(+VLOOKUP(B35,COMISIONES!A:E,5,FALSE),"0")*1 -> 48362192 | E35: 48362192 | F35: =+D35-E35 -> 0 | G35: =+D35/C35 -> 0.38670559 | H35: =+D35/$N$3*$N$4 -> 80603653 | I35: =+H35/C35 -> 0.64450932 | J35: =+D35/$N$3 -> 3224146.1 | K35: =+(C35-D35)/$N$2 -> 7669985.2 | L35: {=+_xlfn.IFS(I35>114%,H35*0.0125,I35>109%,H35*0.01,I35>104%,H35*0.0075,I35>99%,H35*0.005,I35<99%,H35*0)} -> 0
B36: 57 - FEDERRATH MARTIN | C36: 36592500 | D36: =IFERROR(+VLOOKUP(B36,COMISIONES!A:E,5,FALSE),"0")*1 -> 25668656 | E36: 25450183 | F36: =+D36-E36 -> 218473.18 | G36: =+D36/C36 -> 0.70147315 | H36: =+D36/$N$3*$N$4 -> 42781094 | I36: =+H36/C36 -> 1.1691219 | J36: =+D36/$N$3 -> 1711243.7 | K36: =+(C36-D36)/$N$2 -> 1092384.4 | L36: {=+_xlfn.IFS(I36>109%,H36*0.015,I36>104%,H36*0.0125,I36>99%,H36*0.01,I36<99%,H36*0)} -> 641716.4
B37: 1 - VERA ERNESTO | C37: 37270463 | D37: =IFERROR(+VLOOKUP(B37,COMISIONES!A:E,5,FALSE),"0")*1 -> 16929650 | E37: 15657547 | F37: =+D37-E37 -> 1272102.2 | G37: =+D37/C37 -> 0.4542377 | H37: =+D37/$N$3*$N$4 -> 28216083 | I37: =+H37/C37 -> 0.75706283 | J37: =+D37/$N$3 -> 1128643.3 | K37: =+(C37-D37)/$N$2 -> 2034081.4 | L37: {=+_xlfn.IFS(I37>114%,H37*0.02,I37>109%,H37*0.015,I37>104%,H37*0.0125,I37>99%,H37*0.01,I37<99%,H37*0)} -> 0
C38: 532189801 | D38: =+SUM(D25:D37) -> 2.2393764e+08 | E38: 2.1340718e+08 | F38: =+D38-E38 -> 10530464 | G38: =+D38/C38 -> 0.42078529 | H38: =+D38/$N$3*$N$4 -> 3.732294e+08 | I38: =+H38/C38 -> 0.70130882 | J38: =+D38/$N$3 -> 14929176 | K38: =+(C38-D38)/$N$2 -> 30825216
A39: MAXI | B39: 58 - BLADIMIR LEZCANO | C39: 35000000 | D39: =IFERROR(+VLOOKUP(B39,COMISIONES!A:E,5,FALSE),"0")*1 -> 11291407 | E39: 11323950 | F39: =+D39-E39 -> -32543.146 | G39: =+D39/C39 -> 0.32261163 | H39: =+D39/$N$3*$N$4 -> 18819012 | I39: =+H39/C39 -> 0.53768606 | J39: =+D39/$N$3 -> 752760.48 | K39: =+(C39-D39)/$N$2 -> 2370859.3 | L39: {=+_xlfn.IFS(I39>114%,H39*0.02,I39>109%,H39*0.015,I39>104%,H39*0.0125,I39>99%,H39*0.01,I39<99%,H39*0)} -> 0
B40: 59 - LEIVA SILVIO | C40: 30000000 | D40: =IFERROR(+VLOOKUP(B40,COMISIONES!A:E,5,FALSE),"0")*1 -> 6966504.5 | E40: 7044991.8 | F40: =+D40-E40 -> -78487.321 | G40: =+D40/C40 -> 0.23221682 | H40: =+D40/$N$3*$N$4 -> 11610841 | I40: =+H40/C40 -> 0.38702803 | J40: =+D40/$N$3 -> 464433.63 | K40: =+(C40-D40)/$N$2 -> 2303349.5 | L40: {=+_xlfn.IFS(I40>114%,H40*0.02,I40>109%,H40*0.015,I40>104%,H40*0.0125,I40>99%,H40*0.01,I40<99%,H40*0)} -> 0
B41: 49 - ESCOBAR RAÚL | C41: 32421675 | D41: =IFERROR(+VLOOKUP(B41,COMISIONES!A:E,5,FALSE),"0")*1 -> 26562231 | E41: 26613958 | F41: =+D41-E41 -> -51727.52 | G41: =+D41/C41 -> 0.81927386 | H41: =+D41/$N$3*$N$4 -> 44270384 | I41: =+H41/C41 -> 1.3654564 | J41: =+D41/$N$3 -> 1770815.4 | K41: =+(C41-D41)/$N$2 -> 585944.43 | L41: {=+_xlfn.IFS(I41>114%,H41*0.02,I41>109%,H41*0.015,I41>104%,H41*0.0125,I41>99%,H41*0.01,I41<99%,H41*0)} -> 885407.69
B42: 56 - JUAN ANDRES SANCHEZ | C42: 56524908 | D42: =IFERROR(+VLOOKUP(B42,COMISIONES!A:E,5,FALSE),"0")*1 -> 49975662 | E42: 41289707 | F42: =+D42-E42 -> 8685955.5 | G42: =+D42/C42 -> 0.88413522 | H42: =+D42/$N$3*$N$4 -> 83292770 | I42: =+H42/C42 -> 1.4735587 | J42: =+D42/$N$3 -> 3331710.8 | K42: =+(C42-D42)/$N$2 -> 654924.59 | L42: {=+_xlfn.IFS(I42>114%,H42*0.02,I42>109%,H42*0.015,I42>104%,H42*0.0125,I42>99%,H42*0.01,I42<99%,H42*0)} -> 1665855.4
B43: 26 - PUJOL ERNESTO | C43: 100000000 | D43: =IFERROR(+VLOOKUP(B43,COMISIONES!A:E,5,FALSE),"0")*1 -> 68703430 | E43: 68753692 | F43: =+D43-E43 -> -50262.26 | G43: =+D43/C43 -> 0.6870343 | H43: =+D43/$N$3*$N$4 -> 1.1450572e+08 | I43: =+H43/C43 -> 1.1450572 | J43: =+D43/$N$3 -> 4580228.7 | K43: =+(C43-D43)/$N$2 -> 3129657 | L43: {=+_xlfn.IFS(I43>114%,H43*0.02,I43>109%,H43*0.015,I43>104%,H43*0.0125,I43>99%,H43*0.01,I43<99%,H43*0)} -> 2290114.3
B44: 25 - KALATAKI GUSTAVO | C44: 100000000 | D44: =IFERROR(+VLOOKUP(B44,COMISIONES!A:E,5,FALSE),"0")*1 -> 42416347 | E44: 42431020 | F44: =+D44-E44 -> -14672.42 | G44: =+D44/C44 -> 0.42416347 | H44: =+D44/$N$3*$N$4 -> 70693912 | I44: =+H44/C44 -> 0.70693912 | J44: =+D44/$N$3 -> 2827756.5 | K44: =+(C44-D44)/$N$2 -> 5758365.3 | L44: {=+_xlfn.IFS(I44>114%,H44*0.02,I44>109%,H44*0.015,I44>104%,H44*0.0125,I44>99%,H44*0.01,I44<99%,H44*0)} -> 0
B45: 60 - SILVA ADRIAN | C45: 25000000 | D45: =IFERROR(+VLOOKUP(B45,COMISIONES!A:E,5,FALSE),"0")*1 -> 22187926 | E45: 14384065 | F45: =+D45-E45 -> 7803860.8 | G45: =+D45/C45 -> 0.88751704 | H45: =+D45/$N$3*$N$4 -> 36979877 | I45: =+H45/C45 -> 1.4791951 | J45: =+D45/$N$3 -> 1479195.1 | K45: =+(C45-D45)/$N$2 -> 281207.41 | L45: {=+_xlfn.IFS(I45>114%,H45*0.02,I45>109%,H45*0.015,I45>104%,H45*0.0125,I45>99%,H45*0.01,I45<99%,H45*0)} -> 739597.53
B46: 43 - COLHER DIEGO | C46: 100000000 | D46: =IFERROR(+VLOOKUP(B46,COMISIONES!A:E,5,FALSE),"0")*1 -> 18558360 | E46: 18558360 | F46: =+D46-E46 -> 0 | G46: =+D46/C46 -> 0.1855836 | H46: =+D46/$N$3*$N$4 -> 30930599 | I46: =+H46/C46 -> 0.30930599 | J46: =+D46/$N$3 -> 1237224 | K46: =+(C46-D46)/$N$2 -> 8144164 | L46: {=+_xlfn.IFS(I46>114%,H46*0.02,I46>109%,H46*0.015,I46>104%,H46*0.0125,I46>99%,H46*0.01,I46<99%,H46*0)} -> 0
C47: 478946583 | D47: =SUM(D39:D46) -> 2.4666187e+08 | E47: 2.3039974e+08 | F47: =+SUM(F39:F46) -> 16262124 | G47: =+D47/C47 -> 0.51500914 | H47: =+D47/$N$3*$N$4 -> 4.1110311e+08 | I47: =+H47/C47 -> 0.85834857 | J47: =+D47/$N$3 -> 16444125 | K47: =+(C47-D47)/$N$2 -> 23228472
A48: GENERAL | C48: 1850055247 | D48: =+D38+D24+D10+D15+D47 -> 9.4489781e+08 | E48: 8.70648e+08 | F48: =+D48-E48 -> 74249808 | G48: =+D48/C48 -> 0.51074032 | H48: =+D48/$N$3*$N$4 -> 1.5748297e+09 | I48: =+H48/C48 -> 0.85123387 | J48: =+D48/$N$3 -> 62993187 | K48: =+(C48-D48)/$N$2 -> 90515744

Sheet COBERTURA
A1: SUPERVISOR | C1: VENDEDOR | D1: COBERTURA TOTAL | E1: DIA ANTERIOR | F1: INCREMENTO DIARIO | G1: CARTERA TOTAL | H1: CCC | I1: CCC FALTANTE 85% | P1: Cod vdor | R1: Cobertura x Un de negocio
A2: MARTIN (SUPERVISOR) | B2: 22 | C2: =+AVANCE!B11 -> 22 - ALMIRON NICOLAS | D2: =H2/G2 -> 0.73417722 | E2: 33 | F2: =+H2-E2 -> 25 | G2: =VLOOKUP(B2,'Base Cobertura'!$A:$C,3,FALSE) -> 79 | H2: =VLOOKUP(B2,'Base Cobertura'!$A:$C,2,FALSE) -> 58 | I2: =(+G2*$M$2)-H2 -> 9.15 | J2: bien | K2: bien | L2: OBJETIVO | M2: 0.85 | P2: 25 | Q2: =VLOOKUP(P2,$B:$C,2,FALSE) -> 25 - KALATAKI GUSTAVO | R2: =VLOOKUP(P2,$B:$C,2,FALSE) -> 25 - KALATAKI GUSTAVO | S2: CCC | T2: CARTERA TOTAL | U2: % ALCANZADO
B3: 20 | C3: =+AVANCE!B2 -> 20 - FLORES JAVIER | D3: =H3/G3 -> 0.8558952 | E3: 126 | F3: =+H3-E3 -> 70 | G3: =VLOOKUP(B3,'Base Cobertura'!$A:$C,3,FALSE) -> 229 | H3: =VLOOKUP(B3,'Base Cobertura'!$A:$C,2,FALSE) -> 196 | I3: =(+G3*$M$2)-H3 -> -1.35 | J3: mal | K3: chaca | P3: {=+_xlfn._xlws.FILTER('Base Cobertura'!E:I,'Base Cobertura'!E:E=COBERTURA!P2)} -> 25 | Q3: 25 | R3: 135 - ALMACEN | S3: 32 | T3: 174 | U3: =+S3/T3 -> 0.18390805
B4: 15 | C4: =+AVANCE!B12 -> 15 - GALARZA GERARDO | D4: =H4/G4 -> 0.64615385 | E4: 21 | F4: =+H4-E4 -> 21 | G4: =VLOOKUP(B4,'Base Cobertura'!$A:$C,3,FALSE) -> 65 | H4: =VLOOKUP(B4,'Base Cobertura'!$A:$C,2,FALSE) -> 42 | I4: =(+G4*$M$2)-H4 -> 13.25 | J4: re bien | K4: muy bien | P4: 25 | Q4: 0 | R4: 135 - Articulos Sin Asociar Agrupacion | S4: 15 | T4: 174 | U4: =+S4/T4 -> 0.086206897
B5: 19 | C5: =+AVANCE!B3 -> 19 - GONZALEZ MARCELO | D5: =H5/G5 -> 0.84210526 | E5: 100 | F5: =+H5-E5 -> 76 | G5: =VLOOKUP(B5,'Base Cobertura'!$A:$C,3,FALSE) -> 209 | H5: =VLOOKUP(B5,'Base Cobertura'!$A:$C,2,FALSE) -> 176 | I5: =(+G5*$M$2)-H5 -> 1.65 | K5: muy bien | P5: 25 | Q5: 0 | R5: 135 - BEBIDAS | S5: 35 | T5: 174 | U5: =+S5/T5 -> 0.20114943
B6: 16 | C6: =+AVANCE!B4 -> 16 - GOMEZ MATÍAS | D6: =H6/G6 -> 0.635 | E6: 81 | F6: =+H6-E6 -> 46 | G6: =VLOOKUP(B6,'Base Cobertura'!$A:$C,3,FALSE) -> 200 | H6: =VLOOKUP(B6,'Base Cobertura'!$A:$C,2,FALSE) -> 127 | I6: =(+G6*$M$2)-H6 -> 43 | J6: apretarlo | K6: apretarlo | P6: 25 | Q6: 0 | R6: 135 - CHOCOLATE | S6: 33 | T6: 174 | U6: =+S6/T6 -> 0.18965517
B7: 12 | C7: =+AVANCE!B5 -> 12 - GUTIERREZ MARCOS DAVID | D7: =H7/G7 -> 0.80751174 | E7: 89 | F7: =+H7-E7 -> 83 | G7: =VLOOKUP(B7,'Base Cobertura'!$A:$C,3,FALSE) -> 213 | H7: =VLOOKUP(B7,'Base Cobertura'!$A:$C,2,FALSE) -> 172 | I7: =(+G7*$M$2)-H7 -> 9.05 | J7: apretarlo | K7: apretarlo | P7: 25 | Q7: 0 | R7: 135 - GALLETITAS | S7: 45 | T7: 174 | U7: =+S7/T7 -> 0.25862069
B8: 11 | C8: =+AVANCE!B6 -> 11 - SANCHEZ RICARDO | D8: =H8/G8 -> 0.71428571 | E8: 92 | F8: =+H8-E8 -> 28 | G8: =VLOOKUP(B8,'Base Cobertura'!$A:$C,3,FALSE) -> 168 | H8: =VLOOKUP(B8,'Base Cobertura'!$A:$C,2,FALSE) -> 120 | I8: =(+G8*$M$2)-H8 -> 22.8 | J8: bien | K8: apretarlo | P8: 25 | Q8: 0 | R8: 135 - GOLOSINAS | S8: 42 | T8: 174 | U8: =+S8/T8 -> 0.24137931
B9: 8 | C9: =+AVANCE!B7 -> 8 - PARRA MAXIMILIANO | D9: =H9/G9 -> 0.69651741 | E9: 64 | F9: =+H9-E9 -> 76 | G9: =VLOOKUP(B9,'Base Cobertura'!$A:$C,3,FALSE) -> 201 | H9: =VLOOKUP(B9,'Base Cobertura'!$A:$C,2,FALSE) -> 140 | I9: =(+G9*$M$2)-H9 -> 30.85 | J9: bien | K9: apretarlo con ema | P9: 25 | Q9: 0 | R9: 135 - MASCOTAS | S9: 40 | T9: 174 | U9: =+S9/T9 -> 0.22988506
B10: 52 | C10: =+AVANCE!B13 -> 52 - RAVAROTTO EMANUEL | D10: =H10/G10 -> 0.45283019 | E10: 19 | F10: =+H10-E10 -> 29 | G10: =VLOOKUP(B10,'Base Cobertura'!$A:$C,3,FALSE) -> 106 | H10: =VLOOKUP(B10,'Base Cobertura'!$A:$C,2,FALSE) -> 48 | I10: =(+G10*$M$2)-H10 -> 42.1 | J10: apretarlo | K10: apretarlo | P10: 25 | Q10: 0 | R10: 135 - NO PERECEDEROS | S10: 24 | T10: 174 | U10: =+S10/T10 -> 0.13793103
B11: 53 | C11: =+AVANCE!B14 -> 53 - SANDOVAL RODRIGO | D11: =H11/G11 -> 0.4 | E11: 24 | F11: =+H11-E11 -> 18 | G11: =VLOOKUP(B11,'Base Cobertura'!$A:$C,3,FALSE) -> 105 | H11: =VLOOKUP(B11,'Base Cobertura'!$A:$C,2,FALSE) -> 42 | I11: =(+G11*$M$2)-H11 -> 47.25 | J11: verlo | P11: 25 | Q11: 0 | R11: 135 - PILAS | S11: 16 | T11: 174 | U11: =+S11/T11 -> 0.091954023
B12: 5 | C12: =+AVANCE!B8 -> 5 - SCHELOVER RAUL | D12: =H12/G12 -> 0.75378788 | E12: 144 | F12: =+H12-E12 -> 55 | G12: =VLOOKUP(B12,'Base Cobertura'!$A:$C,3,FALSE) -> 264 | H12: =VLOOKUP(B12,'Base Cobertura'!$A:$C,2,FALSE) -> 199 | I12: =(+G12*$M$2)-H12 -> 25.4 | J12: verlo
B13: 4 | C13: =+AVANCE!B9 -> 4 - TUR SPRINGER FERNANDO | D13: =H13/G13 -> 0.68131868 | E13: 85 | F13: =+H13-E13 -> 39 | G13: =VLOOKUP(B13,'Base Cobertura'!$A:$C,3,FALSE) -> 182 | H13: =VLOOKUP(B13,'Base Cobertura'!$A:$C,2,FALSE) -> 124 | I13: =(+G13*$M$2)-H13 -> 30.7 | J13: re bien | K13: muy bien
F14: =+SUM(F1:F13) -> 566 | G14: =+SUM(G1:G13) -> 2021 | H14: =+SUM(H1:H13) -> 1444 | J14: bien | K14: muy bien
A15: CRISTIAN (SUPERVISOR) | B15: 31 | C15: =+AVANCE!B21 -> 31 - RENZO RAMOS | D15: =H15/G15 -> 0.70588235 | E15: 90 | F15: =+H15-E15 -> 30 | G15: =VLOOKUP(B15,'Base Cobertura'!$A:$C,3,FALSE) -> 170 | H15: =VLOOKUP(B15,'Base Cobertura'!$A:$C,2,FALSE) -> 120 | I15: =(+G15*$M$2)-H15 -> 24.5 | J15: bien | K15: bien
B16: 54 | C16: =+AVANCE!B23 -> 54 - BARTSCHAT EMILIANO NAHUEL | D16: =H16/G16 -> 0.67317073 | E16: 92 | F16: =+H16-E16 -> 46 | G16: =VLOOKUP(B16,'Base Cobertura'!$A:$C,3,FALSE) -> 205 | H16: =VLOOKUP(B16,'Base Cobertura'!$A:$C,2,FALSE) -> 138 | I16: =(+G16*$M$2)-H16 -> 36.25 | J16: bien | K16: chaca
B17: 21 | C17: =+AVANCE!B19 -> 21 - CATAN MATIAS | D17: =H17/G17 -> 0.78313253 | E17: 88 | F17: =+H17-E17 -> 42 | G17: =VLOOKUP(B17,'Base Cobertura'!$A:$C,3,FALSE) -> 166 | H17: =VLOOKUP(B17,'Base Cobertura'!$A:$C,2,FALSE) -> 130 | I17: =(+G17*$M$2)-H17 -> 11.1 | J17: apretarlo | K17: bien
B18: 23 | C18: =+AVANCE!B20 -> 23 - DELGADO JOSÉ | D18: =H18/G18 -> 0.75316456 | E18: 95 | F18: =+H18-E18 -> 24 | G18: =VLOOKUP(B18,'Base Cobertura'!$A:$C,3,FALSE) -> 158 | H18: =VLOOKUP(B18,'Base Cobertura'!$A:$C,2,FALSE) -> 119 | I18: =(+G18*$M$2)-H18 -> 15.3 | J18: apretarlo | K18: muy bien
B19: 18 | C19: =+AVANCE!B18 -> 18 - HERRERA PABLO | D19: =H19/G19 -> 0.70879121 | E19: 83 | F19: =+H19-E19 -> 46 | G19: =VLOOKUP(B19,'Base Cobertura'!$A:$C,3,FALSE) -> 182 | H19: =VLOOKUP(B19,'Base Cobertura'!$A:$C,2,FALSE) -> 129 | I19: =(+G19*$M$2)-H19 -> 25.7 | J19: bien | K19: bien
B20: 44 | C20: =+AVANCE!B22 -> 44 - MONGES CESAR LUIS | D20: =H20/G20 -> 0.73255814 | E20: 64 | F20: =+H20-E20 -> 62 | G20: =VLOOKUP(B20,'Base Cobertura'!$A:$C,3,FALSE) -> 172 | H20: =VLOOKUP(B20,'Base Cobertura'!$A:$C,2,FALSE) -> 126 | I20: =(+G20*$M$2)-H20 -> 20.2 | J20: apretarlo | K20: muy bien
B21: 2 | C21: =+AVANCE!B16 -> 2 - OJEDA NORBERTO | D21: =H21/G21 -> 0.70491803 | E21: 70 | F21: =+H21-E21 -> 16 | G21: =VLOOKUP(B21,'Base Cobertura'!$A:$C,3,FALSE) -> 122 | H21: =VLOOKUP(B21,'Base Cobertura'!$A:$C,2,FALSE) -> 86 | I21: =(+G21*$M$2)-H21 -> 17.7 | J21: apretarlo | K21: apretar
B22: 3 | C22: =+AVANCE!B17 -> 3 - VIDAL NAHUEL | D22: =H22/G22 -> 0.76162791 | E22: 79 | F22: =+H22-E22 -> 52 | G22: =VLOOKUP(B22,'Base Cobertura'!$A:$C,3,FALSE) -> 172 | H22: =VLOOKUP(B22,'Base Cobertura'!$A:$C,2,FALSE) -> 131 | I22: =(+G22*$M$2)-H22 -> 15.2 | J22: abrazo | K22: muy bien
F23: =+SUM(F15:F22) -> 318 | G23: =+SUM(G15:G22) -> 1347 | H23: =+SUM(H15:H22) -> 979
A24: GONZALO (SUPERVISOR) | B24: 32 | C24: =+AVANCE!B25 -> 32 - CABRAL GONZALO | D24: =H24/G24 -> 0.63793103 | E24: 20 | F24: =+H24-E24 -> 17 | G24: =VLOOKUP(B24,'Base Cobertura'!$A:$C,3,FALSE) -> 58 | H24: =VLOOKUP(B24,'Base Cobertura'!$A:$C,2,FALSE) -> 37 | I24: =(+G24*$M$2)-H24 -> 12.3 | J24: bien | K24: apretar
B25: 36 | C25: =+AVANCE!B26 -> 36 - COSARINSKI DIEGO | D25: =H25/G25 -> 0.6625 | E25: 68 | F25: =+H25-E25 -> 38 | G25: =VLOOKUP(B25,'Base Cobertura'!$A:$C,3,FALSE) -> 160 | H25: =VLOOKUP(B25,'Base Cobertura'!$A:$C,2,FALSE) -> 106 | I25: =(+G25*$M$2)-H25 -> 30 | J25: apretarlo | K25: apretar
B26: 9 | C26: =+AVANCE!B27 -> 9 - ESTIGARRIBIA DAVID | D26: =H26/G26 -> 0.83892617 | E26: 80 | F26: =+H26-E26 -> 45 | G26: =VLOOKUP(B26,'Base Cobertura'!$A:$C,3,FALSE) -> 149 | H26: =VLOOKUP(B26,'Base Cobertura'!$A:$C,2,FALSE) -> 125 | I26: =(+G26*$M$2)-H26 -> 1.65 | J26: apretarlo | K26: bien
B27: 40 | C27: =+AVANCE!B28 -> 40 - IBARROLA JORGE | D27: =H27/G27 -> 0.51769912 | E27: 68 | F27: =+H27-E27 -> 49 | G27: =VLOOKUP(B27,'Base Cobertura'!$A:$C,3,FALSE) -> 226 | H27: =VLOOKUP(B27,'Base Cobertura'!$A:$C,2,FALSE) -> 117 | I27: =(+G27*$M$2)-H27 -> 75.1 | J27: apretarlo | K27: apretar
B28: 27 | C28: =+AVANCE!B29 -> 27 - GOMEZ ADRIÁN | D28: =H28/G28 -> 0.87022901 | E28: 73 | F28: =+H28-E28 -> 41 | G28: =VLOOKUP(B28,'Base Cobertura'!$A:$C,3,FALSE) -> 131 | H28: =VLOOKUP(B28,'Base Cobertura'!$A:$C,2,FALSE) -> 114 | I28: =(+G28*$M$2)-H28 -> -2.65 | J28: bien | K28: apretar
B29: 10 | C29: =+AVANCE!B30 -> 10 - BRITEZ EMMANUEL | D29: =H29/G29 -> 0.68862275 | E29: 40 | F29: =+H29-E29 -> 75 | G29: =VLOOKUP(B29,'Base Cobertura'!$A:$C,3,FALSE) -> 167 | H29: =VLOOKUP(B29,'Base Cobertura'!$A:$C,2,FALSE) -> 115 | I29: =(+G29*$M$2)-H29 -> 26.95 | J29: apretarlo | K29: apretar
B30: 28 | C30: =+AVANCE!B31 -> 28 - GOMEZ PABLO | D30: =H30/G30 -> 0.65294118 | E30: 67 | F30: =+H30-E30 -> 44 | G30: =VLOOKUP(B30,'Base Cobertura'!$A:$C,3,FALSE) -> 170 | H30: =VLOOKUP(B30,'Base Cobertura'!$A:$C,2,FALSE) -> 111 | I30: =(+G30*$M$2)-H30 -> 33.5 | J30: apretarlo | K30: apretar
B31: 33 | C31: =+AVANCE!B32 -> 33 - NICOLAS AZULA | D31: =H31/G31 -> 0.72941176 | E31: 66 | F31: =+H31-E31 -> 58 | G31: =VLOOKUP(B31,'Base Cobertura'!$A:$C,3,FALSE) -> 170 | H31: =VLOOKUP(B31,'Base Cobertura'!$A:$C,2,FALSE) -> 124 | I31: =(+G31*$M$2)-H31 -> 20.5 | J31: apretarlo | K31: apretar
B32: 37 | C32: =+AVANCE!B33 -> 37 - SALAJ EMILIO | D32: =H32/G32 -> 0.48979592 | E32: 82 | F32: =+H32-E32 -> -10 | G32: =VLOOKUP(B32,'Base Cobertura'!$A:$C,3,FALSE) -> 147 | H32: =VLOOKUP(B32,'Base Cobertura'!$A:$C,2,FALSE) -> 72 | I32: =(+G32*$M$2)-H32 -> 52.95 | J32: bien | K32: apretar
B33: 24 | C33: =+AVANCE!B34 -> 24 - SOLIS EMMANUEL | D33: =H33/G33 -> 0.58235294 | E33: 81 | F33: =+H33-E33 -> 18 | G33: =VLOOKUP(B33,'Base Cobertura'!$A:$C,3,FALSE) -> 170 | H33: =VLOOKUP(B33,'Base Cobertura'!$A:$C,2,FALSE) -> 99 | I33: =(+G33*$M$2)-H33 -> 45.5 | J33: apretarlo | K33: apretar
B34: 7 | C34: =+AVANCE!B35 -> 7 - VALLEJOS EDUARDO | D34: =H34/G34 -> 0.094017094 | E34: 0 | F34: =+H34-E34 -> 11 | G34: =VLOOKUP(B34,'Base Cobertura'!$A:$C,3,FALSE) -> 117 | H34: =VLOOKUP(B34,'Base Cobertura'!$A:$C,2,FALSE) -> 11 | I34: =(+G34*$M$2)-H34 -> 88.45 | J34: apretarlo
B35: 57 | C35: =+AVANCE!B36 -> 57 - FEDERRATH MARTIN | D35: =H35/G35 -> 0.62264151 | E35: 17 | F35: =+H35-E35 -> 49 | G35: =VLOOKUP(B35,'Base Cobertura'!$A:$C,3,FALSE) -> 106 | H35: =VLOOKUP(B35,'Base Cobertura'!$A:$C,2,FALSE) -> 66 | I35: =(+G35*$M$2)-H35 -> 24.1 | J35: verlo
B36: 1 | C36: =+AVANCE!B37 -> 1 - VERA ERNESTO | D36: =H36/G36 -> 0.83478261 | E36: 60 | F36: =+H36-E36 -> 36 | G36: =VLOOKUP(B36,'Base Cobertura'!$A:$C,3,FALSE) -> 115 | H36: =VLOOKUP(B36,'Base Cobertura'!$A:$C,2,FALSE) -> 96 | I36: =(+G36*$M$2)-H36 -> 1.75 | J36: bien | K36: bien
F37: =+SUM(F24:F36) -> 471 | G37: =+SUM(G24:G36) -> 1886 | H37: =+SUM(H24:H36) -> 1193
A38: MAXI (SUPERVISOR) | B38: 58 | C38: =+AVANCE!B39 -> 58 - BLADIMIR LEZCANO | D38: =H38/G38 -> 0.3253012 | E38: 60 | F38: =+H38-E38 -> -33 | G38: =VLOOKUP(B38,'Base Cobertura'!$A:$C,3,FALSE) -> 83 | H38: =VLOOKUP(B38,'Base Cobertura'!$A:$C,2,FALSE) -> 27 | I38: =(+G38*$M$2)-H38 -> 43.55
B39: 59 | C39: =+AVANCE!B40 -> 59 - LEIVA SILVIO | D39: =H39/G39 -> 0.33070866 | E39: 60 | F39: =+H39-E39 -> -18 | G39: =VLOOKUP(B39,'Base Cobertura'!$A:$C,3,FALSE) -> 127 | H39: =VLOOKUP(B39,'Base Cobertura'!$A:$C,2,FALSE) -> 42 | I39: =(+G39*$M$2)-H39 -> 65.95
B40: 49 | C40: =+AVANCE!B41 -> 49 - ESCOBAR RAÚL | D40: =H40/G40 -> 0.38617886 | E40: 60 | F40: =+H40-E40 -> 35 | G40: =VLOOKUP(B40,'Base Cobertura'!$A:$C,3,FALSE) -> 246 | H40: =VLOOKUP(B40,'Base Cobertura'!$A:$C,2,FALSE) -> 95 | I40: =(+G40*$M$2)-H40 -> 114.1
B41: 56 | C41: =+AVANCE!B42 -> 56 - JUAN ANDRES SANCHEZ | D41: =H41/G41 -> 0.32 | E41: 60 | F41: =+H41-E41 -> 4 | G41: =VLOOKUP(B41,'Base Cobertura'!$A:$C,3,FALSE) -> 200 | H41: =VLOOKUP(B41,'Base Cobertura'!$A:$C,2,FALSE) -> 64 | I41: =(+G41*$M$2)-H41 -> 106
B42: 26 | C42: =+AVANCE!B43 -> 26 - PUJOL ERNESTO | D42: =H42/G42 -> 0.43930636 | E42: 60 | F42: =+H42-E42 -> 16 | G42: =VLOOKUP(B42,'Base Cobertura'!$A:$C,3,FALSE) -> 173 | H42: =VLOOKUP(B42,'Base Cobertura'!$A:$C,2,FALSE) -> 76 | I42: =(+G42*$M$2)-H42 -> 71.05
B43: 25 | C43: =+AVANCE!B44 -> 25 - KALATAKI GUSTAVO | D43: =H43/G43 -> 0.39655172 | E43: 60 | F43: =+H43-E43 -> 9 | G43: =VLOOKUP(B43,'Base Cobertura'!$A:$C,3,FALSE) -> 174 | H43: =VLOOKUP(B43,'Base Cobertura'!$A:$C,2,FALSE) -> 69 | I43: =(+G43*$M$2)-H43 -> 78.9
B44: 60 | C44: =+AVANCE!B45 -> 60 - SILVA ADRIAN | D44: =H44/G44 -> 0.425 | E44: 61 | F44: =+H44-E44 -> -27 | G44: =VLOOKUP(B44,'Base Cobertura'!$A:$C,3,FALSE) -> 80 | H44: =VLOOKUP(B44,'Base Cobertura'!$A:$C,2,FALSE) -> 34 | I44: =(+G44*$M$2)-H44 -> 34
B45: 43 | C45: =+AVANCE!B46 -> 43 - COLHER DIEGO | D45: =H45/G45 -> 0.15053763 | E45: 60 | F45: =+H45-E45 -> -46 | G45: =VLOOKUP(B45,'Base Cobertura'!$A:$C,3,FALSE) -> 93 | H45: =VLOOKUP(B45,'Base Cobertura'!$A:$C,2,FALSE) -> 14 | I45: =(+G45*$M$2)-H45 -> 65.05
G46: =+SUM(G32:G45) -> 3717 | H46: =+SUM(H32:H45) -> 1958 | L46: TOTAL CANALES
A47: LOPEZ ENZO | F47: =+SUM(F37+F23+#REF!) -> #REF! | G47: =+G46+G23+G37+G14 -> 8971 | H47: =+H46+H23+H37+H14 -> 5574 | L47: =+H47/G47 -> 0.62133541

Sheet Cantidad Sku
B1: Cantidad skus
A2: Supervisor Cristian | E2: Vendedores Mayoristas | G2: Cantidad skus
A3: Cod vdor | C3: Cantidad skus | E3: 15 | F3: GALARZA GERARDO | G3: =SUMIFS('Base SKU'!$AM:$AM,'Base SKU'!$E:$E,E3,'Base SKU'!$AM:$AM,1) -> 307
A4: 2 | B4: OJEDA NORBERTO | C4: =SUMIFS('Base SKU'!$AM:$AM,'Base SKU'!$E:$E,A4,'Base SKU'!$AM:$AM,1) -> 264 | E4: 7 | F4: VALLEJOS EDUARDO | G4: 128
A5: 3 | B5: VIDAL NAHUEL | C5: =SUMIFS('Base SKU'!$AM:$AM,'Base SKU'!$E:$E,A5,'Base SKU'!$AM:$AM,1) -> 325
A6: 18 | B6: HERRERA PABLO | C6: =SUMIFS('Base SKU'!$AM:$AM,'Base SKU'!$E:$E,A6,'Base SKU'!$AM:$AM,1) -> 302
A7: 21 | B7: CATAN MATIAS | C7: =SUMIFS('Base SKU'!$AM:$AM,'Base SKU'!$E:$E,A7,'Base SKU'!$AM:$AM,1) -> 312
A8: 23 | B8: DELGADO JOSÉ | C8: =SUMIFS('Base SKU'!$AM:$AM,'Base SKU'!$E:$E,A8,'Base SKU'!$AM:$AM,1) -> 322 | E8: Vendedores Supermercados | G8: Cantidad skus
A9: 31 | B9: RENZO RAMOS | C9: =SUMIFS('Base SKU'!$AM:$AM,'Base SKU'!$E:$E,A9,'Base SKU'!$AM:$AM,1) -> 300 | E9: 22 | F9: ALMIRON NICOLAS | G9: =SUMIFS('Base SKU'!$AM:$AM,'Base SKU'!$E:$E,E9,'Base SKU'!$AM:$AM,1) -> 394
A10: 44 | B10: MONGES CESAR LUIS | C10: =SUMIFS('Base SKU'!$AM:$AM,'Base SKU'!$E:$E,A10,'Base SKU'!$AM:$AM,1) -> 305 | E10: 32 | F10: CABRAL GONZALO | G10: =SUMIFS('Base SKU'!$AM:$AM,'Base SKU'!$E:$E,E10,'Base SKU'!$AM:$AM,1) -> 234
A11: 54 | B11: BARTSCHAT EMILIANO NAHUEL | C11: =SUMIFS('Base SKU'!$AM:$AM,'Base SKU'!$E:$E,A11,'Base SKU'!$AM:$AM,1) -> 361
A12: Totales | E12: Supervisior Maxi | G12: Cantidad skus
A13: Supervisor Martin | C13: Cantidad skus | E13: 58 | F13: BLADIMIR LEZCANO | G13: =SUMIFS('Base SKU'!$AM:$AM,'Base SKU'!$E:$E,E13,'Base SKU'!$AM:$AM,1) -> 212
A14: 4 | B14: TUR SPRINGER FERNANDO | C14: =SUMIFS('Base SKU'!$AM:$AM,'Base SKU'!$E:$E,A14,'Base SKU'!$AM:$AM,1) -> 313 | E14: 59 | F14: LEIVA SILVIO | G14: =SUMIFS('Base SKU'!$AM:$AM,'Base SKU'!$E:$E,E14,'Base SKU'!$AM:$AM,1) -> 160
A15: 5 | B15: SCHELOVER RAUL | C15: =SUMIFS('Base SKU'!$AM:$AM,'Base SKU'!$E:$E,A15,'Base SKU'!$AM:$AM,1) -> 357 | E15: 60 | F15: SILVA ADRIAN | G15: =SUMIFS('Base SKU'!$AM:$AM,'Base SKU'!$E:$E,E15,'Base SKU'!$AM:$AM,1) -> 256
A16: 8 | B16: PARRA MAXIMILIANO | C16: =SUMIFS('Base SKU'!$AM:$AM,'Base SKU'!$E:$E,A16,'Base SKU'!$AM:$AM,1) -> 232 | E16: 56 | F16: JUAN ANDRES SANCHEZ | G16: =SUMIFS('Base SKU'!$AM:$AM,'Base SKU'!$E:$E,E16,'Base SKU'!$AM:$AM,1) -> 234
A17: 11 | B17: SANCHEZ RICARDO | C17: =SUMIFS('Base SKU'!$AM:$AM,'Base SKU'!$E:$E,A17,'Base SKU'!$AM:$AM,1) -> 257 | E17: 26 | F17: PUJOL ERNESTO | G17: =SUMIFS('Base SKU'!$AM:$AM,'Base SKU'!$E:$E,E17,'Base SKU'!$AM:$AM,1) -> 286
A18: 12 | B18: GUTIERREZ MARCOS DAVID | C18: =SUMIFS('Base SKU'!$AM:$AM,'Base SKU'!$E:$E,A18,'Base SKU'!$AM:$AM,1) -> 324 | E18: 25 | F18: KALATAKI GUSTAVO | G18: =SUMIFS('Base SKU'!$AM:$AM,'Base SKU'!$E:$E,E18,'Base SKU'!$AM:$AM,1) -> 336
A19: 16 | B19: GOMEZ MATÍAS | C19: =SUMIFS('Base SKU'!$AM:$AM,'Base SKU'!$E:$E,A19,'Base SKU'!$AM:$AM,1) -> 248 | E19: 43 | F19: COLHER DIEGO | G19: =SUMIFS('Base SKU'!$AM:$AM,'Base SKU'!$E:$E,E19,'Base SKU'!$AM:$AM,1) -> 68
A20: 19 | B20: GONZALEZ MARCELO | C20: =SUMIFS('Base SKU'!$AM:$AM,'Base SKU'!$E:$E,A20,'Base SKU'!$AM:$AM,1) -> 312 | E20: 49 | F20: ESCOBAR RAÚL | G20: =SUMIFS('Base SKU'!$AM:$AM,'Base SKU'!$E:$E,E20,'Base SKU'!$AM:$AM,1) -> 244
A21: 20 | B21: FLORES JAVIER | C21: =SUMIFS('Base SKU'!$AM:$AM,'Base SKU'!$E:$E,A21,'Base SKU'!$AM:$AM,1) -> 332
A22: Totales | E22: Vendedores PETS | G22: Cantidad skus
A23: Supervision Corrientes | C23: Cantidad skus | E23: 52 | F23: RAVAROTTO EMANUEL | G23: =SUMIFS('Base SKU'!$AM:$AM,'Base SKU'!$E:$E,E23,'Base SKU'!$AM:$AM,1) -> 155
A24: 1 | B24: VERA ERNESTO | C24: =SUMIFS('Base SKU'!$AM:$AM,'Base SKU'!$E:$E,A24,'Base SKU'!$AM:$AM,1) -> 304 | E24: 53 | F24: SANDOVAL RODRIGO | G24: =SUMIFS('Base SKU'!$AM:$AM,'Base SKU'!$E:$E,E24,'Base SKU'!$AM:$AM,1) -> 102
A25: 9 | B25: ESTIGARRIBIA DAVID | C25: =SUMIFS('Base SKU'!$AM:$AM,'Base SKU'!$E:$E,A25,'Base SKU'!$AM:$AM,1) -> 306
A26: 10 | B26: BRITEZ EMMANUEL | C26: =SUMIFS('Base SKU'!$AM:$AM,'Base SKU'!$E:$E,A26,'Base SKU'!$AM:$AM,1) -> 205
A27: 24 | B27: SOLIS EMMANUEL | C27: =SUMIFS('Base SKU'!$AM:$AM,'Base SKU'!$E:$E,A27,'Base SKU'!$AM:$AM,1) -> 264
A28: 27 | B28: GOMEZ ADRIÁN | C28: =SUMIFS('Base SKU'!$AM:$AM,'Base SKU'!$E:$E,A28,'Base SKU'!$AM:$AM,1) -> 268
A29: 28 | B29: GOMEZ PABLO | C29: =SUMIFS('Base SKU'!$AM:$AM,'Base SKU'!$E:$E,A29,'Base SKU'!$AM:$AM,1) -> 240
A30: 33 | B30: NICOLAS AZULA | C30: =SUMIFS('Base SKU'!$AM:$AM,'Base SKU'!$E:$E,A30,'Base SKU'!$AM:$AM,1) -> 264
A31: 36 | B31: COSARINSKI DIEGO | C31: =SUMIFS('Base SKU'!$AM:$AM,'Base SKU'!$E:$E,A31,'Base SKU'!$AM:$AM,1) -> 220
A32: 37 | B32: SALAJ EMILIO | C32: =SUMIFS('Base SKU'!$AM:$AM,'Base SKU'!$E:$E,A32,'Base SKU'!$AM:$AM,1) -> 143
A33: 40 | B33: IBARROLA JORGE | C33: =SUMIFS('Base SKU'!$AM:$AM,'Base SKU'!$E:$E,A33,'Base SKU'!$AM:$AM,1) -> 280
A34: Totales

Sheet Base SKU
A1: Periodos | B1: Cod. Período | C1: Descripción Período | D1: Vendedor según comprobante | E1: Código | F1: Descripción | G1: Artículos | H1: Código | I1: Descripción | J1: Marca | K1: Descripción | L1: Detalle | M1: Calibre | N1: Descripción | O1: Detalle | P1: División | Q1: Descripción | R1: Detalle | S1: Producto Estadístico | T1: Descripción | U1: Detalle | V1: Sabor | W1: Descripción | X1: Detalle | Y1: Unidad de Negocio | Z1: Descripción | AA1: Detalle | AB1: P.P.P. Neto | AC1: P.P.P. Final | AD1: Cantidades CON Cargo | AE1: Cantidades SIN Cargo | AF1: Cantidades Totales | AG1: Pesos Totales | AH1: Importes Netos | AI1: Importes Finales | AJ1: Cantidad de Facturas | AK1: Bultos Promedio | AL1: Cantidades en Combos
A2: (001) 01 AGO 2026 - 19 AGO 2026 | B2: 1 | C2: 01 AGO 2026 - 19 AGO 2026 | D2: Suc: 001 (000001) VERA ERNESTO | E2: 1 | F2: VERA ERNESTO | G2: (000001) PILA E 91AA X 4U ENERGIZER ALCALINA | H2: 1 | I2: PILA E 91AA X 4U ENERGIZER ALCALINA | J2: 1019 | K2: ENERGIZER | L2: 1019 - ENERGIZER | P2: 1020 | Q2: PILA | R2: 1020 - PILA | Y2: 1402 | Z2: PILAS | AA2: 1402 - PILAS | AB2: 165651.8 | AC2: 202923.45 | AD2: 0.6 | AE2: 0.125 | AF2: 0.725 | AG2: 0 | AH2: 120097.56 | AI2: 147119.5 | AJ2: 3 | AK2: 0.24 | AL2: 0 | AM2: 1
A3: (001) 01 AGO 2026 - 19 AGO 2026 | B3: 1 | C3: 01 AGO 2026 - 19 AGO 2026 | D3: Suc: 001 (000001) VERA ERNESTO | E3: 1 | F3: VERA ERNESTO | G3: (000002) PILA E 92 AAA X 2U ENERGIZER ALCALINA | H3: 2 | I3: PILA E 92 AAA X 2U ENERGIZER ALCALINA | J3: 1019 | K3: ENERGIZER | L3: 1019 - ENERGIZER | P3: 1020 | Q3: PILA | R3: 1020 - PILA | Y3: 1402 | Z3: PILAS | AA3: 1402 - PILAS | AB3: 127957.84 | AC3: 158454.46 | AD3: 0.5625 | AE3: 0.0833 | AF3: 0.6458 | AG3: 0 | AH3: 82639.44 | AI3: 102335.17 | AJ3: 0 | AK3: 0 | AL3: 0 | AM3: 1
A4: (001) 01 AGO 2026 - 19 AGO 2026 | B4: 1 | C4: 01 AGO 2026 - 19 AGO 2026 | D4: Suc: 001 (000001) VERA ERNESTO | E4: 1 | F4: VERA ERNESTO | G4: (000003) PILA E 93 C X 2U ENERGIZER ALCALINA | H4: 3 | I4: PILA E 93 C X 2U ENERGIZER ALCALINA | J4: 1019 | K4: ENERGIZER | L4: 1019 - ENERGIZER | P4: 1020 | Q4: PILA | R4: 1020 - PILA | Y4: 1402 | Z4: PILAS | AA4: 1402 - PILAS | AB4: 97700.4 | AC4: 119682.99 | AD4: 0.0833 | AE4: 0 | AF4: 0.0833 | AG4: 0 | AH4: 8141.7 | AI4: 9973.58 | AJ4: 0 | AK4: 0 | AL4: 0 | AM4: 1
A5: (001) 01 AGO 2026 - 19 AGO 2026 | B5: 1 | C5: 01 AGO 2026 - 19 AGO 2026 | D5: Suc: 001 (000001) VERA ERNESTO | E5: 1 | F5: VERA ERNESTO | G5: (000004) PILA E 95 D X 2U ENERGIZER ALCALINA | H5: 4 | I5: PILA E 95 D X 2U ENERGIZER ALCALINA | J5: 1019 | K5: ENERGIZER | L5: 1019 - ENERGIZER | P5: 1020 | Q5: PILA | R5: 1020 - PILA | Y5: 1402 | Z5: PILAS | AA5: 1402 - PILAS | AB5: 81783.473 | AC5: 101147.96 | AD5: 2.3333 | AE5: 0.0833 | AF5: 2.4167 | AG5: 0 | AH5: 197643.39 | AI5: 244440.91 | AJ5: 1 | AK5: 2.42 | AL5: 0 | AM5: 1
A6: (001) 01 AGO 2026 - 19 AGO 2026 | B6: 1 | C6: 01 AGO 2026 - 19 AGO 2026 | D6: Suc: 001 (000001) VERA ERNESTO | E6: 1 | F6: VERA ERNESTO | G6: (000005) BATERIA 9V X 1U -522BP ENERGIZER ALCALIN | H6: 5 | I6: BATERIA 9V X 1U -522BP ENERGIZER ALCALIN | J6: 1019 | K6: ENERGIZER | L6: 1019 - ENERGIZER | P6: 1020 | Q6: PILA | R6: 1020 - PILA | Y6: 1402 | Z6: PILAS | AA6: 1402 - PILAS | AB6: 228298.75 | AC6: 281378.21 | AD6: 0.5 | AE6: 0 | AF6: 0.5 | AG6: 0 | AH6: 114149.38 | AI6: 140689.11 | AJ6: 1 | AK6: 0.5 | AL6: 0 | AM6: 1
A7: (001) 01 AGO 2026 - 19 AGO 2026 | B7: 1 | C7: 01 AGO 2026 - 19 AGO 2026 | D7: Suc: 001 (000001) VERA ERNESTO | E7: 1 | F7: VERA ERNESTO | G7: (000027) PEDIGREE ADTO RAZ PEQ ETAPA2 X1,5KG | H7: 27 | I7: PEDIGREE ADTO RAZ PEQ ETAPA2 X1,5KG | J7: 1194 | K7: PEDIGREE MARCA | L7: 1194 - PEDIGREE MARCA | P7: 1098 | Q7: PAQUETERIA WHISKAS Y PEDIG | R7: 1098 - PAQUETERIA WHISKAS Y PEDIG | Y7: 1375 | Z7: MASCOTAS | AA7: 1375 - MASCOTAS | AB7: 37716.23 | AC7: 46202.383 | AD7: 2.5556 | AE7: 0 | AF7: 2.5556 | AG7: 0 | AH7: 96385.92 | AI7: 118072.76 | AJ7: 0 | AK7: 0 | AL7: 0 | AM7: 1
A8: (001) 01 AGO 2026 - 19 AGO 2026 | B8: 1 | C8: 01 AGO 2026 - 19 AGO 2026 | D8: Suc: 001 (000001) VERA ERNESTO | E8: 1 | F8: VERA ERNESTO | G8: (000156) LA GOTITA X 2 ML CHICA | H8: 156 | I8: LA GOTITA X 2 ML CHICA | J8: 1437 | K8: LA GOTITA | L8: 1437 - LA GOTITA | Y8: 1376 | Z8: NO PERECEDEROS | AA8: 1376 - NO PERECEDEROS | AB8: 359272.67 | AC8: 440837.28 | AD8: 0.5125 | AE8: 0 | AF8: 0.5125 | AG8: 0 | AH8: 184127.24 | AI8: 225929.11 | AJ8: 11 | AK8: 0.05 | AL8: 0 | AM8: 1
A9: (001) 01 AGO 2026 - 19 AGO 2026 | B9: 1 | C9: 01 AGO 2026 - 19 AGO 2026 | D9: Suc: 001 (000001) VERA ERNESTO | E9: 1 | F9: VERA ERNESTO | G9: (000158) LA GOTITA GEL X 3 GR CHICO | H9: 158 | I9: LA GOTITA GEL X 3 GR CHICO | J9: 1437 | K9: LA GOTITA | L9: 1437 - LA GOTITA | Y9: 1376 | Z9: NO PERECEDEROS | AA9: 1376 - NO PERECEDEROS | AB9: 424177.69 | AC9: 522282.64 | AD9: 0.1125 | AE9: 0 | AF9: 0.1125 | AG9: 0 | AH9: 47719.99 | AI9: 58756.8 | AJ9: 0 | AK9: 0 | AL9: 0 | AM9: 1
A10: (001) 01 AGO 2026 - 19 AGO 2026 | B10: 1 | C10: 01 AGO 2026 - 19 AGO 2026 | D10: Suc: 001 (000001) VERA ERNESTO | E10: 1 | F10: VERA ERNESTO | G10: (000159) POXI-RAN X 25 ML CHICO (23GR) | H10: 159 | I10: POXI-RAN X 25 ML CHICO (23GR) | J10: 1438 | K10: POXI-RAN | L10: 1438 - POXI-RAN | Y10: 1376 | Z10: NO PERECEDEROS | AA10: 1376 - NO PERECEDEROS | AB10: 410198.23 | AC10: 502381 | AD10: 0.15 | AE10: 0 | AF10: 0.15 | AG10: 0 | AH10: 61529.73 | AI10: 75357.15 | AJ10: 1 | AK10: 0.15 | AL10: 0 | AM10: 1
A11: (001) 01 AGO 2026 - 19 AGO 2026 | B11: 1 | C11: 01 AGO 2026 - 19 AGO 2026 | D11: Suc: 001 (000001) VERA ERNESTO | E11: 1 | F11: VERA ERNESTO | G11: (000164) POXIPOL 10' X 14 ML. TPTE. CHICO | H11: 164 | I11: POXIPOL 10' X 14 ML. TPTE. CHICO | J11: 1439 | K11: POXIPOL | L11: 1439 - POXIPOL | Y11: 1376 | Z11: NO PERECEDEROS | AA11: 1376 - NO PERECEDEROS | AB11: 1097448.9 | AC11: 1360836.6 | AD11: 0.025 | AE11: 0 | AF11: 0.025 | AG11: 0 | AH11: 27436.22 | AI11: 34020.92 | AJ11: 0 | AK11: 0 | AL11: 0 | AM11: 1
A12: (001) 01 AGO 2026 - 19 AGO 2026 | B12: 1 | C12: 01 AGO 2026 - 19 AGO 2026 | D12: Suc: 001 (000001) VERA ERNESTO | E12: 1 | F12: VERA ERNESTO | G12: (000273) ALKA CARAMELOS STRONG X 800 GR | H12: 273 | I12: ALKA CARAMELOS STRONG X 800 GR | J12: 1413 | K12: ALKA | L12: 1413 - ALKA | Y12: 1374 | Z12: GOLOSINAS | AA12: 1374 - GOLOSINAS | AB12: 75725.947 | AC12: 94267.543 | AD12: 0.6 | AE12: 0 | AF12: 0.6 | AG12: 0 | AH12: 45435.57 | AI12: 56560.53 | AJ12: 0 | AK12: 0 | AL12: 0 | AM12: 1
A13: (001) 01 AGO 2026 - 19 AGO 2026 | B13: 1 | C13: 01 AGO 2026 - 19 AGO 2026 | D13: Suc: 001 (000001) VERA ERNESTO | E13: 1 | F13: VERA ERNESTO | G13: (000274) ALKA CARAMELOS MENTA X 800 GR | H13: 274 | I13: ALKA CARAMELOS MENTA X 800 GR | J13: 1413 | K13: ALKA | L13: 1413 - ALKA | P13: 1069 | Q13: CARAM Y CHUP ARCOR | R13: 1069 - CARAM Y CHUP ARCOR | Y13: 1374 | Z13: GOLOSINAS | AA13: 1374 - GOLOSINAS | AB13: 76852.53 | AC13: 94144.354 | AD13: 0.2 | AE13: 0 | AF13: 0.2 | AG13: 0 | AH13: 15370.51 | AI13: 18828.87 | AJ13: 0 | AK13: 0 | AL13: 0 | AM13: 1
A14: (001) 01 AGO 2026 - 19 AGO 2026 | B14: 1 | C14: 01 AGO 2026 - 19 AGO 2026 | D14: Suc: 001 (000001) VERA ERNESTO | E14: 1 | F14: VERA ERNESTO | G14: (000344) PILA E 91 AA X 2U ENERGIZER ALCALINA | H14: 344 | I14: PILA E 91 AA X 2U ENERGIZER ALCALINA | J14: 1019 | K14: ENERGIZER | L14: 1019 - ENERGIZER | P14: 1020 | Q14: PILA | R14: 1020 - PILA | Y14: 1402 | Z14: PILAS | AA14: 1402 - PILAS | AB14: 131839.85 | AC14: 162653.58 | AD14: 0.4375 | AE14: 0.0417 | AF14: 0.4792 | AG14: 0 | AH14: 63173.26 | AI14: 77938.17 | AJ14: 2 | AK14: 0.24 | AL14: 0 | AM14: 1
A15: (001) 01 AGO 2026 - 19 AGO 2026 | B15: 1 | C15: 01 AGO 2026 - 19 AGO 2026 | D15: Suc: 001 (000001) VERA ERNESTO | E15: 1 | F15: VERA ERNESTO | G15: (000346) PILA E 92 AAA X 4U ENERGIZER ALCALINA | H15: 346 | I15: PILA E 92 AAA X 4U ENERGIZER ALCALINA | J15: 1019 | K15: ENERGIZER | L15: 1019 - ENERGIZER | P15: 1020 | Q15: PILA | R15: 1020 - PILA | Y15: 1402 | Z15: PILAS | AA15: 1402 - PILAS | AB15: 161771.62 | AC15: 198170.23 | AD15: 0.325 | AE15: 0.125 | AF15: 0.45 | AG15: 0 | AH15: 72797.23 | AI15: 89176.6 | AJ15: 1 | AK15: 0.45 | AL15: 0 | AM15: 1
A16: (001) 01 AGO 2026 - 19 AGO 2026 | B16: 1 | C16: 01 AGO 2026 - 19 AGO 2026 | D16: Suc: 001 (000001) VERA ERNESTO | E16: 1 | F16: VERA ERNESTO | G16: (000362) BANANINA X30U. X 15G | H16: 362 | I16: BANANINA X30U. X 15G | Y16: 1372 | Z16: CHOCOLATE | AA16: 1372 - CHOCOLATE | AB16: 97888.625 | AC16: 120878.15 | AD16: 0.25 | AE16: 0.0833 | AF16: 0.3333 | AG16: 0 | AH16: 32629.54 | AI16: 40292.72 | AJ16: 0 | AK16: 0 | AL16: 0 | AM16: 1
A17: (001) 01 AGO 2026 - 19 AGO 2026 | B17: 1 | C17: 01 AGO 2026 - 19 AGO 2026 | D17: Suc: 001 (000001) VERA ERNESTO | E17: 1 | F17: VERA ERNESTO | G17: (000461) MATE LISTO TARAGUI X 35 GR | H17: 461 | I17: MATE LISTO TARAGUI X 35 GR | J17: 1006 | K17: TARAGUI | L17: 1006 - TARAGUI | P17: 1004 | Q17: INFUSIONES | R17: 1004 - INFUSIONES | Y17: 1369 | Z17: ALMACEN | AA17: 1369 - ALMACEN | AB17: 19339.909 | AC17: 23807.43 | AD17: 0.8333 | AE17: 0 | AF17: 0.8333 | AG17: 0 | AH17: 16116.59 | AI17: 19839.53 | AJ17: 0 | AK17: 0 | AL17: 0 | AM17: 1
A18: (001) 01 AGO 2026 - 19 AGO 2026 | B18: 1 | C18: 01 AGO 2026 - 19 AGO 2026 | D18: Suc: 001 (000001) VERA ERNESTO | E18: 1 | F18: VERA ERNESTO | G18: (000462) BOTELLA TERMICA MATE LISTO | H18: 462 | I18: BOTELLA TERMICA MATE LISTO | J18: 1006 | K18: TARAGUI | L18: 1006 - TARAGUI | Y18: 1369 | Z18: ALMACEN | AA18: 1369 - ALMACEN | AB18: 10907.43 | AC18: 13475.222 | AD18: 1 | AE18: 0.5 | AF18: 1.5 | AG18: 0 | AH18: 16361.15 | AI18: 20212.83 | AJ18: 0 | AK18: 0 | AL18: 0 | AM18: 1
A19: (001) 01 AGO 2026 - 19 AGO 2026 | B19: 1 | C19: 01 AGO 2026 - 19 AGO 2026 | D19: Suc: 001 (000001) VERA ERNESTO | E19: 1 | F19: VERA ERNESTO | G19: (000542) PILA ECR-2032 X 5U ESP CALCULADORA | H19: 542 | I19: PILA ECR-2032 X 5U ESP CALCULADORA | J19: 1019 | K19: ENERGIZER | L19: 1019 - ENERGIZER | P19: 1020 | Q19: PILA | R19: 1020 - PILA | Y19: 1402 | Z19: PILAS | AA19: 1402 - PILAS | AB19: 105941.96 | AC19: 129980.58 | AD19: 0.8 | AE19: 0.05 | AF19: 0.85 | AG19: 0 | AH19: 90050.67 | AI19: 110483.49 | AJ19: 5 | AK19: 0.17 | AL19: 0 | AM19: 1
A20: (001) 01 AGO 2026 - 19 AGO 2026 | B20: 1 | C20: 01 AGO 2026 - 19 AGO 2026 | D20: Suc: 001 (000001) VERA ERNESTO | E20: 1 | F20: VERA ERNESTO | G20: (000549) CARAM MASTICABLE DONGA X 218 U | H20: 549 | I20: CARAM MASTICABLE DONGA X 218 U | P20: 1151 | Q20: CARAMELOS LHERITIER | R20: 1151 - CARAMELOS LHERITIER | Y20: 1374 | Z20: GOLOSINAS | AA20: 1374 - GOLOSINAS | AB20: 42064.5 | AC20: 51529.013 | AD20: 0.1 | AE20: 0 | AF20: 0.1 | AG20: 0 | AH20: 4206.45 | AI20: 5152.9 | AJ20: 1 | AK20: 0.1 | AL20: 0 | AM20: 1
A21: (001) 01 AGO 2026 - 19 AGO 2026 | B21: 1 | C21: 01 AGO 2026 - 19 AGO 2026 | D21: Suc: 001 (000001) VERA ERNESTO | E21: 1 | F21: VERA ERNESTO | G21: (000559) UNI-POX X 25 ML. CHICO | H21: 559 | I21: UNI-POX X 25 ML. CHICO | J21: 1442 | K21: UNI-POX | L21: 1442 - UNI-POX | Y21: 1376 | Z21: NO PERECEDEROS | AA21: 1376 - NO PERECEDEROS | AB21: 201319.71 | AC21: 248194.4 | AD21: 0.1 | AE21: 0 | AF21: 0.1 | AG21: 0 | AH21: 20131.97 | AI21: 24819.44 | AJ21: 0 | AK21: 0 | AL21: 0 | AM21: 1
A22: (001) 01 AGO 2026 - 19 AGO 2026 | B22: 1 | C22: 01 AGO 2026 - 19 AGO 2026 | D22: Suc: 001 (000001) VERA ERNESTO | E22: 1 | F22: VERA ERNESTO | G22: (000565) BUBBALOO 60'S TUTTI FRUTTI | H22: 565 | I22: BUBBALOO 60'S TUTTI FRUTTI | Y22: 1374 | Z22: GOLOSINAS | AA22: 1374 - GOLOSINAS | AB22: 144342.45 | AC22: 176819.49 | AD22: 0.0625 | AE22: 0 | AF22: 0.0625 | AG22: 0 | AH22: 9021.4 | AI22: 11051.22 | AJ22: 0 | AK22: 0 | AL22: 0 | AM22: 1
A23: (001) 01 AGO 2026 - 19 AGO 2026 | B23: 1 | C23: 01 AGO 2026 - 19 AGO 2026 | D23: Suc: 001 (000001) VERA ERNESTO | E23: 1 | F23: VERA ERNESTO | G23: (000566) BUBBALOO 60'S FRUTILLA | H23: 566 | I23: BUBBALOO 60'S FRUTILLA | Y23: 1374 | Z23: GOLOSINAS | AA23: 1374 - GOLOSINAS | AB23: 144342.45 | AC23: 176819.49 | AD23: 0.0313 | AE23: 0 | AF23: 0.0313 | AG23: 0 | AH23: 4510.7 | AI23: 5525.61 | AJ23: 0 | AK23: 0 | AL23: 0 | AM23: 1
A24: (001) 01 AGO 2026 - 19 AGO 2026 | B24: 1 | C24: 01 AGO 2026 - 19 AGO 2026 | D24: Suc: 001 (000001) VERA ERNESTO | E24: 1 | F24: VERA ERNESTO | G24: (000567) BUBBALOO 60'S MENTA | H24: 567 | I24: BUBBALOO 60'S MENTA | Y24: 1374 | Z24: GOLOSINAS | AA24: 1374 - GOLOSINAS | AB24: 144342.45 | AC24: 176819.49 | AD24: 0.0938 | AE24: 0 | AF24: 0.0938 | AG24: 0 | AH24: 13532.1 | AI24: 16576.83 | AJ24: 0 | AK24: 0 | AL24: 0 | AM24: 1
A25: (001) 01 AGO 2026 - 19 AGO 2026 | B25: 1 | C25: 01 AGO 2026 - 19 AGO 2026 | D25: Suc: 001 (000001) VERA ERNESTO | E25: 1 | F25: VERA ERNESTO | G25: (000639) BATERIA A23 -12V X 5U -ENERGIZER ALCALINA | H25: 639 | I25: BATERIA A23 -12V X 5U -ENERGIZER ALCALINA | J25: 1019 | K25: ENERGIZER | L25: 1019 - ENERGIZER | P25: 1020 | Q25: PILA | R25: 1020 - PILA | Y25: 1402 | Z25: PILAS | AA25: 1402 - PILAS | AB25: 144453 | AC25: 176954.92 | AD25: 0.35 | AE25: 0 | AF25: 0.35 | AG25: 0 | AH25: 50558.55 | AI25: 61934.22 | AJ25: 0 | AK25: 0 | AL25: 0 | AM25: 1
A26: (001) 01 AGO 2026 - 19 AGO 2026 | B26: 1 | C26: 01 AGO 2026 - 19 AGO 2026 | D26: Suc: 001 (000001) VERA ERNESTO | E26: 1 | F26: VERA ERNESTO | G26: (000653) CARAM MAST SURT MISKY X800 GR | H26: 653 | I26: CARAM MAST SURT MISKY X800 GR | J26: 1414 | K26: MISKY | L26: 1414 - MISKY | P26: 1072 | Q26: MISKY CARAM | R26: 1072 - MISKY CARAM | Y26: 1374 | Z26: GOLOSINAS | AA26: 1374 - GOLOSINAS | AB26: 49291.416 | AC26: 60624.406 | AD26: 0.3 | AE26: 0 | AF26: 0.3 | AG26: 0 | AH26: 14787.42 | AI26: 18187.32 | AJ26: 1 | AK26: 0.3 | AL26: 0 | AM26: 1
A27: (001) 01 AGO 2026 - 19 AGO 2026 | B27: 1 | C27: 01 AGO 2026 - 19 AGO 2026 | D27: Suc: 001 (000001) VERA ERNESTO | E27: 1 | F27: VERA ERNESTO | G27: (000692) ACEITE LUBRICANTE WD-40 X 155 G | H27: 692 | I27: ACEITE LUBRICANTE WD-40 X 155 G | J27: 1169 | K27: WD40 | L27: 1169 - WD40 | Y27: 1376 | Z27: NO PERECEDEROS | AA27: 1376 - NO PERECEDEROS | AB27: 61592.641 | AC27: 76374.874 | AD27: 2 | AE27: 0 | AF27: 2 | AG27: 0 | AH27: 123185.28 | AI27: 152749.75 | AJ27: 0 | AK27: 0 | AL27: 0 | AM27: 1
A28: (001) 01 AGO 2026 - 19 AGO 2026 | B28: 1 | C28: 01 AGO 2026 - 19 AGO 2026 | D28: Suc: 001 (000001) VERA ERNESTO | E28: 1 | F28: VERA ERNESTO | G28: (000711) PILA ECR-2016 X 5U ESP CALCULADORA | H28: 711 | I28: PILA ECR-2016 X 5U ESP CALCULADORA | J28: 1019 | K28: ENERGIZER | L28: 1019 - ENERGIZER | P28: 1020 | Q28: PILA | R28: 1020 - PILA | Y28: 1402 | Z28: PILAS | AA28: 1402 - PILAS | AB28: 114277.5 | AC28: 141132.72 | AD28: 0.15 | AE28: 0 | AF28: 0.15 | AG28: 0 | AH28: 17141.63 | AI28: 21169.91 | AJ28: 1 | AK28: 0.15 | AL28: 0 | AM28: 1
A29: (001) 01 AGO 2026 - 19 AGO 2026 | B29: 1 | C29: 01 AGO 2026 - 19 AGO 2026 | D29: Suc: 001 (000001) VERA ERNESTO | E29: 1 | F29: VERA ERNESTO | G29: (000731) POLVORITAS VAINILLA X 81 GR | H29: 731 | I29: POLVORITAS VAINILLA X 81 GR | J29: 1422 | K29: POLVORITAS | L29: 1422 - POLVORITAS | P29: 1067 | Q29: POLVORITAS 80G Y 147G | R29: 1067 - POLVORITAS 80G Y 147G | Y29: 1373 | Z29: GALLETITAS | AA29: 1373 - GALLETITAS | AB29: 16025.989 | AC29: 19783.921 | AD29: 2.825 | AE29: 0.225 | AF29: 3.05 | AG29: 0 | AH29: 48879.27 | AI29: 60340.96 | AJ29: 0 | AK29: 0 | AL29: 0 | AM29: 1
A30: (001) 01 AGO 2026 - 19 AGO 2026 | B30: 1 | C30: 01 AGO 2026 - 19 AGO 2026 | D30: Suc: 001 (000001) VERA ERNESTO | E30: 1 | F30: VERA ERNESTO | G30: (000742) PRESERV PRIME CON ESPERMICIDA X 3U | H30: 742 | I30: PRESERV PRIME CON ESPERMICIDA X 3U | J30: 1150 | K30: PRIME | L30: 1150 - PRIME | Y30: 1376 | Z30: NO PERECEDEROS | AA30: 1376 - NO PERECEDEROS | AB30: 59908.8 | AC30: 73388.28 | AD30: 0.375 | AE30: 0 | AF30: 0.375 | AG30: 0 | AH30: 22465.8 | AI30: 27520.61 | AJ30: 0 | AK30: 0 | AL30: 0 | AM30: 1
A31: (001) 01 AGO 2026 - 19 AGO 2026 | B31: 1 | C31: 01 AGO 2026 - 19 AGO 2026 | D31: Suc: 001 (000001) VERA ERNESTO | E31: 1 | F31: VERA ERNESTO | G31: (000744) PRESERV PRIME SUPER FINOS X 3U. | H31: 744 | I31: PRESERV PRIME SUPER FINOS X 3U. | J31: 1150 | K31: PRIME | L31: 1150 - PRIME | Y31: 1376 | Z31: NO PERECEDEROS | AA31: 1376 - NO PERECEDEROS | AB31: 52919.44 | AC31: 65415.417 | AD31: 2 | AE31: 0.25 | AF31: 2.25 | AG31: 0 | AH31: 119068.74 | AI31: 147184.69 | AJ31: 0 | AK31: 0 | AL31: 0 | AM31: 1
A32: (001) 01 AGO 2026 - 19 AGO 2026 | B32: 1 | C32: 01 AGO 2026 - 19 AGO 2026 | D32: Suc: 001 (000001) VERA ERNESTO | E32: 1 | F32: VERA ERNESTO | G32: (000746) PRESERV PRIME TEXTURADOS X 3U. | H32: 746 | I32: PRESERV PRIME TEXTURADOS X 3U. | J32: 1150 | K32: PRIME | L32: 1150 - PRIME | Y32: 1376 | Z32: NO PERECEDEROS | AA32: 1376 - NO PERECEDEROS | AB32: 45930.08 | AC32: 56843.466 | AD32: 0.875 | AE32: 0.25 | AF32: 1.125 | AG32: 0 | AH32: 51671.34 | AI32: 63948.9 | AJ32: 0 | AK32: 0 | AL32: 0 | AM32: 1
A33: (001) 01 AGO 2026 - 19 AGO 2026 | B33: 1 | C33: 01 AGO 2026 - 19 AGO 2026 | D33: Suc: 001 (000001) VERA ERNESTO | E33: 1 | F33: VERA ERNESTO | G33: (000799) BATERIA ENERGIZER 12V X 1U -A27 | H33: 799 | I33: BATERIA ENERGIZER 12V X 1U -A27 | J33: 1019 | K33: ENERGIZER | L33: 1019 - ENERGIZER | P33: 1020 | Q33: PILA | R33: 1020 - PILA | Y33: 1402 | Z33: PILAS | AA33: 1402 - PILAS | AB33: 29429.724 | AC33: 36051.413 | AD33: 1.75 | AE33: 0 | AF33: 1.75 | AG33: 0 | AH33: 51502.02 | AI33: 63089.97 | AJ33: 0 | AK33: 0 | AL33: 0 | AM33: 1
A34: (001) 01 AGO 2026 - 19 AGO 2026 | B34: 1 | C34: 01 AGO 2026 - 19 AGO 2026 | D34: Suc: 001 (000001) VERA ERNESTO | E34: 1 | F34: VERA ERNESTO | G34: (000819) PILA 1215 AA X 4U EVEREADY EXTRA DURAC | H34: 819 | I34: PILA 1215 AA X 4U EVEREADY EXTRA DURAC | J34: 1018 | K34: EVEREADY | L34: 1018 - EVEREADY | P34: 1020 | Q34: PILA | R34: 1020 - PILA | Y34: 1402 | Z34: PILAS | AA34: 1402 - PILAS | AB34: 98618.688 | AC34: 120807.89 | AD34: 0.2083 | AE34: 0 | AF34: 0.2083 | AG34: 0 | AH34: 20545.56 | AI34: 25168.31 | AJ34: 0 | AK34: 0 | AL34: 0 | AM34: 1
A35: (001) 01 AGO 2026 - 19 AGO 2026 | B35: 1 | C35: 01 AGO 2026 - 19 AGO 2026 | D35: Suc: 001 (000001) VERA ERNESTO | E35: 1 | F35: VERA ERNESTO | G35: (000822) PILA 1212 AAA X 2U EVEREADY EXTRA DURAC | H35: 822 | I35: PILA 1212 AAA X 2U EVEREADY EXTRA DURAC | J35: 1018 | K35: EVEREADY | L35: 1018 - EVEREADY | P35: 1020 | Q35: PILA | R35: 1020 - PILA | Y35: 1402 | Z35: PILAS | AA35: 1402 - PILAS | AB35: 73964.016 | AC35: 90605.921 | AD35: 1 | AE35: 0 | AF35: 1 | AG35: 0 | AH35: 73964.02 | AI35: 90605.92 | AJ35: 0 | AK35: 0 | AL35: 0 | AM35: 1
A36: (001) 01 AGO 2026 - 19 AGO 2026 | B36: 1 | C36: 01 AGO 2026 - 19 AGO 2026 | D36: Suc: 001 (000001) VERA ERNESTO | E36: 1 | F36: VERA ERNESTO | G36: (000824) BATERIA EVEREADY EXTRA DURAC 9V -1222 | H36: 824 | I36: BATERIA EVEREADY EXTRA DURAC 9V -1222 | J36: 1018 | K36: EVEREADY | L36: 1018 - EVEREADY | P36: 1020 | Q36: PILA | R36: 1020 - PILA | Y36: 1402 | Z36: PILAS | AA36: 1402 - PILAS | AB36: 72889.92 | AC36: 89290.152 | AD36: 0.125 | AE36: 0 | AF36: 0.125 | AG36: 0 | AH36: 9111.24 | AI36: 11161.27 | AJ36: 1 | AK36: 0.13 | AL36: 0 | AM36: 1
A37: (001) 01 AGO 2026 - 19 AGO 2026 | B37: 1 | C37: 01 AGO 2026 - 19 AGO 2026 | D37: Suc: 001 (000001) VERA ERNESTO | E37: 1 | F37: VERA ERNESTO | G37: (000826) ACEITE LUBRICANTE WD-40 X 311 G | H37: 826 | I37: ACEITE LUBRICANTE WD-40 X 311 G | J37: 1169 | K37: WD40 | L37: 1169 - WD40 | Y37: 1376 | Z37: NO PERECEDEROS | AA37: 1376 - NO PERECEDEROS | AB37: 95857.212 | AC37: 118862.94 | AD37: 1 | AE37: 0 | AF37: 1 | AG37: 0 | AH37: 95857.21 | AI37: 118862.94 | AJ37: 0 | AK37: 0 | AL37: 0 | AM37: 1
A38: (001) 01 AGO 2026 - 19 AGO 2026 | B38: 1 | C38: 01 AGO 2026 - 19 AGO 2026 | D38: Suc: 001 (000001) VERA ERNESTO | E38: 1 | F38: VERA ERNESTO | G38: (000862) PETACA NEW STYLE X 200 CC CAFE AL COÑAC | H38: 862 | I38: PETACA NEW STYLE X 200 CC CAFE AL COÑAC | P38: 1102 | Q38: PETACAS | R38: 1102 - PETACAS | Y38: 1370 | Z38: BEBIDAS | AA38: 1370 - BEBIDAS | AB38: 10533.468 | AC38: 13061.501 | AD38: 2 | AE38: 0 | AF38: 2 | AG38: 0 | AH38: 21066.94 | AI38: 26123 | AJ38: 1 | AK38: 2 | AL38: 0 | AM38: 1
A39: (001) 01 AGO 2026 - 19 AGO 2026 | B39: 1 | C39: 01 AGO 2026 - 19 AGO 2026 | D39: Suc: 001 (000001) VERA ERNESTO | E39: 1 | F39: VERA ERNESTO | G39: (000868) PRESERV PRIME X 3U. TACHA | H39: 868 | I39: PRESERV PRIME X 3U. TACHA | J39: 1150 | K39: PRIME | L39: 1150 - PRIME | Y39: 1376 | Z39: NO PERECEDEROS | AA39: 1376 - NO PERECEDEROS | AB39: 43498.998 | AC39: 53731.682 | AD39: 0.7083 | AE39: 0.25 | AF39: 0.9583 | AG39: 0 | AH39: 41686.54 | AI39: 51492.86 | AJ39: 0 | AK39: 0 | AL39: 0 | AM39: 1
A40: (001) 01 AGO 2026 - 19 AGO 2026 | B40: 1 | C40: 01 AGO 2026 - 19 AGO 2026 | D40: Suc: 001 (000001) VERA ERNESTO | E40: 1 | F40: VERA ERNESTO | G40: (000877) PETACA SAN VICENTE ANIS X 200CC | H40: 877 | I40: PETACA SAN VICENTE ANIS X 200CC | P40: 1102 | Q40: PETACAS | R40: 1102 - PETACAS | Y40: 1370 | Z40: BEBIDAS | AA40: 1370 - BEBIDAS | AB40: 12653.26 | AC40: 15500.241 | AD40: 0.3333 | AE40: 0 | AF40: 0.3333 | AG40: 0 | AH40: 4217.75 | AI40: 5166.75 | AJ40: 0 | AK40: 0 | AL40: 0 | AM40: 1
A41: (001) 01 AGO 2026 - 19 AGO 2026 | B41: 1 | C41: 01 AGO 2026 - 19 AGO 2026 | D41: Suc: 001 (000001) VERA ERNESTO | E41: 1 | F41: VERA ERNESTO | G41: (001114) MAURI SALVADO X 210 GS | H41: 1114 | I41: MAURI SALVADO X 210 GS | Y41: 1373 | Z41: GALLETITAS | AA41: 1373 - GALLETITAS | AB41: 20256.594 | AC41: 25422.027 | AD41: 0.25 | AE41: 0 | AF41: 0.25 | AG41: 0 | AH41: 5064.15 | AI41: 6355.51 | AJ41: 0 | AK41: 0 | AL41: 0 | AM41: 1
A42: (001) 01 AGO 2026 - 19 AGO 2026 | B42: 1 | C42: 01 AGO 2026 - 19 AGO 2026 | D42: Suc: 001 (000001) VERA ERNESTO | E42: 1 | F42: VERA ERNESTO | G42: (001115) MAURI FAUNA SURTIDA X 400 GS | H42: 1115 | I42: MAURI FAUNA SURTIDA X 400 GS | Y42: 1373 | Z42: GALLETITAS | AA42: 1373 - GALLETITAS | AB42: 17778.642 | AC42: 22007.421 | AD42: 1.1667 | AE42: 0 | AF42: 1.1667 | AG42: 0 | AH42: 20741.75 | AI42: 25675.32 | AJ42: 0 | AK42: 0 | AL42: 0 | AM42: 1
A43: (001) 01 AGO 2026 - 19 AGO 2026 | B43: 1 | C43: 01 AGO 2026 - 19 AGO 2026 | D43: Suc: 001 (000001) VERA ERNESTO | E43: 1 | F43: VERA ERNESTO | G43: (001116) MAURI FAUNA SURTIDA X 150 GS | H43: 1116 | I43: MAURI FAUNA SURTIDA X 150 GS | Y43: 1373 | Z43: GALLETITAS | AA43: 1373 - GALLETITAS | AB43: 16015.499 | AC43: 19829.19 | AD43: 1.1429 | AE43: 0 | AF43: 1.1429 | AG43: 0 | AH43: 18303.43 | AI43: 22661.93 | AJ43: 0 | AK43: 0 | AL43: 0 | AM43: 1
A44: (001) 01 AGO 2026 - 19 AGO 2026 | B44: 1 | C44: 01 AGO 2026 - 19 AGO 2026 | D44: Suc: 001 (000001) VERA ERNESTO | E44: 1 | F44: VERA ERNESTO | G44: (001118) MAURI VAINILLAS X 80 GS | H44: 1118 | I44: MAURI VAINILLAS X 80 GS | P44: 1335 | Q44: VAINILLAS MAURI | R44: 1335 - VAINILLAS MAURI | Y44: 1373 | Z44: GALLETITAS | AA44: 1373 - GALLETITAS | AB44: 14749.099 | AC44: 18198.018 | AD44: 5.5278 | AE44: 0.1111 | AF44: 5.6389 | AG44: 0 | AH44: 83168.53 | AI44: 102616.6 | AJ44: 0 | AK44: 0 | AL44: 0 | AM44: 1
A45: (001) 01 AGO 2026 - 19 AGO 2026 | B45: 1 | C45: 01 AGO 2026 - 19 AGO 2026 | D45: Suc: 001 (000001) VERA ERNESTO | E45: 1 | F45: VERA ERNESTO | G45: (001119) MAURI VAINILLAS X 160 GS | H45: 1119 | I45: MAURI VAINILLAS X 160 GS | P45: 1335 | Q45: VAINILLAS MAURI | R45: 1335 - VAINILLAS MAURI | Y45: 1373 | Z45: GALLETITAS | AA45: 1373 - GALLETITAS | AB45: 28319.409 | AC45: 34938.348 | AD45: 2.5313 | AE45: 0 | AF45: 2.5313 | AG45: 0 | AH45: 71683.51 | AI45: 88437.69 | AJ45: 0 | AK45: 0 | AL45: 0 | AM45: 1
A46: (001) 01 AGO 2026 - 19 AGO 2026 | B46: 1 | C46: 01 AGO 2026 - 19 AGO 2026 | D46: Suc: 001 (000001) VERA ERNESTO | E46: 1 | F46: VERA ERNESTO | G46: (001124) MAURI SIN SAL X 400 GS | H46: 1124 | I46: MAURI SIN SAL X 400 GS | Y46: 1373 | Z46: GALLETITAS | AA46: 1373 - GALLETITAS | AB46: 18272.3 | AC46: 22547.721 | AD46: 2.4167 | AE46: 0.5833 | AF46: 3 | AG46: 0 | AH46: 54816.9 | AI46: 67643.16 | AJ46: 0 | AK46: 0 | AL46: 0 | AM46: 1
A47: (001) 01 AGO 2026 - 19 AGO 2026 | B47: 1 | C47: 01 AGO 2026 - 19 AGO 2026 | D47: Suc: 001 (000001) VERA ERNESTO | E47: 1 | F47: VERA ERNESTO | G47: (001150) MANTECOL MAXI-BARRA 12X41GR | H47: 1150 | I47: MANTECOL MAXI-BARRA 12X41GR | J47: 1430 | K47: MANTECOLS | L47: 1430 - MANTECOLS | Y47: 1374 | Z47: GOLOSINAS | AA47: 1374 - GOLOSINAS | AB47: 72685.509 | AC47: 89403.447 | AD47: 0.5 | AE47: 0 | AF47: 0.5 | AG47: 0 | AH47: 36342.75 | AI47: 44701.72 | AJ47: 4 | AK47: 0.13 | AL47: 0 | AM47: 1
A48: (001) 01 AGO 2026 - 19 AGO 2026 | B48: 1 | C48: 01 AGO 2026 - 19 AGO 2026 | D48: Suc: 001 (000001) VERA ERNESTO | E48: 1 | F48: VERA ERNESTO | G48: (001340) PIRATAS DISPLAY X60U. X5G | H48: 1340 | I48: PIRATAS DISPLAY X60U. X5G | Y48: 1372 | Z48: CHOCOLATE | AA48: 1372 - CHOCOLATE | AB48: 350202.3 | AC48: 434250.84 | AD48: 0.25 | AE48: 0.0417 | AF48: 0.2917 | AG48: 0 | AH48: 102142.34 | AI48: 126656.49 | AJ48: 1 | AK48: 0.29 | AL48: 0 | AM48: 1
A49: (001) 01 AGO 2026 - 19 AGO 2026 | B49: 1 | C49: 01 AGO 2026 - 19 AGO 2026 | D49: Suc: 001 (000001) VERA ERNESTO | E49: 1 | F49: VERA ERNESTO | G49: (001341) CHOCOLATIN JACK BLANCO X20U X14G | H49: 1341 | I49: CHOCOLATIN JACK BLANCO X20U X14G | Y49: 1372 | Z49: CHOCOLATE | AA49: 1372 - CHOCOLATE | AB49: 425162.87 | AC49: 529447.53 | AD49: 0.25 | AE49: 0 | AF49: 0.25 | AG49: 0 | AH49: 106290.72 | AI49: 132361.88 | AJ49: 1 | AK49: 0.25 | AL49: 0 | AM49: 1
A50: (001) 01 AGO 2026 - 19 AGO 2026 | B50: 1 | C50: 01 AGO 2026 - 19 AGO 2026 | D50: Suc: 001 (000001) VERA ERNESTO | E50: 1 | F50: VERA ERNESTO | G50: (001343) CHUPELATIN FELFORT X32U. X15G | H50: 1343 | I50: CHUPELATIN FELFORT X32U. X15G | Y50: 1372 | Z50: CHOCOLATE | AA50: 1372 - CHOCOLATE | AB50: 329554.86 | AC50: 408648.01 | AD50: 0.1667 | AE50: 0 | AF50: 0.1667 | AG50: 0 | AH50: 54925.81 | AI50: 68108 | AJ50: 0 | AK50: 0 | AL50: 0 | AM50: 1
A51: (001) 01 AGO 2026 - 19 AGO 2026 | B51: 1 | C51: 01 AGO 2026 - 19 AGO 2026 | D51: Suc: 001 (000001) VERA ERNESTO | E51: 1 | F51: VERA ERNESTO | G51: (001352) DOS CORAZONES X20U X26G CHOCO C/POESIA | H51: 1352 | I51: DOS CORAZONES X20U X26G CHOCO C/POESIA | Y51: 1372 | Z51: CHOCOLATE | AA51: 1372 - CHOCOLATE | AB51: 200142.01 | AC51: 245819.81 | AD51: 1.5 | AE51: 0.1667 | AF51: 1.6667 | AG51: 0 | AH51: 333570.01 | AI51: 409699.69 | AJ51: 9 | AK51: 0.19 | AL51: 0 | AM51: 1
A52: (001) 01 AGO 2026 - 19 AGO 2026 | B52: 1 | C52: 01 AGO 2026 - 19 AGO 2026 | D52: Suc: 001 (000001) VERA ERNESTO | E52: 1 | F52: VERA ERNESTO | G52: (001353) MENTITAS BOMBON MENTA AL CHOC X30U. X16G | H52: 1353 | I52: MENTITAS BOMBON MENTA AL CHOC X30U. X16G | Y52: 1372 | Z52: CHOCOLATE | AA52: 1372 - CHOCOLATE | AB52: 152884.42 | AC52: 188036.91 | AD52: 0.5 | AE52: 0 | AF52: 0.5 | AG52: 0 | AH52: 76442.21 | AI52: 94018.45 | AJ52: 1 | AK52: 0.5 | AL52: 0 | AM52: 1
A53: (001) 01 AGO 2026 - 19 AGO 2026 | B53: 1 | C53: 01 AGO 2026 - 19 AGO 2026 | D53: Suc: 001 (000001) VERA ERNESTO | E53: 1 | F53: VERA ERNESTO | G53: (001354) BOCADITOS MARROC X60U X14G | H53: 1354 | I53: BOCADITOS MARROC X60U X14G | Y53: 1372 | Z53: CHOCOLATE | AA53: 1372 - CHOCOLATE | AB53: 248008.08 | AC53: 309419.92 | AD53: 0.5 | AE53: 0 | AF53: 0.5 | AG53: 0 | AH53: 124004.04 | AI53: 154709.96 | AJ53: 0 | AK53: 0 | AL53: 0 | AM53: 1
A54: (001) 01 AGO 2026 - 19 AGO 2026 | B54: 1 | C54: 01 AGO 2026 - 19 AGO 2026 | D54: Suc: 001 (000001) VERA ERNESTO | E54: 1 | F54: VERA ERNESTO | G54: (001362) LICORITAS FELFORT X25U. X20G | H54: 1362 | I54: LICORITAS FELFORT X25U. X20G | Y54: 1372 | Z54: CHOCOLATE | AA54: 1372 - CHOCOLATE | AB54: 282117.03 | AC54: 349802 | AD54: 0.25 | AE54: 0 | AF54: 0.25 | AG54: 0 | AH54: 70529.26 | AI54: 87450.5 | AJ54: 1 | AK54: 0.25 | AL54: 0 | AM54: 1
A55: (001) 01 AGO 2026 - 19 AGO 2026 | B55: 1 | C55: 01 AGO 2026 - 19 AGO 2026 | D55: Suc: 001 (000001) VERA ERNESTO | E55: 1 | F55: VERA ERNESTO | G55: (001382) FEELING CEREAL C/MARROC X30U. X20G | H55: 1382 | I55: FEELING CEREAL C/MARROC X30U. X20G | Y55: 1372 | Z55: CHOCOLATE | AA55: 1372 - CHOCOLATE | AB55: 169903.06 | AC55: 210679.8 | AD55: 0.1667 | AE55: 0 | AF55: 0.1667 | AG55: 0 | AH55: 28317.18 | AI55: 35113.3 | AJ55: 1 | AK55: 0.17 | AL55: 0 | AM55: 1
A56: (001) 01 AGO 2026 - 19 AGO 2026 | B56: 1 | C56: 01 AGO 2026 - 19 AGO 2026 | D56: Suc: 001 (000001) VERA ERNESTO | E56: 1 | F56: VERA ERNESTO | G56: (001410) BAZOOKA TUTI FRUTTI X80U | H56: 1410 | I56: BAZOOKA TUTI FRUTTI X80U | J56: 1427 | K56: BAZOOKA | L56: 1427 - BAZOOKA | Y56: 1374 | Z56: GOLOSINAS | AA56: 1374 - GOLOSINAS | AB56: 67242.935 | AC56: 82372.601 | AD56: 0.0556 | AE56: 0 | AF56: 0.0556 | AG56: 0 | AH56: 3735.72 | AI56: 4576.26 | AJ56: 0 | AK56: 0 | AL56: 0 | AM56: 1
A57: (001) 01 AGO 2026 - 19 AGO 2026 | B57: 1 | C57: 01 AGO 2026 - 19 AGO 2026 | D57: Suc: 001 (000001) VERA ERNESTO | E57: 1 | F57: VERA ERNESTO | G57: (001419) PALITOS DE LA SELVA X 660GR | H57: 1419 | I57: PALITOS DE LA SELVA X 660GR | J57: 1429 | K57: PAL DE LA SELVA | L57: 1429 - PAL DE LA SELVA | Y57: 1374 | Z57: GOLOSINAS | AA57: 1374 - GOLOSINAS | AB57: 60218.17 | AC57: 74489.874 | AD57: 0.4167 | AE57: 0 | AF57: 0.4167 | AG57: 0 | AH57: 25090.9 | AI57: 31037.45 | AJ57: 0 | AK57: 0 | AL57: 0 | AM57: 1
A58: (001) 01 AGO 2026 - 19 AGO 2026 | B58: 1 | C58: 01 AGO 2026 - 19 AGO 2026 | D58: Suc: 001 (000001) VERA ERNESTO | E58: 1 | F58: VERA ERNESTO | G58: (001560) PRESERV PRIME ULTRAFINOS X 3U. | H58: 1560 | I58: PRESERV PRIME ULTRAFINOS X 3U. | J58: 1150 | K58: PRIME | L58: 1150 - PRIME | Y58: 1376 | Z58: NO PERECEDEROS | AA58: 1376 - NO PERECEDEROS | AB58: 51141.659 | AC58: 63174.56 | AD58: 1.4583 | AE58: 0.25 | AF58: 1.7083 | AG58: 0 | AH58: 87367 | AI58: 107923.21 | AJ58: 0 | AK58: 0 | AL58: 0 | AM58: 1
A59: (001) 01 AGO 2026 - 19 AGO 2026 | B59: 1 | C59: 01 AGO 2026 - 19 AGO 2026 | D59: Suc: 001 (000001) VERA ERNESTO | E59: 1 | F59: VERA ERNESTO | G59: (001594) POLVORITAS FRUTILLA X 81 GR | H59: 1594 | I59: POLVORITAS FRUTILLA X 81 GR | J59: 1422 | K59: POLVORITAS | L59: 1422 - POLVORITAS | P59: 1067 | Q59: POLVORITAS 80G Y 147G | R59: 1067 - POLVORITAS 80G Y 147G | Y59: 1373 | Z59: GALLETITAS | AA59: 1373 - GALLETITAS | AB59: 17336.158 | AC59: 21348.323 | AD59: 2.7 | AE59: 0.125 | AF59: 2.825 | AG59: 0 | AH59: 48974.65 | AI59: 60309.01 | AJ59: 0 | AK59: 0 | AL59: 0 | AM59: 1
A60: (001) 01 AGO 2026 - 19 AGO 2026 | B60: 1 | C60: 01 AGO 2026 - 19 AGO 2026 | D60: Suc: 001 (000001) VERA ERNESTO | E60: 1 | F60: VERA ERNESTO | G60: (001604) MANTECOL MARMOLADO 111G | H60: 1604 | I60: MANTECOL MARMOLADO 111G | J60: 1430 | K60: MANTECOLS | L60: 1430 - MANTECOLS | Y60: 1374 | Z60: GOLOSINAS | AA60: 1374 - GOLOSINAS | AB60: 82354.059 | AC60: 100883.71 | AD60: 0.075 | AE60: 0 | AF60: 0.075 | AG60: 0 | AH60: 6176.55 | AI60: 7566.28 | AJ60: 0 | AK60: 0 | AL60: 0 | AM60: 1
A61: (001) 01 AGO 2026 - 19 AGO 2026 | B61: 1 | C61: 01 AGO 2026 - 19 AGO 2026 | D61: Suc: 001 (000001) VERA ERNESTO | E61: 1 | F61: VERA ERNESTO | G61: (001641) 9 DE ORO AGRIDULCE X 200 GR | H61: 1641 | I61: 9 DE ORO AGRIDULCE X 200 GR | J61: 1064 | K61: 9 DE ORO | L61: 1064 - 9 DE ORO | P61: 1066 | Q61: BIZCOCHOS 9 DE ORO | R61: 1066 - BIZCOCHOS 9 DE ORO | Y61: 1373 | Z61: GALLETITAS | AA61: 1373 - GALLETITAS | AB61: 17031.007 | AC61: 21020.082 | AD61: 8.45 | AE61: 0.3 | AF61: 8.75 | AG61: 0 | AH61: 149021.31 | AI61: 183925.72 | AJ61: 2 | AK61: 4.38 | AL61: 0 | AM61: 1
A62: (001) 01 AGO 2026 - 19 AGO 2026 | B62: 1 | C62: 01 AGO 2026 - 19 AGO 2026 | D62: Suc: 001 (000001) VERA ERNESTO | E62: 1 | F62: VERA ERNESTO | G62: (001642) 9 DE ORO SCONCITOS X 200 GR | H62: 1642 | I62: 9 DE ORO SCONCITOS X 200 GR | J62: 1064 | K62: 9 DE ORO | L62: 1064 - 9 DE ORO | P62: 1066 | Q62: BIZCOCHOS 9 DE ORO | R62: 1066 - BIZCOCHOS 9 DE ORO | Y62: 1373 | Z62: GALLETITAS | AA62: 1373 - GALLETITAS | AB62: 17024.486 | AC62: 21031.876 | AD62: 1.95 | AE62: 0.1 | AF62: 2.05 | AG62: 0 | AH62: 34900.2 | AI62: 43115.34 | AJ62: 0 | AK62: 0 | AL62: 0 | AM62: 1
A63: (001) 01 AGO 2026 - 19 AGO 2026 | B63: 1 | C63: 01 AGO 2026 - 19 AGO 2026 | D63: Suc: 001 (000001) VERA ERNESTO | E63: 1 | F63: VERA ERNESTO | G63: (001643) PASEO CRACKERS X 300GR | H63: 1643 | I63: PASEO CRACKERS X 300GR | J63: 1065 | K63: PASEO | L63: 1065 - PASEO | Y63: 1373 | Z63: GALLETITAS | AA63: 1373 - GALLETITAS | AB63: 14046.397 | AC63: 17265.526 | AD63: 1.0714 | AE63: 0 | AF63: 1.0714 | AG63: 0 | AH63: 15049.71 | AI63: 18498.78 | AJ63: 0 | AK63: 0 | AL63: 0 | AM63: 1
A64: (001) 01 AGO 2026 - 19 AGO 2026 | B64: 1 | C64: 01 AGO 2026 - 19 AGO 2026 | D64: Suc: 001 (000001) VERA ERNESTO | E64: 1 | F64: VERA ERNESTO | G64: (001646) 9 DE ORO CLASICO X 200 GR | H64: 1646 | I64: 9 DE ORO CLASICO X 200 GR | J64: 1064 | K64: 9 DE ORO | L64: 1064 - 9 DE ORO | P64: 1066 | Q64: BIZCOCHOS 9 DE ORO | R64: 1066 - BIZCOCHOS 9 DE ORO | Y64: 1373 | Z64: GALLETITAS | AA64: 1373 - GALLETITAS | AB64: 20791.591 | AC64: 25735.149 | AD64: 3.8333 | AE64: 0 | AF64: 3.8333 | AG64: 0 | AH64: 79701.1 | AI64: 98651.41 | AJ64: 0 | AK64: 0 | AL64: 0 | AM64: 1
A65: (001) 01 AGO 2026 - 19 AGO 2026 | B65: 1 | C65: 01 AGO 2026 - 19 AGO 2026 | D65: Suc: 001 (000001) VERA ERNESTO | E65: 1 | F65: VERA ERNESTO | G65: (001648) POLVORITAS CHOCOLATE X 81 GR | H65: 1648 | I65: POLVORITAS CHOCOLATE X 81 GR | J65: 1422 | K65: POLVORITAS | L65: 1422 - POLVORITAS | P65: 1067 | Q65: POLVORITAS 80G Y 147G | R65: 1067 - POLVORITAS 80G Y 147G | Y65: 1373 | Z65: GALLETITAS | AA65: 1373 - GALLETITAS | AB65: 15826.709 | AC65: 19554.51 | AD65: 2.05 | AE65: 0.25 | AF65: 2.3 | AG65: 0 | AH65: 36401.43 | AI65: 44975.37 | AJ65: 0 | AK65: 0 | AL65: 0 | AM65: 1
A66: (001) 01 AGO 2026 - 19 AGO 2026 | B66: 1 | C66: 01 AGO 2026 - 19 AGO 2026 | D66: Suc: 001 (000001) VERA ERNESTO | E66: 1 | F66: VERA ERNESTO | G66: (001696) PAÑUELITO CANDELA 1RA CALIDAD 10X6U. | H66: 1696 | I66: PAÑUELITO CANDELA 1RA CALIDAD 10X6U. | J66: 1460 | K66: CANDELA | L66: 1460 - CANDELA | Y66: 1369 | Z66: ALMACEN | AA66: 1369 - ALMACEN | AB66: 60727.8 | AC66: 74391.555 | AD66: 0.8333 | AE66: 0 | AF66: 0.8333 | AG66: 0 | AH66: 50606.5 | AI66: 61992.96 | AJ66: 5 | AK66: 0.17 | AL66: 0 | AM66: 1
A67: (001) 01 AGO 2026 - 19 AGO 2026 | B67: 1 | C67: 01 AGO 2026 - 19 AGO 2026 | D67: Suc: 001 (000001) VERA ERNESTO | E67: 1 | F67: VERA ERNESTO | G67: (001808) CHUPETIN PICO DULCE POTE X48U | H67: 1808 | I67: CHUPETIN PICO DULCE POTE X48U | J67: 1470 | K67: PICO DULCE | L67: 1470 - PICO DULCE | Y67: 1374 | Z67: GOLOSINAS | AA67: 1374 - GOLOSINAS | AB67: 95045.211 | AC67: 116711.33 | AD67: 2.9167 | AE67: 0.25 | AF67: 3.1667 | AG67: 0 | AH67: 300976.5 | AI67: 369585.88 | AJ67: 5 | AK67: 0.63 | AL67: 0 | AM67: 1
A68: (001) 01 AGO 2026 - 19 AGO 2026 | B68: 1 | C68: 01 AGO 2026 - 19 AGO 2026 | D68: Suc: 001 (000001) VERA ERNESTO | E68: 1 | F68: VERA ERNESTO | G68: (001870) TIC TAC X12U MENTA | H68: 1870 | I68: TIC TAC X12U MENTA | J68: 1351 | K68: TICTACS | L68: 1351 - TICTACS | P68: 1141 | Q68: TIC TAC | R68: 1141 - TIC TAC | Y68: 1372 | Z68: CHOCOLATE | AA68: 1372 - CHOCOLATE | AB68: 140996.6 | AC68: 172720.84 | AD68: 0.0833 | AE68: 0.0417 | AF68: 0.125 | AG68: 0 | AH68: 17624.57 | AI68: 21590.11 | AJ68: 0 | AK68: 0 | AL68: 0 | AM68: 1
A69: (001) 01 AGO 2026 - 19 AGO 2026 | B69: 1 | C69: 01 AGO 2026 - 19 AGO 2026 | D69: Suc: 001 (000001) VERA ERNESTO | E69: 1 | F69: VERA ERNESTO | G69: (001882) FERRERO ROCHER T3X16 | H69: 1882 | I69: FERRERO ROCHER T3X16 | J69: 1202 | K69: FERRERO ROCHER | L69: 1202 - FERRERO ROCHER | Y69: 1372 | Z69: CHOCOLATE | AA69: 1372 - CHOCOLATE | AB69: 141458.57 | AC69: 177530.5 | AD69: 1.1667 | AE69: 1.3333 | AF69: 2.5 | AG69: 0 | AH69: 353646.42 | AI69: 443826.25 | AJ69: 1 | AK69: 2.5 | AL69: 0 | AM69: 1
A70: (001) 01 AGO 2026 - 19 AGO 2026 | B70: 1 | C70: 01 AGO 2026 - 19 AGO 2026 | D70: Suc: 001 (000001) VERA ERNESTO | E70: 1 | F70: VERA ERNESTO | G70: (001919) CARAM SUGUS CONFITADO X 50 GR. | H70: 1919 | I70: CARAM SUGUS CONFITADO X 50 GR. | J70: 1421 | K70: SUGUS | L70: 1421 - SUGUS | Y70: 1374 | Z70: GOLOSINAS | AA70: 1374 - GOLOSINAS | AB70: 25262.386 | AC70: 31085.096 | AD70: 8.7333 | AE70: 0.1667 | AF70: 8.9 | AG70: 0 | AH70: 224835.24 | AI70: 276657.36 | AJ70: 3 | AK70: 2.97 | AL70: 0 | AM70: 1
A71: (001) 01 AGO 2026 - 19 AGO 2026 | B71: 1 | C71: 01 AGO 2026 - 19 AGO 2026 | D71: Suc: 001 (000001) VERA ERNESTO | E71: 1 | F71: VERA ERNESTO | G71: (001940) FLYNN PAFF BANANA 70U. X 8GR | H71: 1940 | I71: FLYNN PAFF BANANA 70U. X 8GR | J71: 1425 | K71: FLYNN PAFFS | L71: 1425 - FLYNN PAFFS | P71: 1277 | Q71: FLYNN PAFF | R71: 1277 - FLYNN PAFF | Y71: 1374 | Z71: GOLOSINAS | AA71: 1374 - GOLOSINAS | AB71: 50527.192 | AC71: 62531.342 | AD71: 0.1667 | AE71: 0 | AF71: 0.1667 | AG71: 0 | AH71: 8421.2 | AI71: 10421.89 | AJ71: 0 | AK71: 0 | AL71: 0 | AM71: 1
A72: (001) 01 AGO 2026 - 19 AGO 2026 | B72: 1 | C72: 01 AGO 2026 - 19 AGO 2026 | D72: Suc: 001 (000001) VERA ERNESTO | E72: 1 | F72: VERA ERNESTO | G72: (001942) FLYNN PAFF TUTI FRUTI 70U. X 8GR | H72: 1942 | I72: FLYNN PAFF TUTI FRUTI 70U. X 8GR | J72: 1425 | K72: FLYNN PAFFS | L72: 1425 - FLYNN PAFFS | P72: 1277 | Q72: FLYNN PAFF | R72: 1277 - FLYNN PAFF | Y72: 1374 | Z72: GOLOSINAS | AA72: 1374 - GOLOSINAS | AB72: 43310.167 | AC72: 53591.623 | AD72: 0.4167 | AE72: 0 | AF72: 0.4167 | AG72: 0 | AH72: 18045.9 | AI72: 22329.84 | AJ72: 1 | AK72: 0.42 | AL72: 0 | AM72: 1
A73: (001) 01 AGO 2026 - 19 AGO 2026 | B73: 1 | C73: 01 AGO 2026 - 19 AGO 2026 | D73: Suc: 001 (000001) VERA ERNESTO | E73: 1 | F73: VERA ERNESTO | G73: (001944) FLYNN PAFF FRUTILLA 70U. X 8GR | H73: 1944 | I73: FLYNN PAFF FRUTILLA 70U. X 8GR | J73: 1425 | K73: FLYNN PAFFS | L73: 1425 - FLYNN PAFFS | P73: 1277 | Q73: FLYNN PAFF | R73: 1277 - FLYNN PAFF | Y73: 1374 | Z73: GOLOSINAS | AA73: 1374 - GOLOSINAS | AB73: 61946.061 | AC73: 75883.92 | AD73: 0.1667 | AE73: 0 | AF73: 0.1667 | AG73: 0 | AH73: 10324.34 | AI73: 12647.32 | AJ73: 0 | AK73: 0 | AL73: 0 | AM73: 1
A74: (001) 01 AGO 2026 - 19 AGO 2026 | B74: 1 | C74: 01 AGO 2026 - 19 AGO 2026 | D74: Suc: 001 (000001) VERA ERNESTO | E74: 1 | F74: VERA ERNESTO | G74: (001971) KINDER CHOCOLATE MAXI X 210GR T.10 | H74: 1971 | I74: KINDER CHOCOLATE MAXI X 210GR T.10 | J74: 1204 | K74: KINDER SORP | L74: 1204 - KINDER SORP | Y74: 1372 | Z74: CHOCOLATE | AA74: 1372 - CHOCOLATE | AB74: 191259.18 | AC74: 236587.57 | AD74: 0.1786 | AE74: 0 | AF74: 0.1786 | AG74: 0 | AH74: 34153.42 | AI74: 42247.78 | AJ74: 1 | AK74: 0.18 | AL74: 0 | AM74: 1
A75: (001) 01 AGO 2026 - 19 AGO 2026 | B75: 1 | C75: 01 AGO 2026 - 19 AGO 2026 | D75: Suc: 001 (000001) VERA ERNESTO | E75: 1 | F75: VERA ERNESTO | G75: (001996) FERRERO ROCHER T.8 DISPLAY | H75: 1996 | I75: FERRERO ROCHER T.8 DISPLAY | J75: 1202 | K75: FERRERO ROCHER | L75: 1202 - FERRERO ROCHER | Y75: 1372 | Z75: CHOCOLATE | AA75: 1372 - CHOCOLATE | AB75: 146168.55 | AC75: 183441.54 | AD75: 1.1 | AE75: 0 | AF75: 1.1 | AG75: 0 | AH75: 160785.41 | AI75: 201785.69 | AJ75: 0 | AK75: 0 | AL75: 0 | AM75: 1
A76: (001) 01 AGO 2026 - 19 AGO 2026 | B76: 1 | C76: 01 AGO 2026 - 19 AGO 2026 | D76: Suc: 001 (000001) VERA ERNESTO | E76: 1 | F76: VERA ERNESTO | G76: (002039) SPEED BEBIDA ENERGIZANTE X250CC | H76: 2039 | I76: SPEED BEBIDA ENERGIZANTE X250CC | Y76: 1370 | Z76: BEBIDAS | AA76: 1370 - BEBIDAS | AB76: 23266.803 | AC76: 29199.837 | AD76: 5 | AE76: 1 | AF76: 6 | AG76: 0 | AH76: 139600.82 | AI76: 175199.02 | AJ76: 1 | AK76: 6 | AL76: 0 | AM76: 1
A77: (001) 01 AGO 2026 - 19 AGO 2026 | B77: 1 | C77: 01 AGO 2026 - 19 AGO 2026 | D77: Suc: 001 (000001) VERA ERNESTO | E77: 1 | F77: VERA ERNESTO | G77: (002168) POXI-MIX X 1250 GR INTERIOR | H77: 2168 | I77: POXI-MIX X 1250 GR INTERIOR | J77: 1168 | K77: POXI-MIX | L77: 1168 - POXI-MIX | P77: 1090 | Q77: PEGAMENTOS | R77: 1090 - PEGAMENTOS | Y77: 1376 | Z77: NO PERECEDEROS | AA77: 1376 - NO PERECEDEROS | AB77: 44867.879 | AC77: 54963.152 | AD77: 1 | AE77: 0 | AF77: 1 | AG77: 0 | AH77: 44867.88 | AI77: 54963.15 | AJ77: 0 | AK77: 0 | AL77: 0 | AM77: 1
A78: (001) 01 AGO 2026 - 19 AGO 2026 | B78: 1 | C78: 01 AGO 2026 - 19 AGO 2026 | D78: Suc: 001 (000001) VERA ERNESTO | E78: 1 | F78: VERA ERNESTO | G78: (002308) PARAGUITAS FELFORT X 20U. X 13G | H78: 2308 | I78: PARAGUITAS FELFORT X 20U. X 13G | Y78: 1372 | Z78: CHOCOLATE | AA78: 1372 - CHOCOLATE | AB78: 261957.07 | AC78: 320897.41 | AD78: 0.2083 | AE78: 0 | AF78: 0.2083 | AG78: 0 | AH78: 54574.39 | AI78: 66853.63 | AJ78: 1 | AK78: 0.21 | AL78: 0 | AM78: 1
A79: (001) 01 AGO 2026 - 19 AGO 2026 | B79: 1 | C79: 01 AGO 2026 - 19 AGO 2026 | D79: Suc: 001 (000001) VERA ERNESTO | E79: 1 | F79: VERA ERNESTO | G79: (002338) DON SATUR BIZCOCH DULCES X 200GR | H79: 2338 | I79: DON SATUR BIZCOCH DULCES X 200GR | P79: 1086 | Q79: BIZCOCHO DON SATUR | R79: 1086 - BIZCOCHO DON SATUR | Y79: 1373 | Z79: GALLETITAS | AA79: 1373 - GALLETITAS | AB79: 26847.642 | AC79: 33039.615 | AD79: 6.7 | AE79: 0.8333 | AF79: 7.5333 | AG79: 0 | AH79: 202252.24 | AI79: 248898.43 | AJ79: 4 | AK79: 1.88 | AL79: 0 | AM79: 1
A80: (001) 01 AGO 2026 - 19 AGO 2026 | B80: 1 | C80: 01 AGO 2026 - 19 AGO 2026 | D80: Suc: 001 (000001) VERA ERNESTO | E80: 1 | F80: VERA ERNESTO | G80: (002339) DON SATUR BIZCOCH SALADOS X 200GR | H80: 2339 | I80: DON SATUR BIZCOCH SALADOS X 200GR | P80: 1086 | Q80: BIZCOCHO DON SATUR | R80: 1086 - BIZCOCHO DON SATUR | Y80: 1373 | Z80: GALLETITAS | AA80: 1373 - GALLETITAS | AB80: 28912.489 | AC80: 35612.943 | AD80: 10.8 | AE80: 0.5 | AF80: 11.3 | AG80: 0 | AH80: 326711.13 | AI80: 402426.26 | AJ80: 2 | AK80: 5.65 | AL80: 0 | AM80: 1
A81: (001) 01 AGO 2026 - 19 AGO 2026 | B81: 1 | C81: 01 AGO 2026 - 19 AGO 2026 | D81: Suc: 001 (000001) VERA ERNESTO | E81: 1 | F81: VERA ERNESTO | G81: (002734) WHISKAS ADULTO POLLO LATA X 340GR | H81: 2734 | I81: WHISKAS ADULTO POLLO LATA X 340GR | J81: 1193 | K81: WHISKAS MARCA | L81: 1193 - WHISKAS MARCA | P81: 1133 | Q81: LATAS WHISKAS | R81: 1133 - LATAS WHISKAS | Y81: 1375 | Z81: MASCOTAS | AA81: 1375 - MASCOTAS | AB81: 56595.984 | AC81: 69330.084 | AD81: 0.125 | AE81: 0 | AF81: 0.125 | AG81: 0 | AH81: 7074.5 | AI81: 8666.26 | AJ81: 0 | AK81: 0 | AL81: 0 | AM81: 1
A82: (001) 01 AGO 2026 - 19 AGO 2026 | B82: 1 | C82: 01 AGO 2026 - 19 AGO 2026 | D82: Suc: 001 (000001) VERA ERNESTO | E82: 1 | F82: VERA ERNESTO | G82: (003063) MISKY TURRON DE MANI X 50U X25 GR | H82: 3063 | I82: MISKY TURRON DE MANI X 50U X25 GR | J82: 1414 | K82: MISKY | L82: 1414 - MISKY | Y82: 1374 | Z82: GOLOSINAS | AA82: 1374 - GOLOSINAS | AB82: 29934.11 | AC82: 36669.285 | AD82: 1 | AE82: 0 | AF82: 1 | AG82: 0 | AH82: 29934.11 | AI82: 36669.28 | AJ82: 1 | AK82: 1 | AL82: 0 | AM82: 1
A83: (001) 01 AGO 2026 - 19 AGO 2026 | B83: 1 | C83: 01 AGO 2026 - 19 AGO 2026 | D83: Suc: 001 (000001) VERA ERNESTO | E83: 1 | F83: VERA ERNESTO | G83: (003235) LAS COLONIAS ALF DOBLE BCO FORT 48X30 GS | H83: 3235 | I83: LAS COLONIAS ALF DOBLE BCO FORT 48X30 GS | J83: 1477 | K83: ALFAJORES LAS COLONIAS | L83: 1477 - ALFAJORES LAS COLONIAS | P83: 1197 | Q83: ALF LAS COLONIAS DOBLE | R83: 1197 - ALF LAS COLONIAS DOBLE | Y83: 1373 | Z83: GALLETITAS | AA83: 1373 - GALLETITAS | AB83: 103737.3 | AC83: 128634.27 | AD83: 0.0833 | AE83: 0 | AF83: 0.0833 | AG83: 0 | AH83: 8644.78 | AI83: 10719.52 | AJ83: 1 | AK83: 0.08 | AL83: 0 | AM83: 1
A84: (001) 01 AGO 2026 - 19 AGO 2026 | B84: 1 | C84: 01 AGO 2026 - 19 AGO 2026 | D84: Suc: 001 (000001) VERA ERNESTO | E84: 1 | F84: VERA ERNESTO | G84: (003236) LAS COLONIAS ALF DOBLE NGO FORT 48X30 GS | H84: 3236 | I84: LAS COLONIAS ALF DOBLE NGO FORT 48X30 GS | J84: 1477 | K84: ALFAJORES LAS COLONIAS | L84: 1477 - ALFAJORES LAS COLONIAS | P84: 1197 | Q84: ALF LAS COLONIAS DOBLE | R84: 1197 - ALF LAS COLONIAS DOBLE | Y84: 1373 | Z84: GALLETITAS | AA84: 1373 - GALLETITAS | AB84: 103737.3 | AC84: 128634.27 | AD84: 0.0833 | AE84: 0 | AF84: 0.0833 | AG84: 0 | AH84: 8644.78 | AI84: 10719.52 | AJ84: 0 | AK84: 0 | AL84: 0 | AM84: 1
A85: (001) 01 AGO 2026 - 19 AGO 2026 | B85: 1 | C85: 01 AGO 2026 - 19 AGO 2026 | D85: Suc: 001 (000001) VERA ERNESTO | E85: 1 | F85: VERA ERNESTO | G85: (003237) LAS COLONIAS ALF 3 PISOS BCO 24X65 GS | H85: 3237 | I85: LAS COLONIAS ALF 3 PISOS BCO 24X65 GS | J85: 1477 | K85: ALFAJORES LAS COLONIAS | L85: 1477 - ALFAJORES LAS COLONIAS | P85: 1093 | Q85: ALF LAS COLONIAS TRIPLE | R85: 1093 - ALF LAS COLONIAS TRIPLE | Y85: 1373 | Z85: GALLETITAS | AA85: 1373 - GALLETITAS | AB85: 100290.18 | AC85: 123808.59 | AD85: 2.5 | AE85: 0 | AF85: 2.5 | AG85: 0 | AH85: 250725.44 | AI85: 309521.47 | AJ85: 2 | AK85: 1.25 | AL85: 0 | AM85: 1
A86: (001) 01 AGO 2026 - 19 AGO 2026 | B86: 1 | C86: 01 AGO 2026 - 19 AGO 2026 | D86: Suc: 001 (000001) VERA ERNESTO | E86: 1 | F86: VERA ERNESTO | G86: (003238) LAS COLONIAS ALF 3 PISOS NGRO 24X65 GS | H86: 3238 | I86: LAS COLONIAS ALF 3 PISOS NGRO 24X65 GS | J86: 1477 | K86: ALFAJORES LAS COLONIAS | L86: 1477 - ALFAJORES LAS COLONIAS | P86: 1093 | Q86: ALF LAS COLONIAS TRIPLE | R86: 1093 - ALF LAS COLONIAS TRIPLE | Y86: 1373 | Z86: GALLETITAS | AA86: 1373 - GALLETITAS | AB86: 100078.51 | AC86: 123789.84 | AD86: 2.9167 | AE86: 0 | AF86: 2.9167 | AG86: 0 | AH86: 291895.64 | AI86: 361053.69 | AJ86: 4 | AK86: 0.73 | AL86: 0 | AM86: 1
A87: (001) 01 AGO 2026 - 19 AGO 2026 | B87: 1 | C87: 01 AGO 2026 - 19 AGO 2026 | D87: Suc: 001 (000001) VERA ERNESTO | E87: 1 | F87: VERA ERNESTO | G87: (003239) LAS COLONIAS ALF 3 PISOS MIX 24X65 GS | H87: 3239 | I87: LAS COLONIAS ALF 3 PISOS MIX 24X65 GS | J87: 1477 | K87: ALFAJORES LAS COLONIAS | L87: 1477 - ALFAJORES LAS COLONIAS | P87: 1093 | Q87: ALF LAS COLONIAS TRIPLE | R87: 1093 - ALF LAS COLONIAS TRIPLE | Y87: 1373 | Z87: GALLETITAS | AA87: 1373 - GALLETITAS | AB87: 101345.55 | AC87: 125061.45 | AD87: 1.6667 | AE87: 0 | AF87: 1.6667 | AG87: 0 | AH87: 168909.26 | AI87: 208435.75 | AJ87: 2 | AK87: 0.83 | AL87: 0 | AM87: 1
A88: (001) 01 AGO 2026 - 19 AGO 2026 | B88: 1 | C88: 01 AGO 2026 - 19 AGO 2026 | D88: Suc: 001 (000001) VERA ERNESTO | E88: 1 | F88: VERA ERNESTO | G88: (003448) CARAM PICO DULCE X 450GR | H88: 3448 | I88: CARAM PICO DULCE X 450GR | J88: 1470 | K88: PICO DULCE | L88: 1470 - PICO DULCE | Y88: 1374 | Z88: GOLOSINAS | AA88: 1374 - GOLOSINAS | AB88: 89440.64 | AC88: 109904.43 | AD88: 0.25 | AE88: 0 | AF88: 0.25 | AG88: 0 | AH88: 22360.16 | AI88: 27476.11 | AJ88: 0 | AK88: 0 | AL88: 0 | AM88: 1
A89: (001) 01 AGO 2026 - 19 AGO 2026 | B89: 1 | C89: 01 AGO 2026 - 19 AGO 2026 | D89: Suc: 001 (000001) VERA ERNESTO | E89: 1 | F89: VERA ERNESTO | G89: (003470) POXI-MIX X 5 KG EXTERIOR | H89: 3470 | I89: POXI-MIX X 5 KG EXTERIOR | J89: 1168 | K89: POXI-MIX | L89: 1168 - POXI-MIX | P89: 1090 | Q89: PEGAMENTOS | R89: 1090 - PEGAMENTOS | Y89: 1376 | Z89: NO PERECEDEROS | AA89: 1376 - NO PERECEDEROS | AB89: 37184.34 | AC89: 45550.817 | AD89: 0.5 | AE89: 0 | AF89: 0.5 | AG89: 0 | AH89: 18592.17 | AI89: 22775.41 | AJ89: 0 | AK89: 0 | AL89: 0 | AM89: 1
A90: (001) 01 AGO 2026 - 19 AGO 2026 | B90: 1 | C90: 01 AGO 2026 - 19 AGO 2026 | D90: Suc: 001 (000001) VERA ERNESTO | E90: 1 | F90: VERA ERNESTO | G90: (003493) SAPITO RELLENO CHOCOLATOSO 24U X 10G | H90: 3493 | I90: SAPITO RELLENO CHOCOLATOSO 24U X 10G | J90: 1418 | K90: SAPITOS | L90: 1418 - SAPITOS | P90: 1068 | Q90: SAPITO | R90: 1068 - SAPITO | Y90: 1374 | Z90: GOLOSINAS | AA90: 1374 - GOLOSINAS | AB90: 37241.376 | AC90: 45620.682 | AD90: 0.25 | AE90: 0 | AF90: 0.25 | AG90: 0 | AH90: 9310.34 | AI90: 11405.17 | AJ90: 0 | AK90: 0 | AL90: 0 | AM90: 1
A91: (001) 01 AGO 2026 - 19 AGO 2026 | B91: 1 | C91: 01 AGO 2026 - 19 AGO 2026 | D91: Suc: 001 (000001) VERA ERNESTO | E91: 1 | F91: VERA ERNESTO | G91: (003494) SAPITO RELLENO DULCE DE LECHE 24U X 10G | H91: 3494 | I91: SAPITO RELLENO DULCE DE LECHE 24U X 10G | J91: 1418 | K91: SAPITOS | L91: 1418 - SAPITOS | P91: 1068 | Q91: SAPITO | R91: 1068 - SAPITO | Y91: 1374 | Z91: GOLOSINAS | AA91: 1374 - GOLOSINAS | AB91: 37241.376 | AC91: 45620.682 | AD91: 0.25 | AE91: 0 | AF91: 0.25 | AG91: 0 | AH91: 9310.34 | AI91: 11405.17 | AJ91: 0 | AK91: 0 | AL91: 0 | AM91: 1
A92: (001) 01 AGO 2026 - 19 AGO 2026 | B92: 1 | C92: 01 AGO 2026 - 19 AGO 2026 | D92: Suc: 001 (000001) VERA ERNESTO | E92: 1 | F92: VERA ERNESTO | G92: (003495) SAPITO FRUTILLA 24U X 10G | H92: 3495 | I92: SAPITO FRUTILLA 24U X 10G | J92: 1418 | K92: SAPITOS | L92: 1418 - SAPITOS | P92: 1068 | Q92: SAPITO | R92: 1068 - SAPITO | Y92: 1374 | Z92: GOLOSINAS | AA92: 1374 - GOLOSINAS | AB92: 37241.376 | AC92: 45620.682 | AD92: 0.25 | AE92: 0 | AF92: 0.25 | AG92: 0 | AH92: 9310.34 | AI92: 11405.17 | AJ92: 0 | AK92: 0 | AL92: 0 | AM92: 1
A93: (001) 01 AGO 2026 - 19 AGO 2026 | B93: 1 | C93: 01 AGO 2026 - 19 AGO 2026 | D93: Suc: 001 (000001) VERA ERNESTO | E93: 1 | F93: VERA ERNESTO | G93: (003500) KINDER CHOCOLATE T1 X24U X300G | H93: 3500 | I93: KINDER CHOCOLATE T1 X24U X300G | J93: 1204 | K93: KINDER SORP | L93: 1204 - KINDER SORP | Y93: 1372 | Z93: CHOCOLATE | AA93: 1372 - CHOCOLATE | AB93: 140702.62 | AC93: 174471.25 | AD93: 0.25 | AE93: 0 | AF93: 0.25 | AG93: 0 | AH93: 35175.65 | AI93: 43617.81 | AJ93: 1 | AK93: 0.25 | AL93: 0 | AM93: 1
A94: (001) 01 AGO 2026 - 19 AGO 2026 | B94: 1 | C94: 01 AGO 2026 - 19 AGO 2026 | D94: Suc: 001 (000001) VERA ERNESTO | E94: 1 | F94: VERA ERNESTO | G94: (003536) POLVORITAS FRUTILLA X 152 GR | H94: 3536 | I94: POLVORITAS FRUTILLA X 152 GR | J94: 1422 | K94: POLVORITAS | L94: 1422 - POLVORITAS | Y94: 1373 | Z94: GALLETITAS | AA94: 1373 - GALLETITAS | AB94: 27362.628 | AC94: 33734.343 | AD94: 1.1389 | AE94: 0.0278 | AF94: 1.1667 | AG94: 0 | AH94: 31923.07 | AI94: 39356.73 | AJ94: 0 | AK94: 0 | AL94: 0 | AM94: 1
A95: (001) 01 AGO 2026 - 19 AGO 2026 | B95: 1 | C95: 01 AGO 2026 - 19 AGO 2026 | D95: Suc: 001 (000001) VERA ERNESTO | E95: 1 | F95: VERA ERNESTO | G95: (003537) POLVORITAS VAINILLA X 152 GR | H95: 3537 | I95: POLVORITAS VAINILLA X 152 GR | J95: 1422 | K95: POLVORITAS | L95: 1422 - POLVORITAS | P95: 1167 | Q95: POLVORITA 147G | R95: 1167 - POLVORITA 147G | Y95: 1373 | Z95: GALLETITAS | AA95: 1373 - GALLETITAS | AB95: 27911.414 | AC95: 34428.702 | AD95: 0.9722 | AE95: 0 | AF95: 0.9722 | AG95: 0 | AH95: 27136.1 | AI95: 33472.35 | AJ95: 0 | AK95: 0 | AL95: 0 | AM95: 1
A96: (001) 01 AGO 2026 - 19 AGO 2026 | B96: 1 | C96: 01 AGO 2026 - 19 AGO 2026 | D96: Suc: 001 (000001) VERA ERNESTO | E96: 1 | F96: VERA ERNESTO | G96: (003586) TE TARAGUI 25 SAQ X 2GR (S/ENS) FILTRO E | H96: 3586 | I96: TE TARAGUI 25 SAQ X 2GR (S/ENS) FILTRO E | J96: 1006 | K96: TARAGUI | L96: 1006 - TARAGUI | P96: 1004 | Q96: INFUSIONES | R96: 1004 - INFUSIONES | Y96: 1369 | Z96: ALMACEN | AA96: 1369 - ALMACEN | AB96: 6081.883 | AC96: 7547.149 | AD96: 2.8 | AE96: 0 | AF96: 2.8 | AG96: 0 | AH96: 17029.27 | AI96: 21132.02 | AJ96: 1 | AK96: 2.8 | AL96: 0 | AM96: 1
A97: (001) 01 AGO 2026 - 19 AGO 2026 | B97: 1 | C97: 01 AGO 2026 - 19 AGO 2026 | D97: Suc: 001 (000001) VERA ERNESTO | E97: 1 | F97: VERA ERNESTO | G97: (003994) LINCOLN CLASICAS X153G | H97: 3994 | I97: LINCOLN CLASICAS X153G | Y97: 1373 | Z97: GALLETITAS | AA97: 1373 - GALLETITAS | AB97: 72003.12 | AC97: 90363.936 | AD97: 0.05 | AE97: 0 | AF97: 0.05 | AG97: 0 | AH97: 3600.16 | AI97: 4518.2 | AJ97: 0 | AK97: 0 | AL97: 0 | AM97: 1
A98: (001) 01 AGO 2026 - 19 AGO 2026 | B98: 1 | C98: 01 AGO 2026 - 19 AGO 2026 | D98: Suc: 001 (000001) VERA ERNESTO | E98: 1 | F98: VERA ERNESTO | G98: (003996) LINCOLN COCO X153 G | H98: 3996 | I98: LINCOLN COCO X153 G | Y98: 1373 | Z98: GALLETITAS | AA98: 1373 - GALLETITAS | AB98: 60002.6 | AC98: 75303.263 | AD98: 0.0833 | AE98: 0.0167 | AF98: 0.1 | AG98: 0 | AH98: 6000.26 | AI98: 7530.33 | AJ98: 0 | AK98: 0 | AL98: 0 | AM98: 1
A99: (001) 01 AGO 2026 - 19 AGO 2026 | B99: 1 | C99: 01 AGO 2026 - 19 AGO 2026 | D99: Suc: 001 (000001) VERA ERNESTO | E99: 1 | F99: VERA ERNESTO | G99: (004117) PILA E-91 AA X 20U ENERGIZER ALCALINA | H99: 4117 | I99: PILA E-91 AA X 20U ENERGIZER ALCALINA | J99: 1019 | K99: ENERGIZER | L99: 1019 - ENERGIZER | P99: 1020 | Q99: PILA | R99: 1020 - PILA | Y99: 1402 | Z99: PILAS | AA99: 1402 - PILAS | AB99: 125030.13 | AC99: 153328.12 | AD99: 8 | AE99: 0.3333 | AF99: 8.3333 | AG99: 0 | AH99: 1041917.8 | AI99: 1277734.3 | AJ99: 21 | AK99: 0.4 | AL99: 0 | AM99: 1
A100: (001) 01 AGO 2026 - 19 AGO 2026 | B100: 1 | C100: 01 AGO 2026 - 19 AGO 2026 | D100: Suc: 001 (000001) VERA ERNESTO | E100: 1 | F100: VERA ERNESTO | G100: (004118) PILA E-92 AAA X20U ENERGIZER ALCANILA | H100: 4118 | I100: PILA E-92 AAA X20U ENERGIZER ALCANILA | J100: 1019 | K100: ENERGIZER | L100: 1019 - ENERGIZER | P100: 1020 | Q100: PILA | R100: 1020 - PILA | Y100: 1402 | Z100: PILAS | AA100: 1402 - PILAS | AB100: 127067.5 | AC100: 155919.06 | AD100: 6.6667 | AE100: 0 | AF100: 6.6667 | AG100: 0 | AH100: 847116.68 | AI100: 1039460.4 | AJ100: 6 | AK100: 1.11 | AL100: 0 | AM100: 1
...

Sheet Promedio Horas
A1: Cod | B1: Vendedor | D1: Promedio Mensual
A2: V2 | B2: =+AVANCE!B16 -> 2 - OJEDA NORBERTO | D2: 0.19079398
A3: V3 | B3: =+AVANCE!B17 -> 3 - VIDAL NAHUEL | D3: 0.28310571
A4: V18 | B4: =+AVANCE!B18 -> 18 - HERRERA PABLO | D4: 0.26613194
A5: V21 | B5: =+AVANCE!B19 -> 21 - CATAN MATIAS | D5: 0.26454167
A6: V23 | B6: =+AVANCE!B20 -> 23 - DELGADO JOSÉ | D6: 0.25136651
A7: V31 | B7: =+AVANCE!B21 -> 31 - RENZO RAMOS | D7: 0.26971219
A8: V44 | B8: =+AVANCE!B22 -> 44 - MONGES CESAR LUIS | D8: 0.25700077
A9: V54 | B9: =+AVANCE!B23 -> 54 - BARTSCHAT EMILIANO NAHUEL | D9: 0.24046914
A10: V56 | B10: =+AVANCE!B42 -> 56 - JUAN ANDRES SANCHEZ | D10: 0.1005517
A11: V4 | B11: =+AVANCE!B9 -> 4 - TUR SPRINGER FERNANDO | D11: 0.25588503
A12: V5 | B12: =+AVANCE!B8 -> 5 - SCHELOVER RAUL | D12: 0.2990108
A13: V8 | B13: =+AVANCE!B7 -> 8 - PARRA MAXIMILIANO | D13: 0.26771065
A14: V11 | B14: =+AVANCE!B6 -> 11 - SANCHEZ RICARDO | D14: 0.29193287
A15: V12 | B15: =+AVANCE!B5 -> 12 - GUTIERREZ MARCOS DAVID | D15: 0.24288426
A16: V16 | B16: =+AVANCE!B4 -> 16 - GOMEZ MATÍAS | D16: 0.2233269
A17: V19 | B17: =+AVANCE!B3 -> 19 - GONZALEZ MARCELO | D17: 0.2550216
A18: V20 | B18: =+AVANCE!B2 -> 20 - FLORES JAVIER | D18: 0.2709946
A19: V49 | B19: =+AVANCE!B41 -> 49 - ESCOBAR RAÚL | D19: 0.25970988
A20: V1 | B20: =+AVANCE!B37 -> 1 - VERA ERNESTO | D20: 0.2933017
A21: V9 | B21: =+AVANCE!B27 -> 9 - ESTIGARRIBIA DAVID | D21: 0.24611111
A22: V10 | B22: =+AVANCE!B30 -> 10 - BRITEZ EMMANUEL | D22: 0.26748534
A23: V24 | B23: =+AVANCE!B34 -> 24 - SOLIS EMMANUEL | D23: 0.2472554
A24: V27 | B24: =+AVANCE!B29 -> 27 - GOMEZ ADRIÁN | D24: 0.25832485
A25: V28 | B25: =+AVANCE!B31 -> 28 - GOMEZ PABLO | D25: 0.22076157
A26: V33 | B26: =+AVANCE!B32 -> 33 - NICOLAS AZULA | D26: 0.26807639
A27: V36 | B27: =+AVANCE!B26 -> 36 - COSARINSKI DIEGO | D27: 0.24040278
A28: V37 | B28: =+AVANCE!B33 -> 37 - SALAJ EMILIO | D28: 0.26019213
A29: V40 | B29: =+AVANCE!B28 -> 40 - IBARROLA JORGE | D29: 0.23019792
A30: V52 | B30: =+AVANCE!B13 -> 52 - RAVAROTTO EMANUEL | D30: 0.23220679
A31: V53 | B31: =+AVANCE!B14 -> 53 - SANDOVAL RODRIGO | D31: 0.15221258
A32: V15 | B32: =+AVANCE!B12 -> 15 - GALARZA GERARDO | D32: 0.2249267
A33: V22 | B33: =+AVANCE!B11 -> 22 - ALMIRON NICOLAS | D33: 0.20851312
A34: V7 | B34: =+AVANCE!B35 -> 7 - VALLEJOS EDUARDO | D34: 0.13290895
A35: V32 | B35: =+AVANCE!B25 -> 32 - CABRAL GONZALO | D35: 0.14253472
A36: V57 | B36: =+AVANCE!B36 -> 57 - FEDERRATH MARTIN | D36: 0.18373148

Sheet Venta C
B1: VENDEDOR/ SUPERVISOR | C1: Venta NETA ARTICULOS C
A2: 20 | B2: 20 - FLORES JAVIER | C2: =IFERROR(VLOOKUP(A2,'Base venta C'!$E:$P,12,FALSE),"0")*1 -> 343887.46
A3: 19 | B3: 19 - GONZALEZ MARCELO | C3: =IFERROR(VLOOKUP(A3,'Base venta C'!$E:$P,12,FALSE),"0")*1 -> 365262.82
A4: 16 | B4: 16 - GOMEZ MATÍAS | C4: =IFERROR(VLOOKUP(A4,'Base venta C'!$E:$P,12,FALSE),"0")*1 -> 271002.4
A5: 12 | B5: 12 - GUTIERREZ MARCOS DAVID | C5: =IFERROR(VLOOKUP(A5,'Base venta C'!$E:$P,12,FALSE),"0")*1 -> 284624.48
A6: 11 | B6: 11 - ZACARIAS DAVID | C6: =IFERROR(VLOOKUP(A6,'Base venta C'!$E:$P,12,FALSE),"0")*1 -> 166886.05
A7: 8 | B7: 8 - RAVAROTTO EMANUEL | C7: =IFERROR(VLOOKUP(A7,'Base venta C'!$E:$P,12,FALSE),"0")*1 -> 284846.64
A8: 5 | B8: 5 - SCHELOVER RAUL | C8: =IFERROR(VLOOKUP(A8,'Base venta C'!$E:$P,12,FALSE),"0")*1 -> 322216.7
A9: 4 | B9: 4 - TUR SPRINGER FERNANDO | C9: =IFERROR(VLOOKUP(A9,'Base venta C'!$E:$P,12,FALSE),"0")*1 -> 875228.78
B10: MARTIN (SUPERVISOR) PREVENTA
A11: 22 | B11: 22 - ALMIRON NICOLAS | C11: =IFERROR(VLOOKUP(A11,'Base venta C'!$E:$P,12,FALSE),"0")*1 -> 270784.37
A12: 49 | B12: 49 - ESCOBAR RAÚL | C12: =IFERROR(VLOOKUP(A12,'Base venta C'!$E:$P,12,FALSE),"0")*1 -> 76349.44
A13: 15 | B13: 15 - GALARZA GERARDO | C13: =IFERROR(VLOOKUP(A13,'Base venta C'!$E:$P,12,FALSE),"0")*1 -> 1329007.3
A14: 52 | B14: 52 - MARSALL NICOLAS | C14: =IFERROR(VLOOKUP(A14,'Base venta C'!$E:$P,12,FALSE),"0")*1 -> 155315.73
A15: 53 | B15: 53 - SANDOVAL RODRIGO | C15: =IFERROR(VLOOKUP(A15,'Base venta C'!$E:$P,12,FALSE),"0")*1 -> 833691.44
B16: MARTIN (SUPERVISOR)
A17: 2 | B17: 2 - OJEDA NORBERTO | C17: =IFERROR(VLOOKUP(A17,'Base venta C'!$E:$P,12,FALSE),"0")*1 -> 355809.05
A18: 3 | B18: 3 - VIDAL NAHUEL | C18: =IFERROR(VLOOKUP(A18,'Base venta C'!$E:$P,12,FALSE),"0")*1 -> 461503.95
A19: 18 | B19: 18 - HERRERA PABLO | C19: =IFERROR(VLOOKUP(A19,'Base venta C'!$E:$P,12,FALSE),"0")*1 -> 465462.81
A20: 21 | B20: 21 - CATAN MATIAS | C20: =IFERROR(VLOOKUP(A20,'Base venta C'!$E:$P,12,FALSE),"0")*1 -> 300786.17
A21: 23 | B21: 23 - DELGADO JOSÉ | C21: =IFERROR(VLOOKUP(A21,'Base venta C'!$E:$P,12,FALSE),"0")*1 -> 517438.51
A22: 31 | B22: 31 - BARTSCHAT EMILIANO NAHUEL | C22: =IFERROR(VLOOKUP(A22,'Base venta C'!$E:$P,12,FALSE),"0")*1 -> 346898.23
A23: 44 | B23: 44 - MONGE CÉSAR LUIS | C23: =IFERROR(VLOOKUP(A23,'Base venta C'!$E:$P,12,FALSE),"0")*1 -> 475747.4
A24: 54 | B24: 54 - CAÑETE DIEGO | C24: =IFERROR(VLOOKUP(A24,'Base venta C'!$E:$P,12,FALSE),"0")*1 -> 394891.73
A25: 56 | B25: 56 - JUAN ANDRES SANCHEZ | C25: =IFERROR(VLOOKUP(A25,'Base venta C'!$E:$P,12,FALSE),"0")*1 -> 254599.35
B26: CRISTIAN (SUPERVISOR)
A27: 32 | B27: 32 - BLANCO FERNANDO | C27: =IFERROR(VLOOKUP(A27,'Base venta C'!$E:$P,12,FALSE),"0")*1 -> 357064.39
A28: 36 | B28: 36 - STELLA MARIS CANO | C28: =IFERROR(VLOOKUP(A28,'Base venta C'!$E:$P,12,FALSE),"0")*1 -> 228911.14
A29: 9 | B29: 9 - ESTIGARRIBIA DAVID | C29: =IFERROR(VLOOKUP(A29,'Base venta C'!$E:$P,12,FALSE),"0")*1 -> 449396.93
A30: 40 | B30: 40 - GARCIA BOGARIN SANTIAGO | C30: =IFERROR(VLOOKUP(A30,'Base venta C'!$E:$P,12,FALSE),"0")*1 -> 259074.86
A31: 27 | B31: 27 - GOMEZ ADRIÁN | C31: =IFERROR(VLOOKUP(A31,'Base venta C'!$E:$P,12,FALSE),"0")*1 -> 315929.47
A32: 10 | B32: 10 - SEGOVIA JUAN CRUZ | C32: =IFERROR(VLOOKUP(A32,'Base venta C'!$E:$P,12,FALSE),"0")*1 -> 385757.33
A33: 28 | B33: 28 - GOMEZ PABLO | C33: =IFERROR(VLOOKUP(A33,'Base venta C'!$E:$P,12,FALSE),"0")*1 -> 216785.26
A34: 33 | B34: 33 - NICOLAS AZULA | C34: =IFERROR(VLOOKUP(A34,'Base venta C'!$E:$P,12,FALSE),"0")*1 -> 218111.24
A35: 37 | B35: 37 - PEREZ ESQUIVEL BRUNO NICOLAS | C35: =IFERROR(VLOOKUP(A35,'Base venta C'!$E:$P,12,FALSE),"0")*1 -> 160532.76
A36: 24 | B36: 24 - DELGADO HERNAN GABRIEL | C36: =IFERROR(VLOOKUP(A36,'Base venta C'!$E:$P,12,FALSE),"0")*1 -> 294217.66
A37: 7 | B37: 7 - VALLEJOS EDUARDO | C37: =IFERROR(VLOOKUP(A37,'Base venta C'!$E:$P,12,FALSE),"0")*1 -> 264122.85
A38: 57 | B38: 57 - ZARATE NICOLAS | C38: =IFERROR(VLOOKUP(A38,'Base venta C'!$E:$P,12,FALSE),"0")*1 -> 62179.29
A39: 1 | B39: 1 - VERA ERNESTO | C39: =IFERROR(VLOOKUP(A39,'Base venta C'!$E:$P,12,FALSE),"0")*1 -> 1671221.4
B40: GONZALO (SUPERVISOR)
B41: LOPEZ ENZO

Sheet Base Cobertura
A1: COBERTURAMESENCURSO | F1: COBERTURAUNIDADDENEGOCIO
A2: Nro Vendedor | B2: CCC x Bultos | C2: Cartera Clientes | F2: Nro Vendedor | G2: Agrupacion | H2: CCC x Bultos | I2: Cartera Clientes
B3: 7 | C3: 3681 | G3: 135 - ALMACEN | H3: 5 | I3: 3681
A4: 1 | B4: 96 | C4: 115 | G4: 135 - Articulos Sin Asociar Agrupacion | H4: 1 | I4: 3681
A5: 10 | B5: 115 | C5: 167 | G5: 135 - BEBIDAS | H5: 2 | I5: 3681
A6: 100 | B6: 40 | C6: 2036 | G6: 135 - CHOCOLATE | H6: 2 | I6: 3681
A7: 11 | B7: 120 | C7: 168 | G7: 135 - GALLETITAS | H7: 5 | I7: 3681
A8: 12 | B8: 172 | C8: 213 | G8: 135 - GOLOSINAS | H8: 4 | I8: 3681
A9: 123 | B9: 37 | C9: 490 | G9: 135 - MASCOTAS | H9: 3 | I9: 3681
A10: 15 | B10: 42 | C10: 65 | G10: 135 - NO PERECEDEROS | I10: 3681
A11: 16 | B11: 127 | C11: 200 | G11: 135 - PILAS | I11: 3681
A12: 18 | B12: 129 | C12: 182 | E12: =+F12 -> 1 | F12: 1 | G12: 135 - ALMACEN | H12: 45 | I12: 115
A13: 19 | B13: 176 | C13: 209 | E13: =+$E$12 -> 1 | G13: 135 - Articulos Sin Asociar Agrupacion | H13: 38 | I13: 115
A14: 2 | B14: 86 | C14: 122 | E14: =+$E$12 -> 1 | G14: 135 - BEBIDAS | H14: 44 | I14: 115
A15: 20 | B15: 196 | C15: 229 | E15: =+$E$12 -> 1 | G15: 135 - CHOCOLATE | H15: 33 | I15: 115
A16: 21 | B16: 130 | C16: 166 | E16: =+$E$12 -> 1 | G16: 135 - GALLETITAS | H16: 63 | I16: 115
A17: 22 | B17: 58 | C17: 79 | E17: =+$E$12 -> 1 | G17: 135 - GOLOSINAS | H17: 59 | I17: 115
A18: 23 | B18: 119 | C18: 158 | E18: =+$E$12 -> 1 | G18: 135 - MASCOTAS | H18: 26 | I18: 115
A19: 24 | B19: 99 | C19: 170 | E19: =+$E$12 -> 1 | G19: 135 - NO PERECEDEROS | H19: 41 | I19: 115
A20: 25 | B20: 69 | C20: 174 | E20: =+$E$12 -> 1 | G20: 135 - PILAS | H20: 39 | I20: 115
A21: 26 | B21: 76 | C21: 173 | E21: =+$F$21 -> 10 | F21: 10 | G21: 135 - ALMACEN | H21: 25 | I21: 167
A22: 27 | B22: 114 | C22: 131 | E22: =+$F$21 -> 10 | G22: 135 - Articulos Sin Asociar Agrupacion | H22: 11 | I22: 167
A23: 28 | B23: 111 | C23: 170 | E23: =+$F$21 -> 10 | G23: 135 - BEBIDAS | H23: 52 | I23: 167
A24: 3 | B24: 131 | C24: 172 | E24: =+$F$21 -> 10 | G24: 135 - CHOCOLATE | H24: 37 | I24: 167
A25: 30 | B25: 16 | C25: 122 | E25: =+$F$21 -> 10 | G25: 135 - GALLETITAS | H25: 64 | I25: 167
A26: 31 | B26: 120 | C26: 170 | E26: =+$F$21 -> 10 | G26: 135 - GOLOSINAS | H26: 55 | I26: 167
A27: 32 | B27: 37 | C27: 58 | E27: =+$F$21 -> 10 | G27: 135 - MASCOTAS | H27: 15 | I27: 167
A28: 33 | B28: 124 | C28: 170 | E28: =+$F$21 -> 10 | G28: 135 - NO PERECEDEROS | H28: 22 | I28: 167
A29: 36 | B29: 106 | C29: 160 | E29: =+$F$21 -> 10 | G29: 135 - PILAS | H29: 21 | I29: 167
A30: 37 | B30: 72 | C30: 147 | E30: =+$F$30 -> 100 | F30: 100 | G30: 135 - ALMACEN | H30: 23 | I30: 2036
A31: 4 | B31: 124 | C31: 182 | E31: =+$F$30 -> 100 | G31: 135 - Articulos Sin Asociar Agrupacion | H31: 16 | I31: 2036
A32: 40 | B32: 117 | C32: 226 | E32: =+$F$30 -> 100 | G32: 135 - BEBIDAS | H32: 17 | I32: 2036
A33: 42 | B33: 8 | C33: 52 | E33: =+$F$30 -> 100 | G33: 135 - CHOCOLATE | H33: 9 | I33: 2036
A34: 43 | B34: 14 | C34: 93 | E34: =+$F$30 -> 100 | G34: 135 - GALLETITAS | H34: 28 | I34: 2036
A35: 44 | B35: 126 | C35: 172 | E35: =+$F$30 -> 100 | G35: 135 - GOLOSINAS | H35: 21 | I35: 2036
A36: 49 | B36: 95 | C36: 246 | E36: =+$F$30 -> 100 | G36: 135 - MASCOTAS | H36: 18 | I36: 2036
A37: 5 | B37: 199 | C37: 264 | E37: =+$F$30 -> 100 | G37: 135 - NO PERECEDEROS | H37: 4 | I37: 2036
A38: 52 | B38: 48 | C38: 106 | E38: =+$F$30 -> 100 | G38: 135 - PILAS | H38: 6 | I38: 2036
A39: 53 | B39: 42 | C39: 105 | E39: =+$F$39 -> 11 | F39: 11 | G39: 135 - ALMACEN | H39: 43 | I39: 168
A40: 54 | B40: 138 | C40: 205 | E40: =+$F$39 -> 11 | G40: 135 - Articulos Sin Asociar Agrupacion | H40: 29 | I40: 168
A41: 56 | B41: 64 | C41: 200 | E41: =+$F$39 -> 11 | G41: 135 - BEBIDAS | H41: 69 | I41: 168
A42: 57 | B42: 66 | C42: 106 | E42: =+$F$39 -> 11 | G42: 135 - CHOCOLATE | H42: 30 | I42: 168
A43: 58 | B43: 27 | C43: 83 | E43: =+$F$39 -> 11 | G43: 135 - GALLETITAS | H43: 71 | I43: 168
A44: 59 | B44: 42 | C44: 127 | E44: =+$F$39 -> 11 | G44: 135 - GOLOSINAS | H44: 71 | I44: 168
A45: 60 | B45: 34 | C45: 80 | E45: =+$F$39 -> 11 | G45: 135 - MASCOTAS | H45: 7 | I45: 168
A46: 7 | B46: 11 | C46: 117 | E46: =+$F$39 -> 11 | G46: 135 - NO PERECEDEROS | H46: 21 | I46: 168
A47: 8 | B47: 140 | C47: 201 | E47: =+$F$39 -> 11 | G47: 135 - PILAS | H47: 15 | I47: 168
A48: 9 | B48: 125 | C48: 149 | E48: =+$F$48 -> 12 | F48: 12 | G48: 135 - ALMACEN | H48: 60 | I48: 213
E49: =+$F$48 -> 12 | G49: 135 - Articulos Sin Asociar Agrupacion | H49: 39 | I49: 213
E50: =+$F$48 -> 12 | G50: 135 - BEBIDAS | H50: 65 | I50: 213
E51: =+$F$48 -> 12 | G51: 135 - CHOCOLATE | H51: 48 | I51: 213
E52: =+$F$48 -> 12 | G52: 135 - GALLETITAS | H52: 80 | I52: 213
E53: =+$F$48 -> 12 | G53: 135 - GOLOSINAS | H53: 75 | I53: 213
E54: =+$F$48 -> 12 | G54: 135 - MASCOTAS | H54: 23 | I54: 213
E55: =+$F$48 -> 12 | G55: 135 - NO PERECEDEROS | H55: 34 | I55: 213
E56: =+$F$48 -> 12 | G56: 135 - PILAS | H56: 40 | I56: 213
E57: =+$F$57 -> 123 | F57: 123 | G57: 135 - ALMACEN | H57: 22 | I57: 490
E58: =+$F$57 -> 123 | G58: 135 - Articulos Sin Asociar Agrupacion | H58: 17 | I58: 490
E59: =+$F$57 -> 123 | G59: 135 - BEBIDAS | H59: 18 | I59: 490
E60: =+$F$57 -> 123 | G60: 135 - CHOCOLATE | H60: 7 | I60: 490
E61: =+$F$57 -> 123 | G61: 135 - GALLETITAS | H61: 20 | I61: 490
E62: =+$F$57 -> 123 | G62: 135 - GOLOSINAS | H62: 18 | I62: 490
E63: =+$F$57 -> 123 | G63: 135 - MASCOTAS | H63: 18 | I63: 490
E64: =+$F$57 -> 123 | G64: 135 - NO PERECEDEROS | H64: 11 | I64: 490
E65: =+$F$57 -> 123 | G65: 135 - PILAS | H65: 5 | I65: 490
E66: =+$F$66 -> 15 | F66: 15 | G66: 135 - ALMACEN | H66: 27 | I66: 65
E67: =+$F$66 -> 15 | G67: 135 - Articulos Sin Asociar Agrupacion | H67: 11 | I67: 65
E68: =+$F$66 -> 15 | G68: 135 - BEBIDAS | H68: 18 | I68: 65
E69: =+$F$66 -> 15 | G69: 135 - CHOCOLATE | H69: 15 | I69: 65
E70: =+$F$66 -> 15 | G70: 135 - GALLETITAS | H70: 28 | I70: 65
E71: =+$F$66 -> 15 | G71: 135 - GOLOSINAS | H71: 16 | I71: 65
E72: =+$F$66 -> 15 | G72: 135 - MASCOTAS | H72: 20 | I72: 65
E73: =+$F$66 -> 15 | G73: 135 - NO PERECEDEROS | H73: 6 | I73: 65
E74: =+$F$66 -> 15 | G74: 135 - PILAS | H74: 13 | I74: 65
E75: =+$F$75 -> 16 | F75: 16 | G75: 135 - ALMACEN | H75: 31 | I75: 200
E76: =+$F$75 -> 16 | G76: 135 - Articulos Sin Asociar Agrupacion | H76: 16 | I76: 200
E77: =+$F$75 -> 16 | G77: 135 - BEBIDAS | H77: 61 | I77: 200
E78: =+$F$75 -> 16 | G78: 135 - CHOCOLATE | H78: 28 | I78: 200
E79: =+$F$75 -> 16 | G79: 135 - GALLETITAS | H79: 75 | I79: 200
E80: =+$F$75 -> 16 | G80: 135 - GOLOSINAS | H80: 58 | I80: 200
E81: =+$F$75 -> 16 | G81: 135 - MASCOTAS | H81: 8 | I81: 200
E82: =+$F$75 -> 16 | G82: 135 - NO PERECEDEROS | H82: 25 | I82: 200
E83: =+$F$75 -> 16 | G83: 135 - PILAS | H83: 26 | I83: 200
E84: =+$F$84 -> 18 | F84: 18 | G84: 135 - ALMACEN | H84: 41 | I84: 182
E85: =+$F$84 -> 18 | G85: 135 - Articulos Sin Asociar Agrupacion | H85: 35 | I85: 182
E86: =+$F$84 -> 18 | G86: 135 - BEBIDAS | H86: 46 | I86: 182
E87: =+$F$84 -> 18 | G87: 135 - CHOCOLATE | H87: 33 | I87: 182
E88: =+$F$84 -> 18 | G88: 135 - GALLETITAS | H88: 93 | I88: 182
E89: =+$F$84 -> 18 | G89: 135 - GOLOSINAS | H89: 67 | I89: 182
E90: =+$F$84 -> 18 | G90: 135 - MASCOTAS | H90: 12 | I90: 182
E91: =+$F$84 -> 18 | G91: 135 - NO PERECEDEROS | H91: 27 | I91: 182
E92: =+$F$84 -> 18 | G92: 135 - PILAS | H92: 27 | I92: 182
E93: =+$F$93 -> 19 | F93: 19 | G93: 135 - ALMACEN | H93: 44 | I93: 209
E94: =+$F$93 -> 19 | G94: 135 - Articulos Sin Asociar Agrupacion | H94: 34 | I94: 209
E95: =+$F$93 -> 19 | G95: 135 - BEBIDAS | H95: 88 | I95: 209
E96: =+$F$93 -> 19 | G96: 135 - CHOCOLATE | H96: 41 | I96: 209
E97: =+$F$93 -> 19 | G97: 135 - GALLETITAS | H97: 97 | I97: 209
E98: =+$F$93 -> 19 | G98: 135 - GOLOSINAS | H98: 93 | I98: 209
E99: =+$F$93 -> 19 | G99: 135 - MASCOTAS | H99: 12 | I99: 209
E100: =+$F$93 -> 19 | G100: 135 - NO PERECEDEROS | H100: 39 | I100: 209
...

Sheet Base venta C
A1: Periodos | B1: Cod. Período | C1: Descripción Período | D1: Vendedor según comprobante | E1: Código | F1: Descripción | G1: Rotacion a-b-c | H1: Código | I1: Descripción | J1: P.P.P. Neto | K1: P.P.P. Final | L1: Cantidades CON Cargo | M1: Cantidades SIN Cargo | N1: Cantidades Totales | O1: Pesos Totales | P1: Importes Netos | Q1: Importes Finales | R1: Cantidad de Facturas | S1: Bultos Promedio | T1: Cantidades en Combos
A2: (001) MAR 2026 | B2: 1 | C2: 46082 | D2: Suc: 001 (000001) VERA ERNESTO | E2: 1 | F2: VERA ERNESTO | G2: (1382) ROTACION C INCENTIVO | H2: 1382 | I2: ROTACION C INCENTIVO | J2: 98746.145 | K2: 122432.8 | L2: 14.2607 | M2: 2.6637 | N2: 16.9244 | O2: 0 | P2: 1671221.4 | Q2: 2072104.4 | R2: 128 | S2: 0.13 | T2: 0
A3: (001) MAR 2026 | B3: 1 | C3: 46082 | D3: Suc: 001 (000002) OJEDA NORBERTO | E3: 2 | F3: OJEDA NORBERTO | G3: (1382) ROTACION C INCENTIVO | H3: 1382 | I3: ROTACION C INCENTIVO | J3: 11815.421 | K3: 14554.453 | L3: 25.5498 | M3: 4.5642 | N3: 30.114 | O3: 0 | P3: 355809.05 | Q3: 438292.15 | R3: 73 | S3: 0.41 | T3: 0
A4: (001) MAR 2026 | B4: 1 | C4: 46082 | D4: Suc: 001 (000003) VIDAL NAHUEL | E4: 3 | F4: VIDAL NAHUEL | G4: (1382) ROTACION C INCENTIVO | H4: 1382 | I4: ROTACION C INCENTIVO | J4: 12029.634 | K4: 14825.838 | L4: 27.3731 | M4: 10.9908 | N4: 38.3639 | O4: 0 | P4: 461503.95 | Q4: 568777.28 | R4: 79 | S4: 0.49 | T4: 0
A5: (001) MAR 2026 | B5: 1 | C5: 46082 | D5: Suc: 001 (000004) TUR SPRINGER FERNANDO | E5: 4 | F5: TUR SPRINGER FERNANDO | G5: (1382) ROTACION C INCENTIVO | H5: 1382 | I5: ROTACION C INCENTIVO | J5: 17624.902 | K5: 21774.702 | L5: 44.3529 | M5: 5.3058 | N5: 49.6586 | O5: 0 | P5: 875228.78 | Q5: 1081302.2 | R5: 100 | S5: 0.5 | T5: 0
A6: (001) MAR 2026 | B6: 1 | C6: 46082 | D6: Suc: 001 (000005) SCHELOVER RAUL | E6: 5 | F6: SCHELOVER RAUL | G6: (1382) ROTACION C INCENTIVO | H6: 1382 | I6: ROTACION C INCENTIVO | J6: 26707.909 | K6: 32656.222 | L6: 7.0172 | M6: 5.0472 | N6: 12.0645 | O6: 0 | P6: 322216.7 | Q6: 393979.93 | R6: 70 | S6: 0.17 | T6: 0
A7: (001) MAR 2026 | B7: 1 | C7: 46082 | D7: Suc: 001 (000007) VALLEJOS EDUARDO | E7: 7 | F7: VALLEJOS EDUARDO | G7: (1382) ROTACION C INCENTIVO | H7: 1382 | I7: ROTACION C INCENTIVO | J7: 6772.381 | K7: 8382.717 | L7: 39 | M7: 0 | N7: 39 | O7: 0 | P7: 264122.85 | Q7: 326925.97 | R7: 1 | S7: 39 | T7: 0
A8: (001) MAR 2026 | B8: 1 | C8: 46082 | D8: Suc: 001 (000008) RAVAROTTO EMANUEL | E8: 8 | F8: RAVAROTTO EMANUEL | G8: (1382) ROTACION C INCENTIVO | H8: 1382 | I8: ROTACION C INCENTIVO | J8: 18047.967 | K8: 22290.443 | L8: 8.0508 | M8: 7.7319 | N8: 15.7828 | O8: 0 | P8: 284846.64 | Q8: 351804.59 | R8: 61 | S8: 0.26 | T8: 0
A9: (001) MAR 2026 | B9: 1 | C9: 46082 | D9: Suc: 001 (000009) ESTIGARRIBIA DAVID | E9: 9 | F9: ESTIGARRIBIA DAVID | G9: (1382) ROTACION C INCENTIVO | H9: 1382 | I9: ROTACION C INCENTIVO | J9: 9288.078 | K9: 11426.613 | L9: 40.549 | M9: 7.8353 | N9: 48.3843 | O9: 0 | P9: 449396.93 | Q9: 552868.39 | R9: 85 | S9: 0.57 | T9: 0
A10: (001) MAR 2026 | B10: 1 | C10: 46082 | D10: Suc: 001 (000010) SEGOVIA JUAN CRUZ | E10: 10 | F10: SEGOVIA JUAN CRUZ | G10: (1382) ROTACION C INCENTIVO | H10: 1382 | I10: ROTACION C INCENTIVO | J10: 19423.102 | K10: 23755.08 | L10: 16.26 | M10: 3.6008 | N10: 19.8607 | O10: 0 | P10: 385757.33 | Q10: 471793.64 | R10: 61 | S10: 0.33 | T10: 0
A11: (001) MAR 2026 | B11: 1 | C11: 46082 | D11: Suc: 001 (000011) ZACARIAS DAVID | E11: 11 | F11: ZACARIAS DAVID | G11: (1382) ROTACION C INCENTIVO | H11: 1382 | I11: ROTACION C INCENTIVO | J11: 19880.77 | K11: 24580.662 | L11: 6.225 | M11: 2.1693 | N11: 8.3943 | O11: 0 | P11: 166886.05 | Q11: 206338.57 | R11: 53 | S11: 0.16 | T11: 0
A12: (001) MAR 2026 | B12: 1 | C12: 46082 | D12: Suc: 001 (000012) GUTIERREZ MARCOS DAVID | E12: 12 | F12: GUTIERREZ MARCOS DAVID | G12: (1382) ROTACION C INCENTIVO | H12: 1382 | I12: ROTACION C INCENTIVO | J12: 21003.651 | K12: 25910.202 | L12: 6.2833 | M12: 7.2679 | N12: 13.5512 | O12: 0 | P12: 284624.48 | Q12: 351114.08 | R12: 65 | S12: 0.21 | T12: 0
A13: (001) MAR 2026 | B13: 1 | C13: 46082 | D13: Suc: 001 (000015) GALARZA GERARDO | E13: 15 | F13: GALARZA GERARDO | G13: (1382) ROTACION C INCENTIVO | H13: 1382 | I13: ROTACION C INCENTIVO | J13: 39203.754 | K13: 49427.271 | L13: 33.6667 | M13: 0.2333 | N13: 33.9 | O13: 0 | P13: 1329007.3 | Q13: 1675584.5 | R13: 10 | S13: 3.39 | T13: 0
... A45: (001) MAR 2026 | B45: 1 | C45: 46082 | D45: Suc: 001 (000123) TORRES ROLANDO | E45: 123 | F45: TORRES ROLANDO | G45: (1382) ROTACION C INCENTIVO | H45: 1382 | I45: ROTACION C INCENTIVO | J45: 52587.592 | K45: 64949.011 | L45: 26.325 | M45: 0.1667 | N45: 26.4917 | O45: 0 | P45: 1393132.9 | Q45: 1720607.6 | R45: 13 | S45: 2.04 | T45: 0

Sheet Venta x Proveedor
A1: Periodos | B1: Código | C1: Descripción | D1: Descripción | E1: Cantidades Totales | F1: Importes Netos
A2: (001) ENE 2026 | B2: 0 | C2: SIN VENDEDOR ASIGNADO | E2: 1919 | F2: 46919362
A3: (001) ENE 2026 | B3: 0 | C3: SIN VENDEDOR ASIGNADO | D3: MASTERFOODS | E3: 1 | F3: 24822.42
A4: (001) ENE 2026 | B4: 1 | C4: VERA ERNESTO | E4: 6 | F4: 37793.64
A5: (001) ENE 2026 | B5: 1 | C5: VERA ERNESTO | D5: ENERGIZER | E5: 40.4806 | F5: 4250769.8
A6: (001) ENE 2026 | B6: 1 | C6: VERA ERNESTO | D6: EST. LAS MARIAS | E6: 133.1917 | F6: 2923447.7
A7: (001) ENE 2026 | B7: 1 | C7: VERA ERNESTO | D7: SUAREZ JORGE LUIS | E7: 5.2417 | F7: 936039.17
A8: (001) ENE 2026 | B8: 1 | C8: VERA ERNESTO | D8: RPB | E8: 628.8333 | F8: 4848055.8
A9: (001) ENE 2026 | B9: 1 | C9: VERA ERNESTO | D9: MAURI | E9: 16.4673 | F9: 262109.93
A10: (001) ENE 2026 | B10: 1 | C10: VERA ERNESTO | D10: DON SATUR | E10: 52.7333 | F10: 895459.08
A11: (001) ENE 2026 | B11: 1 | C11: VERA ERNESTO | D11: LICORES ARG | E11: 2 | F11: 18671.26
A12: (001) ENE 2026 | B12: 1 | C12: VERA ERNESTO | D12: FERRERO | E12: 23.3563 | F12: 2726517.5
A13: (001) ENE 2026 | B13: 1 | C13: VERA ERNESTO | D13: LHERITIER | E13: 6.0417 | F13: 336492.23
A14: (001) ENE 2026 | B14: 1 | C14: VERA ERNESTO | D14: IMP SUDAMERICANA | E14: 0.8467 | F14: 147334.43
A15: (001) ENE 2026 | B15: 1 | C15: VERA ERNESTO | D15: FELFORT | E15: 3.625 | F15: 829501.06
A16: (001) ENE 2026 | B16: 1 | C16: VERA ERNESTO | D16: ARCOR | E16: 58.2127 | F16: 1272173.3
... A30: (001) ENE 2026 | B30: 1 | C30: VERA ERNESTO | D30: LORCA | E30: 0.3333 | F30: 10402
A31: (001) ENE 2026 | B31: 2 | C31: OJEDA NORBERTO | E31: 7.925 | F31: 187180.78
A32: (001) ENE 2026 | B32: 2 | C32: OJEDA NORBERTO | D32: ENERGIZER | E32: 18.9958 | F32: 2552286.2
A33: (001) ENE 2026 | B33: 2 | C33: OJEDA NORBERTO | D33: EST. LAS MARIAS | E33: 66.1111 | F33: 1191432.2
A34: (001) ENE 2026 | B34: 2 | C34: OJEDA NORBERTO | D34: SUAREZ JORGE LUIS | E34: 4.8833 | F34: 1068622.6
A35: (001) ENE 2026 | B35: 2 | C35: OJEDA NORBERTO | D35: RPB | E35: 428.1806 | F35: 3164375.6
A36: (001) ENE 2026 | B36: 2 | C36: OJEDA NORBERTO | D36: MAURI | E36: 10.8333 | F36: 165082.67
A37: (001) ENE 2026 | B37: 2 | C37: OJEDA NORBERTO | D37: DON SATUR | E37: 89.1833 | F37: 1497743.4
A38: (001) ENE 2026 | B38: 2 | C38: OJEDA NORBERTO | D38: LICORES ARG | E38: 0.1667 | F38: 3489.24
A39: (001) ENE 2026 | B39: 2 | C39: OJEDA NORBERTO | D39: FERRERO | E39: 13.852 | F39: 1711067.3
A40: (001) ENE 2026 | B40: 2 | C40: OJEDA NORBERTO | D40: LHERITIER | E40: 1.7708 | F40: 139442.54
A41: (001) ENE 2026 | B41: 2 | C41: OJEDA NORBERTO | D41: IMP SUDAMERICANA | E41: 1.7333 | F41: 226935.37
A42: (001) ENE 2026 | B42: 2 | C42: OJEDA NORBERTO | D42: FELFORT | E42: 0.9167 | F42: 224000.22
A43: (001) ENE 2026 | B43: 2 | C43: OJEDA NORBERTO | D43: ARCOR | E43: 17.3294 | F43: 427306.59
... A57: (001) ENE 2026 | B57: 2 | C57: OJEDA NORBERTO | D57: CRESCINI | E57: 1.5 | F57: 16851.24
A58: (001) ENE 2026 | B58: 3 | C58: VIDAL NAHUEL | E58: 13.4167 | F58: 258607.75
A59: (001) ENE 2026 | B59: 3 | C59: VIDAL NAHUEL | D59: ENERGIZER | E59: 14.05 | F59: 1730161.2
A60: (001) ENE 2026 | B60: 3 | C60: VIDAL NAHUEL | D60: EST. LAS MARIAS | E60: 49.0778 | F60: 703611.83
A61: (001) ENE 2026 | B61: 3 | C61: VIDAL NAHUEL | D61: SUAREZ JORGE LUIS | E61: 1.8375 | F61: 485440.34
A62: (001) ENE 2026 | B62: 3 | C62: VIDAL NAHUEL | D62: RPB | E62: 411.2361 | F62: 3460577.8
A63: (001) ENE 2026 | B63: 3 | C63: VIDAL NAHUEL | D63: MAURI | E63: 23.6964 | F63: 384701.96
A64: (001) ENE 2026 | B64: 3 | C64: VIDAL NAHUEL | D64: DON SATUR | E64: 41.15 | F64: 672930.04
A65: (001) ENE 2026 | B65: 3 | C65: VIDAL NAHUEL | D65: LICORES ARG | E65: 14.1667 | F65: 147061.86
A66: (001) ENE 2026 | B66: 3 | C66: VIDAL NAHUEL | D66: FERRERO | E66: 3.375 | F66: 477425.5
A67: (001) ENE 2026 | B67: 3 | C67: VIDAL NAHUEL | D67: LHERITIER | E67: 1.75 | F67: 113453.95
A68: (001) ENE 2026 | B68: 3 | C68: VIDAL NAHUEL | D68: IMP SUDAMERICANA | E68: 2.2408 | F68: 249581.32
A69: (001) ENE 2026 | B69: 3 | C69: VIDAL NAHUEL | D69: FELFORT | E69: 0.2917 | F69: 68005.33
A70: (001) ENE 2026 | B70: 3 | C70: VIDAL NAHUEL | D70: ARCOR | E70: 40.4726 | F70: 838780.5
... A85: (001) ENE 2026 | B85: 3 | C85: VIDAL NAHUEL | D85: RUBINO | E85: 3 | F85: 29219.31
A86: (001) ENE 2026 | B86: 4 | C86: TUR SPRINGER FERNANDO | E86: 4.7567 | F86: 197640.22
A87: (001) ENE 2026 | B87: 4 | C87: TUR SPRINGER FERNANDO | D87: ENERGIZER | E87: 20.7875 | F87: 2448634.2
A88: (001) ENE 2026 | B88: 4 | C88: TUR SPRINGER FERNANDO | D88: EST. LAS MARIAS | E88: 133.7833 | F88: 2531395.1
A89: (001) ENE 2026 | B89: 4 | C89: TUR SPRINGER FERNANDO | D89: SUAREZ JORGE LUIS | E89: 9.575 | F89: 1311264.6
A90: (001) ENE 2026 | B90: 4 | C90: TUR SPRINGER FERNANDO | D90: RPB | E90: 807.4722 | F90: 6291104.7
A91: (001) ENE 2026 | B91: 4 | C91: TUR SPRINGER FERNANDO | D91: MAURI | E91: 28.3189 | F91: 484301.32
A92: (001) ENE 2026 | B92: 4 | C92: TUR SPRINGER FERNANDO | D92: DON SATUR | E92: 109.1833 | F92: 1822877.2
A93: (001) ENE 2026 | B93: 4 | C93: TUR SPRINGER FERNANDO | D93: LICORES ARG | E93: 21.1667 | F93: 238429.88
A94: (001) ENE 2026 | B94: 4 | C94: TUR SPRINGER FERNANDO | D94: FERRERO | E94: 27.3857 | F94: 3272685.5
A95: (001) ENE 2026 | B95: 4 | C95: TUR SPRINGER FERNANDO | D95: LHERITIER | E95: 4.0625 | F95: 272429.89
A96: (001) ENE 2026 | B96: 4 | C96: TUR SPRINGER FERNANDO | D96: IMP SUDAMERICANA | E96: 1.5767 | F96: 280881.15
A97: (001) ENE 2026 | B97: 4 | C97: TUR SPRINGER FERNANDO | D97: FELFORT | E97: 3.1458 | F97: 662663.32
A98: (001) ENE 2026 | B98: 4 | C98: TUR SPRINGER FERNANDO | D98: ARCOR | E98: 79.5296 | F98: 1660055
... A113: (001) ENE 2026 | B113: 4 | C113: TUR SPRINGER FERNANDO | D113: CRESCINI | E113: 1.5 | F113: 16570.39
A114: (001) ENE 2026 | B114: 5 | C114: SCHELOVER RAUL | E114: 7.875 | F114: 188890.71
A115: (001) ENE 2026 | B115: 5 | C115: SCHELOVER RAUL | D115: ENERGIZER | E115: 16.5069 | F115: 2122046.6
A116: (001) ENE 2026 | B116: 5 | C116: SCHELOVER RAUL | D116: EST. LAS MARIAS | E116: 117.6333 | F116: 1415429.4
A117: (001) ENE 2026 | B117: 5 | C117: SCHELOVER RAUL | D117: SUAREZ JORGE LUIS | E117: 3.2125 | F117: 943264.95
A118: (001) ENE 2026 | B118: 5 | C118: SCHELOVER RAUL | D118: RPB | E118: 729.9167 | F118: 6787093.4
A119: (001) ENE 2026 | B119: 5 | C119: SCHELOVER RAUL | D119: MAURI | E119: 30.5972 | F119: 488777.54
A120: (001) ENE 2026 | B120: 5 | C120: SCHELOVER RAUL | D120: DON SATUR | E120: 78.8667 | F120: 1186460
A121: (001) ENE 2026 | B121: 5 | C121: SCHELOVER RAUL | D121: LICORES ARG | E121: 13.6667 | F121: 148313.65
A122: (001) ENE 2026 | B122: 5 | C122: SCHELOVER RAUL | D122: FERRERO | E122: 14.8762 | F122: 1913616.9
A123: (001) ENE 2026 | B123: 5 | C123: SCHELOVER RAUL | D123: LHERITIER | E123: 14.4958 | F123: 462863.34
A124: (001) ENE 2026 | B124: 5 | C124: SCHELOVER RAUL | D124: IMP SUDAMERICANA | E124: 8.4464 | F124: 1054949.2
A125: (001) ENE 2026 | B125: 5 | C125: SCHELOVER RAUL | D125: FELFORT | E125: 0.9583 | F125: 245707.05
A126: (001) ENE 2026 | B126: 5 | C126: SCHELOVER RAUL | D126: ARCOR | E126: 220.1996 | F126: 4145657.1
... A142: (001) ENE 2026 | B142: 5 | C142: SCHELOVER RAUL | D142: RUBINO | E142: 9 | F142: 85537.19
A143: (001) ENE 2026 | B143: 7 | C143: VALLEJOS EDUARDO | E143: 20 | F143: 670006.65
A144: (001) ENE 2026 | B144: 7 | C144: VALLEJOS EDUARDO | D144: ENERGIZER | E144: 73.25 | F144: 7529701.4
A145: (001) ENE 2026 | B145: 7 | C145: VALLEJOS EDUARDO | D145: SUAREZ JORGE LUIS | E145: 12.75 | F145: 3962839
A146: (001) ENE 2026 | B146: 7 | C146: VALLEJOS EDUARDO | D146: RPB | E146: 938 | F146: 7613961
A147: (001) ENE 2026 | B147: 7 | C147: VALLEJOS EDUARDO | D147: MAURI | E147: 447 | F147: 6743270.2
A148: (001) ENE 2026 | B148: 7 | C148: VALLEJOS EDUARDO | D148: DON SATUR | E148: 105 | F148: 1290973.3
A149: (001) ENE 2026 | B149: 7 | C149: VALLEJOS EDUARDO | D149: FERRERO | E149: 15.7917 | F149: 2212408.2
A150: (001) ENE 2026 | B150: 7 | C150: VALLEJOS EDUARDO | D150: LHERITIER | E150: 108.8 | F150: 3173364.6
A151: (001) ENE 2026 | B151: 7 | C151: VALLEJOS EDUARDO | D151: ARCOR | E151: 162 | F151: 2285470
A152: (001) ENE 2026 | B152: 7 | C152: VALLEJOS EDUARDO | D152: MASTERFOODS | E152: 1628.1667 | F152: 26237010
A153: (001) ENE 2026 | B153: 7 | C153: VALLEJOS EDUARDO | D153: ENERGY GROUP | E153: 435.8333 | F153: 7177837.5
A154: (001) ENE 2026 | B154: 7 | C154: VALLEJOS EDUARDO | D154: NUTRIPET | E154: 29.9167 | F154: 731071.17
A155: (001) ENE 2026 | B155: 7 | C155: VALLEJOS EDUARDO | D155: AGROINDUSTRIA BAIRES | E155: 16 | F155: 3782.7
... A157: (001) ENE 2026 | B157: 7 | C157: VALLEJOS EDUARDO | D157: CRESCINI | E157: 44 | F157: 458915.44
A158: (001) ENE 2026 | B158: 8 | C158: PARRA MAXIMILIANO | E158: 7.8333 | F158: 188775.8
A159: (001) ENE 2026 | B159: 8 | C159: PARRA MAXIMILIANO | D159: ENERGIZER | E159: 13.0586 | F159: 1430191.7
A160: (001) ENE 2026 | B160: 8 | C160: PARRA MAXIMILIANO | D160: EST. LAS MARIAS | E160: 81.6 | F160: 1205840.6
A161: (001) ENE 2026 | B161: 8 | C161: PARRA MAXIMILIANO | D161: SUAREZ JORGE LUIS | E161: 1.625 | F161: 403045.01
A162: (001) ENE 2026 | B162: 8 | C162: PARRA MAXIMILIANO | D162: RPB | E162: 912.75 | F162: 7813187.5
A163: (001) ENE 2026 | B163: 8 | C163: PARRA MAXIMILIANO | D163: MAURI | E163: 25.622 | F163: 388315.54
A164: (001) ENE 2026 | B164: 8 | C164: PARRA MAXIMILIANO | D164: DON SATUR | E164: 41.4833 | F164: 698285.51
A165: (001) ENE 2026 | B165: 8 | C165: PARRA MAXIMILIANO | D165: LICORES ARG | E165: 17 | F165: 161858.46
A166: (001) ENE 2026 | B166: 8 | C166: PARRA MAXIMILIANO | D166: FERRERO | E166: 4.1833 | F166: 468363.74
A167: (001) ENE 2026 | B167: 8 | C167: PARRA MAXIMILIANO | D167: LHERITIER | E167: 4.4583 | F167: 174847.67
A168: (001) ENE 2026 | B168: 8 | C168: PARRA MAXIMILIANO | D168: IMP SUDAMERICANA | E168: 4.2883 | F168: 501336.89
A169: (001) ENE 2026 | B169: 8 | C169: PARRA MAXIMILIANO | D169: FELFORT | E169: 0.4583 | F169: 119841.63
A170: (001) ENE 2026 | B170: 8 | C170: PARRA MAXIMILIANO | D170: ARCOR | E170: 69.6591 | F170: 1344870.8
...

Sheet Historico Enero
A1: VENDEDOR/ SUPERVISOR | B1: OBJETIVO | C1: FACTURACION ACUMULADA | D1: FACTURACION N-1 | E1: FACTURACION DEL DIA | F1: AVANCE VS OBJETIVO | G1: PROYECCION | H1: CUMPLIMIENTO PROYECTADO | I1: MEDIA REAL | J1: MEDIA NECESARIA | K1: COBRO | N1: VENDEDOR/ SUPERVISOR | O1: COBERTURA TOTAL | P1: DIA ANTERIOR | Q1: INCREMENTO DIARIO | R1: CARTERA TOTAL | S1: CCC | T1: CCC FALTANTE 85% | W1: Cantidad skus
A2: 20 - FLORES JAVIER | B2: 28001295 | C2: 32969064 | D2: 0 | E2: 32969064 | F2: 1.1774121 | G2: 32969064 | H2: 1.1774121 | I2: 1268040.9 | J2: #DIV/0! | K2: 659381.28 | M2: 22 | N2: 22 - ALMIRON NICOLAS | O2: 0.79411765 | P2: 33 | Q2: 21 | R2: 68 | S2: 54 | T2: 3.8 | V2: Supervisor Cristian | Z2: Vendedores Mayoristas | AB2: Cantidad skus
A3: 19 - GONZALEZ MARCELO | B3: 26876745 | C3: 29130365 | D3: 0 | E3: 29130365 | F3: 1.0838502 | G3: 29130365 | H3: 1.0838502 | I3: 1120398.6 | J3: #DIV/0! | K3: 364129.56 | M3: 49 | N3: 49 - ESCOBAR RAÚL | O3: 0.45493562 | P3: 1 | Q3: 105 | R3: 233 | S3: 106 | T3: 92.05 | V3: Cod vdor | X3: Cantidad skus | Z3: 15 | AA3: GALARZA GERARDO | AB3: 261
A4: 16 - GOMEZ MATÍAS | B4: 24627645 | C4: 20258834 | D4: 0 | E4: 20258834 | F4: 0.82260539 | G4: 20258834 | H4: 0.82260539 | I4: 779185.91 | J4: #DIV/0! | K4: 0 | M4: 20 | N4: 20 - FLORES JAVIER | O4: 0.91891892 | P4: 126 | Q4: 78 | R4: 222 | S4: 204 | T4: -15.3 | V4: 2 | W4: OJEDA NORBERTO | X4: 302 | Z4: 7 | AA4: VALLEJOS EDUARDO | AB4: 154
A5: 12 - GUTIERREZ MARCOS DAVID | B5: 24627645 | C5: 26537938 | D5: 0 | E5: 26537938 | F5: 1.077567 | G5: 26537938 | H5: 1.077567 | I5: 1020689.9 | J5: #DIV/0! | K5: 331724.23 | M5: 15 | N5: 15 - GALARZA GERARDO | O5: 0.78461538 | P5: 21 | Q5: 30 | R5: 65 | S5: 51 | T5: 4.25 | V5: 3 | W5: VIDAL NAHUEL | X5: 321
A6: 11 - ZACARIAS DAVID | B6: 20410582 | C6: 17576103 | D6: 0 | E6: 17576103 | F6: 0.86112695 | G6: 17576103 | H6: 0.86112695 | I6: 676003.95 | J6: #DIV/0! | K6: 0 | M6: 19 | N6: 19 - GONZALEZ MARCELO | O6: 0.85784314 | P6: 100 | Q6: 75 | R6: 204 | S6: 175 | T6: -1.6 | V6: 18 | W6: HERRERA PABLO | X6: 331
A7: 8 - RAVAROTTO EMANUEL | B7: 24065370 | C7: 24383409 | D7: 0 | E7: 24383409 | F7: 1.0132156 | G7: 24383409 | H7: 1.0132156 | I7: 937823.42 | J7: #DIV/0! | K7: 243834.09 | M7: 16 | N7: 16 - GOMEZ MATÍAS | O7: 0.87309645 | P7: 81 | Q7: 91 | R7: 197 | S7: 172 | T7: -4.55 | V7: 21 | W7: CATAN MATIAS | X7: 317
A8: 5 - SCHELOVER RAUL | B8: 31082562 | C8: 32899445 | D8: 0 | E8: 32899445 | F8: 1.0584534 | G8: 32899445 | H8: 1.0584534 | I8: 1265363.3 | J8: #DIV/0! | K8: 411243.06 | M8: 12 | N8: 12 - GUTIERREZ MARCOS DAVID | O8: 0.89952153 | P8: 89 | Q8: 99 | R8: 209 | S8: 188 | T8: -10.35 | V8: 23 | W8: DELGADO JOSÉ | X8: 370 | Z8: Vendedores Supermercados | AB8: Cantidad skus
A9: 4 - TUR SPRINGER FERNANDO | B9: 31082562 | C9: 30879202 | D9: 0 | E9: 30879202 | F9: 0.99345741 | G9: 30879202 | H9: 0.99345741 | I9: 1187661.6 | J9: #DIV/0! | K9: 308792.02 | M9: 11 | N9: 11 - ZACARIAS DAVID | O9: 0.90797546 | P9: 92 | Q9: 56 | R9: 163 | S9: 148 | T9: -9.45 | V9: 31 | W9: RENZO RAMOS | X9: 322 | Z9: 22 | AA9: ALMIRON NICOLAS | AB9: 339
A10: MARTIN (SUPERVISOR) PREVENTA | B10: 2.1077441e+08 | C10: 2.1463436e+08 | D10: 0 | E10: 2.1463436e+08 | F10: 1.0183132 | G10: 2.1463436e+08 | H10: 1.0183132 | I10: 8255167.6 | J10: #DIV/0! | M10: 8 | N10: 8 - RAVAROTTO EMANUEL | O10: 0.83243243 | P10: 64 | Q10: 90 | R10: 185 | S10: 154 | T10: 3.25 | V10: 44 | W10: MONGES CESAR LUIS | X10: 311 | Z10: 32 | AA10: CABRAL GONZALO | AB10: 424
A11: 22 - ALMIRON NICOLAS | B11: 84120750 | C11: 64387272 | D11: 0 | E11: 64387272 | F11: 0.76541486 | G11: 64387272 | H11: 0.76541486 | I11: 2476433.5 | J11: #DIV/0! | K11: 0 | M11: 52 | N11: 52 - MARSALL NICOLAS | O11: 0.52884615 | P11: 19 | Q11: 36 | R11: 104 | S11: 55 | T11: 33.4 | V11: 54 | W11: BARTSCHAT EMILIANO NAHUEL | X11: 375
A12: 49 - ESCOBAR RAÚL | B12: 27439020 | C12: 21503764 | D12: 0 | E12: 21503764 | F12: 0.78369285 | G12: 21503764 | H12: 0.78369285 | I12: 827067.84 | J12: #DIV/0! | K12: 0 | M12: 53 | N12: 53 - SANDOVAL RODRIGO | O12: 0.62727273 | P12: 24 | Q12: 45 | R12: 110 | S12: 69 | T12: 24.5 | V12: Totales | Z12: Supervisior Maxi | AB12: Cantidad skus
A13: 15 - GALARZA GERARDO | B13: 111352500 | C13: 81948671 | D13: 0 | E13: 81948671 | F13: 0.73593921 | G13: 81948671 | H13: 0.73593921 | I13: 3151872 | J13: #DIV/0! | K13: 0 | M13: 5 | N13: 5 - SCHELOVER RAUL | O13: 0.96484375 | P13: 144 | Q13: 103 | R13: 256 | S13: 247 | T13: -29.4 | V13: Supervisor Martin | X13: Cantidad skus | Z13: 58 | AA13: #N/A | AB13: #N/A
A14: 52 - MARSALL NICOLAS | B14: 36823500 | C14: 27773182 | D14: 0 | E14: 27773182 | F14: 0.75422438 | G14: 27773182 | H14: 0.75422438 | I14: 1068199.3 | J14: #DIV/0! | K14: 0 | M14: 4 | N14: 4 - TUR SPRINGER FERNANDO | O14: 0.88571429 | P14: 85 | Q14: 70 | R14: 175 | S14: 155 | T14: -6.25 | V14: 4 | W14: TUR SPRINGER FERNANDO | X14: 382 | Z14: 59 | AA14: #N/A | AB14: #N/A
A15: 53 - SANDOVAL RODRIGO | B15: 36823500 | C15: 40412111 | D15: 0 | E15: 40412111 | F15: 1.0974544 | G15: 40412111 | H15: 1.0974544 | I15: 1554312 | J15: #DIV/0! | K15: 606181.66 | N15: MARTIN (SUPERVISOR) | Q15: 899 | R15: 2191 | S15: 1778 | V15: 5 | W15: SCHELOVER RAUL | X15: 421 | Z15: 60 | AA15: #N/A | AB15: #N/A
A16: MARTIN (SUPERVISOR) | B16: 296559270 | C16: 2.36025e+08 | D16: 0 | E16: 2.36025e+08 | F16: 0.795878 | G16: 2.36025e+08 | H16: 0.795878 | I16: 9077884.6 | J16: #DIV/0! | M16: 31 | N16: 31 - BARTSCHAT EMILIANO NAHUEL | O16: 0.91082803 | P16: 90 | Q16: 53 | R16: 157 | S16: 143 | T16: -9.55 | V16: 8 | W16: PARRA MAXIMILIANO | X16: 290 | Z16: 56 | AA16: JUAN ANDRES SANCHEZ | AB16: 235
A17: 2 - OJEDA NORBERTO | B17: 25450000 | C17: 16519194 | D17: 0 | E17: 16519194 | F17: 0.64908425 | G17: 16519194 | H17: 0.64908425 | I17: 635353.63 | J17: #DIV/0! | K17: 0 | M17: 54 | N17: 54 - CAÑETE DIEGO | O17: 0.66494845 | P17: 92 | Q17: 37 | R17: 194 | S17: 129 | T17: 35.9 | V17: 11 | W17: SANCHEZ RICARDO | X17: 255 | Z17: 26 | AA17: PUJOL ERNESTO | AB17: 260
A18: 3 - VIDAL NAHUEL | B18: 22430000 | C18: 14871119 | D18: 0 | E18: 14871119 | F18: 0.66300128 | G18: 14871119 | H18: 0.66300128 | I18: 571966.1 | J18: #DIV/0! | K18: 0 | M18: 21 | N18: 21 - CATAN MATIAS | O18: 0.81097561 | P18: 88 | Q18: 45 | R18: 164 | S18: 133 | T18: 6.4 | V18: 12 | W18: GUTIERREZ MARCOS DAVID | X18: 383 | Z18: 25 | AA18: KALATAKI GUSTAVO | AB18: 455
A19: 18 - HERRERA PABLO | B19: 22430000 | C19: 17383068 | D19: 0 | E19: 17383068 | F19: 0.77499188 | G19: 17383068 | H19: 0.77499188 | I19: 668579.53 | J19: #DIV/0! | K19: 0 | M19: 23 | N19: 23 - DELGADO JOSÉ | O19: 0.91333333 | P19: 95 | Q19: 42 | R19: 150 | S19: 137 | T19: -9.5 | V19: 16 | W19: GOMEZ MATÍAS | X19: 282 | Z19: 43 | AA19: COLHER DIEGO | AB19: 218
A20: 21 - CATAN MATIAS | B20: 29000000 | C20: 24462625 | D20: 0 | E20: 24462625 | F20: 0.84353878 | G20: 24462625 | H20: 0.84353878 | I20: 940870.18 | J20: #DIV/0! | K20: 0 | M20: 18 | N20: 18 - HERRERA PABLO | O20: 0.86046512 | P20: 83 | Q20: 65 | R20: 172 | S20: 148 | T20: -1.8 | V20: 19 | W20: GONZALEZ MARCELO | X20: 377
A21: 23 - DELGADO JOSÉ | B21: 22000000 | C21: 19224921 | D21: 0 | E21: 19224921 | F21: 0.87386003 | G21: 19224921 | H21: 0.87386003 | I21: 739420.02 | J21: #DIV/0! | K21: 0 | M21: 44 | N21: 44 - MONGE CÉSAR LUIS | O21: 0.88505747 | P21: 64 | Q21: 90 | R21: 174 | S21: 154 | T21: -6.1 | V21: 20 | W21: FLORES JAVIER | X21: 373
A22: 31 - BARTSCHAT EMILIANO NAHUEL | B22: 27500000 | C22: 22580286 | D22: 0 | E22: 22580286 | F22: 0.82110133 | G22: 22580286 | H22: 0.82110133 | I22: 868472.56 | J22: #DIV/0! | K22: 0 | M22: 56 | N22: 56 - JUAN ANDRES SANCHEZ | O22: 0.46268657 | P22: 66 | Q22: 27 | R22: 201 | S22: 93 | T22: 77.85 | V22: Totales
A23: 44 - MONGE CÉSAR LUIS | B23: 23800000 | C23: 18758064 | D23: 0 | E23: 18758064 | F23: 0.78815396 | G23: 18758064 | H23: 0.78815396 | I23: 721464.01 | J23: #DIV/0! | K23: 0 | M23: 2 | N23: 2 - OJEDA NORBERTO | O23: 0.83783784 | P23: 70 | Q23: 54 | R23: 148 | S23: 124 | T23: 1.8 | V23: Supervision Corrientes | X23: Cantidad skus
A24: 54 - CAÑETE DIEGO | B24: 28500000 | C24: 25700325 | D24: 0 | E24: 25700325 | F24: 0.9017658 | G24: 25700325 | H24: 0.9017658 | I24: 988474.05 | J24: #DIV/0! | K24: 0 | M24: 3 | N24: 3 - VIDAL NAHUEL | O24: 0.90967742 | P24: 79 | Q24: 62 | R24: 155 | S24: 141 | T24: -9.25 | V24: 1 | W24: VERA ERNESTO | X24: 328
A25: 56 - JUAN ANDRES SANCHEZ | B25: 46900000 | C25: 26132281 | D25: 0 | E25: 26132281 | F25: 0.55719149 | G25: 26132281 | H25: 0.55719149 | I25: 1005087.7 | J25: #DIV/0! | K25: 0 | N25: CRISTIAN (SUPERVISOR) | Q25: 475 | R25: 1515 | S25: 1202 | V25: 9 | W25: ESTIGARRIBIA DAVID | X25: 300
A26: CRISTIAN (SUPERVISOR) | B26: 248010000 | C26: 1.8563188e+08 | D26: 0 | E26: 1.8563188e+08 | F26: 0.74848548 | G26: 1.8563188e+08 | H26: 0.74848548 | I26: 7139687.8 | J26: #DIV/0! | M26: 32 | N26: 32 - BLANCO FERNANDO | O26: 0.83636364 | P26: 20 | Q26: 26 | R26: 55 | S26: 46 | T26: 0.75 | V26: 10 | W26: BRITEZ EMMANUEL | X26: 293
A27: 32 - BLANCO FERNANDO | B27: 72908794 | C27: 59705699 | D27: 0 | E27: 59705699 | F27: 0.81890944 | G27: 59705699 | H27: 0.81890944 | I27: 2296373.1 | J27: #DIV/0! | K27: 0 | M27: 36 | N27: 36 - STELLA MARIS CANO | O27: 0.64705882 | P27: 68 | Q27: 31 | R27: 153 | S27: 99 | T27: 31.05 | V27: 24 | W27: SOLIS EMMANUEL | X27: 338
A28: 36 - STELLA MARIS CANO | B28: 20300095 | C28: 7088486.6 | D28: 0 | E28: 7088486.6 | F28: 0.34918489 | G28: 7088486.6 | H28: 0.34918489 | I28: 272634.1 | J28: #DIV/0! | K28: 0 | M28: 9 | N28: 9 - ESTIGARRIBIA DAVID | O28: 0.7114094 | P28: 80 | Q28: 26 | R28: 149 | S28: 106 | T28: 20.65 | V28: 27 | W28: GOMEZ ADRIÁN | X28: 364
A29: 9 - ESTIGARRIBIA DAVID | B29: 21701088 | C29: 11524508 | D29: 0 | E29: 11524508 | F29: 0.53105671 | G29: 11524508 | H29: 0.53105671 | I29: 443250.32 | J29: #DIV/0! | K29: 0 | M29: 40 | N29: 40 - GARCIA BOGARIN SANTIAGO | O29: 0.86666667 | P29: 68 | Q29: 140 | R29: 240 | S29: 208 | T29: -4 | V29: 28 | W29: GOMEZ PABLO | X29: 315
A30: 40 - GARCIA BOGARIN SANTIAGO | B30: 33166353 | C30: 32454209 | D30: 0 | E30: 32454209 | F30: 0.97852812 | G30: 32454209 | H30: 0.97852812 | I30: 1248238.8 | J30: #DIV/0! | K30: 0 | M30: 27 | N30: 27 - GOMEZ ADRIÁN | O30: 0.87769784 | P30: 73 | Q30: 49 | R30: 139 | S30: 122 | T30: -3.85 | V30: 33 | W30: NICOLAS AZULA | X30: 207
A31: 27 - GOMEZ ADRIÁN | B31: 21701088 | C31: 18178589 | D31: 0 | E31: 18178589 | F31: 0.83768098 | G31: 18178589 | H31: 0.83768098 | I31: 699176.48 | J31: #DIV/0! | K31: 0 | M31: 10 | N31: 10 - SEGOVIA JUAN CRUZ | O31: 0.79558011 | P31: 40 | Q31: 104 | R31: 181 | S31: 144 | T31: 9.85 | V31: 36 | W31: COSARINSKI DIEGO | X31: 197
A32: 10 - SEGOVIA JUAN CRUZ | B32: 21701088 | C32: 22255931 | D32: 0 | E32: 22255931 | F32: 1.0255675 | G32: 22255931 | H32: 1.0255675 | I32: 855997.34 | J32: #DIV/0! | K32: 222559.31 | M32: 28 | N32: 28 - GOMEZ PABLO | O32: 0.87150838 | P32: 67 | Q32: 89 | R32: 179 | S32: 156 | T32: -3.85 | V32: 37 | W32: SALAJ EMILIO | X32: 246
A33: 28 - GOMEZ PABLO | B33: 20586012 | C33: 21491454 | D33: 0 | E33: 21491454 | F33: 1.0439834 | G33: 21491454 | H33: 1.0439834 | I33: 826594.39 | J33: #DIV/0! | K33: 268643.18 | M33: 33 | N33: 33 - NICOLAS AZULA | O33: 0.57926829 | P33: 66 | Q33: 29 | R33: 164 | S33: 95 | T33: 44.4 | V33: 40 | W33: IBARROLA JORGE | X33: 428
A34: 33 - NICOLAS AZULA | B34: 21701088 | C34: 6604694.9 | D34: 0 | E34: 6604694.9 | F34: 0.30434856 | G34: 6604694.9 | H34: 0.30434856 | I34: 254026.73 | J34: #DIV/0! | K34: 0 | M34: 37 | N34: 37 - PEREZ ESQUIVEL BRUNO NICOLAS | O34: 0.69736842 | P34: 82 | Q34: 24 | R34: 152 | S34: 106 | T34: 23.2 | V34: Totales
A35: 37 - PEREZ ESQUIVEL BRUNO NICOLAS | B35: 20586012 | C35: 10300686 | D35: 0 | E35: 10300686 | F35: 0.50037307 | G35: 10300686 | H35: 0.50037307 | I35: 396180.23 | J35: #DIV/0! | K35: 0 | M35: 24 | N35: 24 - DELGADO HERNAN GABRIEL | O35: 0.82954545 | P35: 81 | Q35: 65 | R35: 176 | S35: 146 | T35: 3.6
A36: 24 - DELGADO HERNAN GABRIEL | B36: 21729680 | C36: 17015925 | D36: 0 | E36: 17015925 | F36: 0.78307297 | G36: 17015925 | H36: 0.78307297 | I36: 654458.65 | J36: #DIV/0! | K36: 0 | M36: 7 | N36: 7 - VALLEJOS EDUARDO | O36: 0.14414414 | P36: 0 | Q36: 16 | R36: 111 | S36: 16 | T36: 78.35
A37: 7 - VALLEJOS EDUARDO | B37: 1.0293006e+08 | C37: 71043541 | D37: 0 | E37: 71043541 | F37: 0.69021178 | G37: 71043541 | H37: 0.69021178 | I37: 2732443.9 | J37: #DIV/0! | K37: 0 | M37: 57 | N37: 57 - ZARATE NICOLAS | O37: 0.5 | P37: 17 | Q37: 35 | R37: 104 | S37: 52 | T37: 36.4
A38: 57 - ZARATE NICOLAS | B38: 29964085 | C38: 34108717 | D38: 0 | E38: 34108717 | F38: 1.13832 | G38: 34108717 | H38: 1.13832 | I38: 1311873.7 | J38: #DIV/0! | K38: 511630.76 | M38: 1 | N38: 1 - VERA ERNESTO | O38: 0.87903226 | P38: 60 | Q38: 49 | R38: 124 | S38: 109 | T38: -3.6
A39: 1 - VERA ERNESTO | B39: 32594519 | C39: 24484653 | D39: 0 | E39: 24484653 | F39: 0.75118927 | G39: 24484653 | H39: 0.75118927 | I39: 941717.43 | J39: #DIV/0! | K39: 0 | N39: NELSON (SUPERVISOR) | Q39: 683 | R39: 1927 | S39: 1405
A40: NELSON (SUPERVISOR) | B40: 4.4156996e+08 | C40: 3.3625709e+08 | D40: 0 | E40: 3.3625709e+08 | F40: 0.76150355 | G40: 3.3625709e+08 | H40: 0.76150355 | I40: 12932965 | J40: #DIV/0! | N40: LOPEZ ENZO | Q40: 2057 | R40: 5633 | S40: 4385
A41: LOPEZ ENZO | B41: 1.1969136e+09 | C41: 9.7254833e+08 | D41: 0 | E41: 9.7254833e+08 | F41: 0.81254679 | G41: 9.7254833e+08 | H41: 0.81254679 | I41: 37405705 | J41: #DIV/0!

Sheet Historico Febrero
A1: VENDEDOR/ SUPERVISOR | B1: OBJETIVO | C1: FACTURACION ACUMULADA | D1: FACTURACION N-1 | E1: FACTURACION DEL DIA | F1: AVANCE VS OBJETIVO | G1: PROYECCION | H1: CUMPLIMIENTO PROYECTADO | I1: MEDIA REAL | J1: MEDIA NECESARIA | K1: COBRO | N1: VENDEDOR/ SUPERVISOR | O1: COBERTURA TOTAL | P1: DIA ANTERIOR | Q1: INCREMENTO DIARIO | R1: CARTERA TOTAL | S1: CCC | T1: CCC FALTANTE 85% | W1: Cantidad skus
A2: 20 - FLORES JAVIER | B2: 28561321 | C2: 39721296 | D2: 39088386 | E2: 632909.85 | F2: 1.3907374 | G2: 39721296 | H2: 1.3907374 | I2: 1727012.9 | J2: #DIV/0! | K2: 794425.92 | M2: 22 | N2: 22 - ALMIRON NICOLAS | O2: 0.87142857 | P2: 33 | Q2: 28 | R2: 70 | S2: 61 | T2: -1.5 | V2: Supervisor Cristian | Z2: Vendedores Mayoristas | AB2: Cantidad skus
A3: 19 - GONZALEZ MARCELO | B3: 27414280 | C3: 29249180 | D3: 28088898 | E3: 1160282.6 | F3: 1.0669323 | G3: 29249180 | H3: 1.0669323 | I3: 1271703.5 | J3: #DIV/0! | K3: 365614.75 | M3: 49 | N3: 49 - ESCOBAR RAÚL | O3: 0.45064378 | P3: 1 | Q3: 104 | R3: 233 | S3: 105 | T3: 93.05 | V3: Cod vdor | X3: Cantidad skus | Z3: 15 | AA3: GALARZA GERARDO | AB3: 317
A4: 16 - GOMEZ MATÍAS | B4: 25120198 | C4: 23167100 | D4: 21799244 | E4: 1367856.5 | F4: 0.92224991 | G4: 23167100 | H4: 0.92224991 | I4: 1007265.2 | J4: #DIV/0! | K4: 0 | M4: 20 | N4: 20 - FLORES JAVIER | O4: 0.94222222 | P4: 126 | Q4: 86 | R4: 225 | S4: 212 | T4: -20.75 | V4: 2 | W4: OJEDA NORBERTO | X4: 313 | Z4: 7 | AA4: VALLEJOS EDUARDO | AB4: 114
A5: 12 - GUTIERREZ MARCOS DAVID | B5: 25120198 | C5: 31630959 | D5: 30307629 | E5: 1323329.4 | F5: 1.2591843 | G5: 31630959 | H5: 1.2591843 | I5: 1375259.1 | J5: #DIV/0! | K5: 632619.18 | M5: 15 | N5: 15 - GALARZA GERARDO | O5: 0.83076923 | P5: 21 | Q5: 33 | R5: 65 | S5: 54 | T5: 1.25 | V5: 3 | W5: VIDAL NAHUEL | X5: 332
A6: 11 - ZACARIAS DAVID | B6: 20818794 | C6: 15488446 | D6: 15012989 | E6: 475456.5 | F6: 0.74396461 | G6: 15488446 | H6: 0.74396461 | I6: 673410.69 | J6: #DIV/0! | K6: 0 | M6: 19 | N6: 19 - GONZALEZ MARCELO | O6: 0.89756098 | P6: 100 | Q6: 84 | R6: 205 | S6: 184 | T6: -9.75 | V6: 18 | W6: HERRERA PABLO | X6: 294
A7: 8 - RAVAROTTO EMANUEL | B7: 24546677 | C7: 18088953 | D7: 17362470 | E7: 726482.81 | F7: 0.73692064 | G7: 18088953 | H7: 0.73692064 | I7: 786476.22 | J7: #DIV/0! | K7: 0 | M7: 16 | N7: 16 - GOMEZ MATÍAS | O7: 0.9035533 | P7: 81 | Q7: 97 | R7: 197 | S7: 178 | T7: -10.55 | V7: 21 | W7: CATAN MATIAS | X7: 354
A8: 5 - SCHELOVER RAUL | B8: 31704213 | C8: 25692635 | D8: 25203128 | E8: 489506.21 | F8: 0.8103855 | G8: 25692635 | H8: 0.8103855 | I8: 1117071.1 | J8: #DIV/0! | K8: 0 | M8: 12 | N8: 12 - GUTIERREZ MARCOS DAVID | O8: 0.9 | P8: 89 | Q8: 100 | R8: 210 | S8: 189 | T8: -10.5 | V8: 23 | W8: DELGADO JOSÉ | X8: 317 | Z8: Vendedores Supermercados | AB8: Cantidad skus
A9: 4 - TUR SPRINGER FERNANDO | B9: 31704213 | C9: 32620850 | D9: 30865959 | E9: 1754891.8 | F9: 1.0289122 | G9: 32620850 | H9: 1.0289122 | I9: 1418297.8 | J9: #DIV/0! | K9: 326208.5 | M9: 11 | N9: 11 - ZACARIAS DAVID | O9: 0.84146341 | P9: 92 | Q9: 46 | R9: 164 | S9: 138 | T9: 1.4 | V9: 31 | W9: RENZO RAMOS | X9: 393 | Z9: 22 | AA9: ALMIRON NICOLAS | AB9: 348
A10: MARTIN (SUPERVISOR) PREVENTA | B10: 2.1498989e+08 | C10: 2.1565942e+08 | D10: 2.077287e+08 | E10: 7930715.6 | F10: 1.0031142 | G10: 2.1565942e+08 | H10: 1.0031142 | I10: 9376496.5 | J10: #DIV/0! | M10: 8 | N10: 8 - RAVAROTTO EMANUEL | O10: 0.8655914 | P10: 64 | Q10: 97 | R10: 186 | S10: 161 | T10: -2.9 | V10: 44 | W10: MONGES CESAR LUIS | X10: 281 | Z10: 32 | AA10: CABRAL GONZALO | AB10: 349
A11: 22 - ALMIRON NICOLAS | B11: 85803165 | C11: 74801914 | D11: 72706629 | E11: 2095285.3 | F11: 0.87178503 | G11: 74801914 | H11: 0.87178503 | I11: 3252257.1 | J11: #DIV/0! | K11: 0 | M11: 52 | N11: 52 - MARSALL NICOLAS | O11: 0.60576923 | P11: 19 | Q11: 44 | R11: 104 | S11: 63 | T11: 25.4 | V11: 54 | W11: BARTSCHAT EMILIANO NAHUEL | X11: 433
A12: 49 - ESCOBAR RAÚL | B12: 27987800 | C12: 21624276 | D12: 21624276 | E12: 0 | F12: 0.77263221 | G12: 21624276 | H12: 0.77263221 | I12: 940185.91 | J12: #DIV/0! | K12: 0 | M12: 53 | N12: 53 - SANDOVAL RODRIGO | O12: 0.54867257 | P12: 24 | Q12: 38 | R12: 113 | S12: 62 | T12: 34.05 | V12: Totales | Z12: Supervisior Maxi | AB12: Cantidad skus
A13: 15 - GALARZA GERARDO | B13: 113579550 | C13: 1.105629e+08 | D13: 1.0102614e+08 | E13: 9536757.5 | F13: 0.9734402 | G13: 1.105629e+08 | H13: 0.9734402 | I13: 4807082.6 | J13: #DIV/0! | K13: 0 | M13: 5 | N13: 5 - SCHELOVER RAUL | O13: 0.875 | P13: 144 | Q13: 80 | R13: 256 | S13: 224 | T13: -6.4 | V13: Supervisor Martin | X13: Cantidad skus | Z13: 58 | AA13: BLADIMIR LEZCANO | AB13: 248
A14: 52 - MARSALL NICOLAS | B14: 37559970 | C14: 25974210 | D14: 25893547 | E14: 80662.059 | F14: 0.69153968 | G14: 25974210 | H14: 0.69153968 | I14: 1129313.5 | J14: #DIV/0! | K14: 0 | M14: 4 | N14: 4 - TUR SPRINGER FERNANDO | O14: 0.9039548 | P14: 85 | Q14: 75 | R14: 177 | S14: 160 | T14: -9.55 | V14: 4 | W14: TUR SPRINGER FERNANDO | X14: 383 | Z14: 59 | AA14: LEIVA SILVIO | AB14: 178
A15: 53 - SANDOVAL RODRIGO | B15: 37559970 | C15: 32322953 | D15: 32261497 | E15: 61455.881 | F15: 0.8605692 | G15: 32322953 | H15: 0.8605692 | I15: 1405345.8 | J15: #DIV/0! | K15: 0 | N15: MARTIN (SUPERVISOR) | Q15: 912 | R15: 2205 | S15: 1791 | V15: 5 | W15: SCHELOVER RAUL | X15: 387 | Z15: 60 | AA15: #N/A | AB15: #N/A
A16: MARTIN (SUPERVISOR) | B16: 3.0249046e+08 | C16: 2.6528625e+08 | D16: 2.5351209e+08 | E16: 11774161 | F16: 0.87700702 | G16: 2.6528625e+08 | H16: 0.87700702 | I16: 11534185 | J16: #DIV/0! | M16: 31 | N16: 31 - BARTSCHAT EMILIANO NAHUEL | O16: 0.85806452 | P16: 90 | Q16: 43 | R16: 155 | S16: 133 | T16: -1.25 | V16: 8 | W16: PARRA MAXIMILIANO | X16: 281 | Z16: 56 | AA16: JUAN ANDRES SANCHEZ | AB16: 251
A17: 2 - OJEDA NORBERTO | B17: 25959000 | C17: 15605041 | D17: 15500624 | E17: 104417.64 | F17: 0.60114185 | G17: 15605041 | H17: 0.60114185 | I17: 678480.05 | J17: #DIV/0! | K17: 0 | M17: 54 | N17: 54 - CAÑETE DIEGO | O17: 0.82439024 | P17: 92 | Q17: 77 | R17: 205 | S17: 169 | T17: 5.25 | V17: 11 | W17: SANCHEZ RICARDO | X17: 256 | Z17: 26 | AA17: PUJOL ERNESTO | AB17: 273
A18: 3 - VIDAL NAHUEL | B18: 22878600 | C18: 17851343 | D18: 17014009 | E18: 837333.71 | F18: 0.78026378 | G18: 17851343 | H18: 0.78026378 | I18: 776145.35 | J18: #DIV/0! | K18: 0 | M18: 21 | N18: 21 - CATAN MATIAS | O18: 0.86419753 | P18: 88 | Q18: 52 | R18: 162 | S18: 140 | T18: -2.3 | V18: 12 | W18: GUTIERREZ MARCOS DAVID | X18: 409 | Z18: 25 | AA18: KALATAKI GUSTAVO | AB18: 460
A19: 18 - HERRERA PABLO | B19: 22878600 | C19: 10599983 | D19: 10521738 | E19: 78245.206 | F19: 0.46331431 | G19: 10599983 | H19: 0.46331431 | I19: 460868.82 | J19: #DIV/0! | K19: 0 | M19: 23 | N19: 23 - DELGADO JOSÉ | O19: 0.84210526 | P19: 95 | Q19: 33 | R19: 152 | S19: 128 | T19: 1.2 | V19: 16 | W19: GOMEZ MATÍAS | X19: 326 | Z19: 43 | AA19: COLHER DIEGO | AB19: 156
A20: 21 - CATAN MATIAS | B20: 29580000 | C20: 34177594 | D20: 33008585 | E20: 1169009.1 | F20: 1.1554292 | G20: 34177594 | H20: 1.1554292 | I20: 1485982.4 | J20: #DIV/0! | K20: 683551.89 | M20: 18 | N20: 18 - HERRERA PABLO | O20: 0.73563218 | P20: 83 | Q20: 45 | R20: 174 | S20: 128 | T20: 19.9 | V20: 19 | W20: GONZALEZ MARCELO | X20: 376
A21: 23 - DELGADO JOSÉ | B21: 22440000 | C21: 12127167 | D21: 11481794 | E21: 645373.12 | F21: 0.54042634 | G21: 12127167 | H21: 0.54042634 | I21: 527268.14 | J21: #DIV/0! | K21: 0 | M21: 44 | N21: 44 - MONGES CESAR LUIS | O21: 0.73837209 | P21: 64 | Q21: 63 | R21: 172 | S21: 127 | T21: 19.2 | V21: 20 | W21: FLORES JAVIER | X21: 398
A22: 31 - BARTSCHAT EMILIANO NAHUEL | B22: 28050000 | C22: 33728905 | D22: 33154330 | E22: 574574.98 | F22: 1.2024565 | G22: 33728905 | H22: 1.2024565 | I22: 1466474.1 | J22: #DIV/0! | K22: 674578.09 | M22: 56 | N22: 56 - JUAN ANDRES SANCHEZ | O22: 0.48924731 | P22: 66 | Q22: 25 | R22: 186 | S22: 91 | T22: 67.1 | V22: Totales
A23: 44 - MONGES CESAR LUIS | B23: 24276000 | C23: 12651685 | D23: 12317875 | E23: 333810.05 | F23: 0.52116021 | G23: 12651685 | H23: 0.52116021 | I23: 550073.27 | J23: #DIV/0! | K23: 0 | M23: 2 | N23: 2 - OJEDA NORBERTO | O23: 0.72340426 | P23: 70 | Q23: 32 | R23: 141 | S23: 102 | T23: 17.85 | V23: Supervision Corrientes | X23: Cantidad skus
A24: 54 - CAÑETE DIEGO | B24: 29070000 | C24: 38353471 | D24: 37139381 | E24: 1214089.9 | F24: 1.3193488 | G24: 38353471 | H24: 1.3193488 | I24: 1667542.2 | J24: #DIV/0! | K24: 767069.41 | M24: 3 | N24: 3 - VIDAL NAHUEL | O24: 0.9109589 | P24: 79 | Q24: 54 | R24: 146 | S24: 133 | T24: -8.9 | V24: 1 | W24: VERA ERNESTO | X24: 292
A25: 56 - JUAN ANDRES SANCHEZ | B25: 47838000 | C25: 31318621 | D25: 31103523 | E25: 215097.96 | F25: 0.65468083 | G25: 31318621 | H25: 0.65468083 | I25: 1361679.2 | J25: #DIV/0! | K25: 0 | N25: CRISTIAN (SUPERVISOR) | Q25: 424 | R25: 1493 | S25: 1151 | V25: 9 | W25: ESTIGARRIBIA DAVID | X25: 350
A26: CRISTIAN (SUPERVISOR) | B26: 252970200 | C26: 2.0641381e+08 | D26: 2.0124186e+08 | E26: 5171951.6 | F26: 0.81596097 | G26: 2.0641381e+08 | H26: 0.81596097 | I26: 8974513.5 | J26: #DIV/0! | M26: 32 | N26: 32 - BLANCO FERNANDO | O26: 0.94230769 | P26: 20 | Q26: 29 | R26: 52 | S26: 49 | T26: -4.8 | V26: 10 | W26: BRITEZ EMMANUEL | X26: 307
A27: 32 - BLANCO FERNANDO | B27: 74366969 | C27: 43313537 | D27: 41559348 | E27: 1754188.7 | F27: 0.58242977 | G27: 43313537 | H27: 0.58242977 | I27: 1883197.3 | J27: #DIV/0! | K27: 0 | M27: 36 | N27: 36 - GONZALO CABRAL | O27: 0.59872611 | P27: 68 | Q27: 26 | R27: 157 | S27: 94 | T27: 39.45 | V27: 24 | W27: SOLIS EMMANUEL | X27: 320
A28: 36 - GONZALO CABRAL | B28: 20706097 | C28: 6453883.8 | D28: 6050926.8 | E28: 402956.94 | F28: 0.31169001 | G28: 6453883.8 | H28: 0.31169001 | I28: 280603.64 | J28: #DIV/0! | K28: 0 | M28: 9 | N28: 9 - ESTIGARRIBIA DAVID | O28: 0.88513514 | P28: 80 | Q28: 51 | R28: 148 | S28: 131 | T28: -5.2 | V28: 27 | W28: GOMEZ ADRIÁN | X28: 369
A29: 9 - ESTIGARRIBIA DAVID | B29: 22135110 | C29: 19608594 | D29: 19175937 | E29: 432656.69 | F29: 0.88585934 | G29: 19608594 | H29: 0.88585934 | I29: 852547.55 | J29: #DIV/0! | K29: 0 | M29: 40 | N29: 40 - GARCIA BOGARIN SANTIAGO | O29: 0.89387755 | P29: 68 | Q29: 151 | R29: 245 | S29: 219 | T29: -10.75 | V29: 28 | W29: GOMEZ PABLO | X29: 278
A30: 40 - GARCIA BOGARIN SANTIAGO | B30: 33829680 | C30: 33118969 | D30: 32872547 | E30: 246422.09 | F30: 0.97899149 | G30: 33118969 | H30: 0.97899149 | I30: 1439955.2 | J30: #DIV/0! | K30: 0 | M30: 27 | N30: 27 - GOMEZ ADRIÁN | O30: 0.92413793 | P30: 73 | Q30: 61 | R30: 145 | S30: 134 | T30: -10.75 | V30: 33 | W30: NICOLAS AZULA | X30: 265
A31: 27 - GOMEZ ADRIÁN | B31: 22135110 | C31: 19202946 | D31: 18440800 | E31: 762146.16 | F31: 0.86753337 | G31: 19202946 | H31: 0.86753337 | I31: 834910.71 | J31: #DIV/0! | K31: 0 | M31: 10 | N31: 10 - SEGOVIA JUAN CRUZ | O31: 0.85227273 | P31: 40 | Q31: 110 | R31: 176 | S31: 150 | T31: -0.4 | V31: 36 | W31: COSARINSKI DIEGO | X31: 218
A32: 10 - SEGOVIA JUAN CRUZ | B32: 22135110 | C32: 20751172 | D32: 20370057 | E32: 381114.92 | F32: 0.93747771 | G32: 20751172 | H32: 0.93747771 | I32: 902224.87 | J32: #DIV/0! | K32: 0 | M32: 28 | N32: 28 - GOMEZ PABLO | O32: 0.92485549 | P32: 67 | Q32: 93 | R32: 173 | S32: 160 | T32: -12.95 | V32: 37 | W32: SALAJ EMILIO | X32: 299
A33: 28 - GOMEZ PABLO | B33: 21997733 | C33: 11626466 | D33: 11510550 | E33: 115916.61 | F33: 0.52853022 | G33: 11626466 | H33: 0.52853022 | I33: 505498.54 | J33: #DIV/0! | K33: 0 | M33: 33 | N33: 33 - NICOLAS AZULA | O33: 0.73170732 | P33: 66 | Q33: 54 | R33: 164 | S33: 120 | T33: 19.4 | V33: 40 | W33: IBARROLA JORGE | X33: 429
A34: 33 - NICOLAS AZULA | B34: 21135110 | C34: 8982721 | D34: 8776556 | E34: 206164.92 | F34: 0.42501416 | G34: 8982721 | H34: 0.42501416 | I34: 390553.09 | J34: #DIV/0! | K34: 0 | M34: 37 | N34: 37 - PEREZ ESQUIVEL BRUNO NICOLAS | O34: 0.84671533 | P34: 82 | Q34: 34 | R34: 137 | S34: 116 | T34: 0.45 | V34: Totales
A35: 37 - PEREZ ESQUIVEL BRUNO NICOLAS | B35: 21343733 | C35: 12183134 | D35: 11763870 | E35: 419264.52 | F35: 0.57080617 | G35: 12183134 | H35: 0.57080617 | I35: 529701.49 | J35: #DIV/0! | K35: 0 | M35: 24 | N35: 24 - DELGADO HERNAN GABRIEL | O35: 0.88690476 | P35: 81 | Q35: 68 | R35: 168 | S35: 149 | T35: -6.2
A36: 24 - DELGADO HERNAN GABRIEL | B36: 22164273 | C36: 19501354 | D36: 19287420 | E36: 213934.31 | F36: 0.87985535 | G36: 19501354 | H36: 0.87985535 | I36: 847884.98 | J36: #DIV/0! | K36: 0 | M36: 7 | N36: 7 - VALLEJOS EDUARDO | O36: 0.12612613 | P36: 0 | Q36: 14 | R36: 111 | S36: 14 | T36: 80.35
A37: 7 - VALLEJOS EDUARDO | B37: 1.0498866e+08 | C37: 66545844 | D37: 60977569 | E37: 5568274.8 | F37: 0.63383838 | G37: 66545844 | H37: 0.63383838 | I37: 2893297.6 | J37: #DIV/0! | K37: 0 | M37: 57 | N37: 57 - ZARATE NICOLAS | O37: 0.57843137 | P37: 17 | Q37: 42 | R37: 102 | S37: 59 | T37: 27.7
A38: 57 - ZARATE NICOLAS | B38: 30563366 | C38: 24829924 | D38: 22201833 | E38: 2628090.9 | F38: 0.81240802 | G38: 24829924 | H38: 0.81240802 | I38: 1079561.9 | J38: #DIV/0! | K38: 0 | M38: 1 | N38: 1 - VERA ERNESTO | O38: 0.824 | P38: 60 | Q38: 43 | R38: 125 | S38: 103 | T38: 3.25
A39: 1 - VERA ERNESTO | B39: 32900001 | C39: 18657991 | D39: 18414644 | E39: 243347.69 | F39: 0.56711219 | G39: 18657991 | H39: 0.56711219 | I39: 811217.02 | J39: #DIV/0! | K39: 0 | N39: NELSON (SUPERVISOR) | Q39: 776 | R39: 1903 | S39: 1498
A40: NELSON (SUPERVISOR) | B40: 4.5040136e+08 | C40: 3.0477654e+08 | D40: 2.9140206e+08 | E40: 13374479 | F40: 0.67667765 | G40: 3.0477654e+08 | H40: 0.67667765 | I40: 13251154 | J40: #DIV/0! | N40: LOPEZ ENZO | Q40: 2112 | R40: 5601 | S40: 4440
A41: LOPEZ ENZO | B41: 1.2208519e+09 | C41: 9.9213602e+08 | D41: 9.5388471e+08 | E41: 38251307 | F41: 0.81265878 | G41: 9.9213602e+08 | H41: 0.81265878 | I41: 43136349 | J41: #DIV/0!
A42: VENDEDOR/ SUPERVISOR | B42: OBJETIVO | C42: FACTURACION ACUMULADA | D42: FACTURACION ACUMULADA | E42: FACTURACION DEL DIA | F42: AVANCE VS OBJETIVO | G42: PROYECCION | H42: CUMPLIMIENTO PROYECTADO | I42: MEDIA REAL | J42: MEDIA NECESARIA | K42: COBRO
A43: 58 - BLADIMIR LEZCANO | B43: 40000000 | C43: 10630405 | D43: 10303829 | E43: 326575.72 | F43: 0.26576013 | G43: 10630405 | H43: 0.26576013 | I43: 462191.53 | J43: #DIV/0! | K43: 0
A44: 59 - LEIVA SILVIO | B44: 30000000 | C44: 3919003.8 | D44: 3713552.9 | E44: 205450.87 | F44: 0.13063346 | G44: 3919003.8 | H44: 0.13063346 | I44: 170391.47 | J44: #DIV/0! | K44: 0

Sheet Historico Marzo
A1: VENDEDOR/ SUPERVISOR | B1: OBJETIVO | C1: FACTURACION ACUMULADA | D1: FACTURACION N-1 | E1: FACTURACION DEL DIA | F1: AVANCE VS OBJETIVO | G1: PROYECCION | H1: CUMPLIMIENTO PROYECTADO | I1: MEDIA REAL | J1: MEDIA NECESARIA | K1: COBRO | N1: VENDEDOR/ SUPERVISOR | O1: COBERTURA TOTAL | P1: DIA ANTERIOR | Q1: INCREMENTO DIARIO | R1: CARTERA TOTAL | S1: CCC | T1: CCC FALTANTE 85% | W1: Cantidad skus
A2: 20 - FLORES JAVIER | B2: 29846580 | C2: 44992728 | D2: 43196157 | E2: 1796571.4 | F2: 1.5074668 | G2: 44992728 | H2: 1.5074668 | I2: 1799709.1 | J2: #DIV/0! | K2: 899854.56 | M2: 22 | N2: 22 - ALMIRON NICOLAS | O2: 0.87323944 | P2: 33 | Q2: 29 | R2: 71 | S2: 62 | T2: -1.65 | V2: Supervisor Cristian | Z2: Vendedores Mayoristas | AB2: Cantidad skus
A3: 19 - GONZALEZ MARCELO | B3: 28647922 | C3: 31728460 | D3: 29580587 | E3: 2147873 | F3: 1.1075309 | G3: 31728460 | H3: 1.1075309 | I3: 1269138.4 | J3: #DIV/0! | K3: 475926.9 | M3: 49 | N3: 49 - ESCOBAR RAÚL | O3: 0.44491525 | P3: 1 | Q3: 104 | R3: 236 | S3: 105 | T3: 95.6 | V3: Cod vdor | X3: Cantidad skus | Z3: 15 | AA3: GALARZA GERARDO | AB3: 345
A4: 16 - GOMEZ MATÍAS | B4: 26250607 | C4: 34522641 | D4: 33182283 | E4: 1340358 | F4: 1.3151178 | G4: 34522641 | H4: 1.3151178 | I4: 1380905.6 | J4: #DIV/0! | K4: 690452.82 | M4: 20 | N4: 20 - FLORES JAVIER | O4: 0.92920354 | P4: 126 | Q4: 84 | R4: 226 | S4: 210 | T4: -17.9 | V4: 2 | W4: OJEDA NORBERTO | X4: 388 | Z4: 7 | AA4: VALLEJOS EDUARDO | AB4: 219
A5: 12 - GUTIERREZ MARCOS DAVID | B5: 26250607 | C5: 32158042 | D5: 31359847 | E5: 798195.39 | F5: 1.2250399 | G5: 32158042 | H5: 1.2250399 | I5: 1286321.7 | J5: #DIV/0! | K5: 643160.84 | M5: 15 | N5: 15 - GALARZA GERARDO | O5: 0.78461538 | P5: 21 | Q5: 30 | R5: 65 | S5: 51 | T5: 4.25 | V5: 3 | W5: VIDAL NAHUEL | X5: 408
A6: 11 - ZACARIAS DAVID | B6: 21755640 | C6: 21881068 | D6: 20297609 | E6: 1583458.8 | F6: 1.0057653 | G6: 21881068 | H6: 1.0057653 | I6: 875242.71 | J6: #DIV/0! | K6: 218810.68 | M6: 19 | N6: 19 - GONZALEZ MARCELO | O6: 0.85784314 | P6: 100 | Q6: 75 | R6: 204 | S6: 175 | T6: -1.6 | V6: 18 | W6: HERRERA PABLO | X6: 404
A7: 8 - RAVAROTTO EMANUEL | B7: 25651278 | C7: 26031710 | D7: 25004170 | E7: 1027540.7 | F7: 1.0148309 | G7: 26031710 | H7: 1.0148309 | I7: 1041268.4 | J7: #DIV/0! | K7: 260317.1 | M7: 16 | N7: 16 - GOMEZ MATÍAS | O7: 0.91414141 | P7: 81 | Q7: 100 | R7: 198 | S7: 181 | T7: -12.7 | V7: 21 | W7: CATAN MATIAS | X7: 417
A8: 5 - SCHELOVER RAUL | B8: 33130903 | C8: 38828238 | D8: 36984925 | E8: 1843312.9 | F8: 1.1719644 | G8: 38828238 | H8: 1.1719644 | I8: 1553129.5 | J8: #DIV/0! | K8: 776564.77 | M8: 12 | N8: 12 - GUTIERREZ MARCOS DAVID | O8: 0.86729858 | P8: 89 | Q8: 94 | R8: 211 | S8: 183 | T8: -3.65 | V8: 23 | W8: DELGADO JOSÉ | X8: 405 | Z8: Vendedores Supermercados | AB8: Cantidad skus
A9: 4 - TUR SPRINGER FERNANDO | B9: 33130903 | C9: 38657151 | D9: 37691402 | E9: 965749.16 | F9: 1.1668004 | G9: 38657151 | H9: 1.1668004 | I9: 1546286 | J9: #DIV/0! | K9: 773143.02 | M9: 11 | N9: 11 - ZACARIAS DAVID | O9: 0.87058824 | P9: 92 | Q9: 56 | R9: 170 | S9: 148 | T9: -3.5 | V9: 31 | W9: RENZO RAMOS | X9: 441 | Z9: 22 | AA9: ALMIRON NICOLAS | AB9: 398
A10: MARTIN (SUPERVISOR) PREVENTA | B10: 2.2466444e+08 | C10: 2.6880004e+08 | D10: 2.5729698e+08 | E10: 11503059 | F10: 1.1964512 | G10: 2.6880004e+08 | H10: 1.1964512 | I10: 10752002 | J10: #DIV/0! | M10: 8 | N10: 8 - RAVAROTTO EMANUEL | O10: 0.79365079 | P10: 64 | Q10: 86 | R10: 189 | S10: 150 | T10: 10.65 | V10: 44 | W10: MONGES CESAR LUIS | X10: 360 | Z10: 32 | AA10: CABRAL GONZALO | AB10: 423
A11: 22 - ALMIRON NICOLAS | B11: 89664307 | C11: 91610853 | D11: 87112278 | E11: 4498575.6 | F11: 1.0217093 | G11: 91610853 | H11: 1.0217093 | I11: 3664434.1 | J11: #DIV/0! | K11: 458054.27 | M11: 52 | N11: 52 - MARSALL NICOLAS | O11: 0.56603774 | P11: 19 | Q11: 41 | R11: 106 | S11: 60 | T11: 30.1 | V11: 54 | W11: BARTSCHAT EMILIANO NAHUEL | X11: 482
A12: 49 - ESCOBAR RAÚL | B12: 29247251 | C12: 31373238 | D12: 31383571 | E12: -10333.688 | F12: 1.0726901 | G12: 31373238 | H12: 1.0726901 | I12: 1254929.5 | J12: #DIV/0! | K12: 392165.47 | M12: 53 | N12: 53 - SANDOVAL RODRIGO | O12: 0.5840708 | P12: 24 | Q12: 42 | R12: 113 | S12: 66 | T12: 30.05 | V12: Totales | Z12: Supervisior Maxi | AB12: Cantidad skus
A13: 15 - GALARZA GERARDO | B13: 1.1869063e+08 | C13: 1.0977717e+08 | D13: 93454147 | E13: 16323022 | F13: 0.92490173 | G13: 1.0977717e+08 | H13: 0.92490173 | I13: 4391086.8 | J13: #DIV/0! | K13: 0 | M13: 5 | N13: 5 - SCHELOVER RAUL | O13: 0.93774319 | P13: 144 | Q13: 97 | R13: 257 | S13: 241 | T13: -22.55 | V13: Supervisor Martin | X13: Cantidad skus | Z13: 58 | AA13: BLADIMIR LEZCANO | AB13: 237
A14: 52 - MARSALL NICOLAS | B14: 39250169 | C14: 27654392 | D14: 26877029 | E14: 777363.34 | F14: 0.70456748 | G14: 27654392 | H14: 0.70456748 | I14: 1106175.7 | J14: #DIV/0! | K14: 0 | M14: 4 | N14: 4 - TUR SPRINGER FERNANDO | O14: 0.8839779 | P14: 85 | Q14: 75 | R14: 181 | S14: 160 | T14: -6.15 | V14: 4 | W14: TUR SPRINGER FERNANDO | X14: 412 | Z14: 59 | AA14: LEIVA SILVIO | AB14: 273
A15: 53 - SANDOVAL RODRIGO | B15: 39250169 | C15: 38224313 | D15: 34543336 | E15: 3680977.4 | F15: 0.97386367 | G15: 38224313 | H15: 0.97386367 | I15: 1528972.5 | J15: #DIV/0! | K15: 0 | N15: MARTIN (SUPERVISOR) | Q15: 913 | R15: 2227 | S15: 1792 | V15: 5 | W15: SCHELOVER RAUL | X15: 439 | Z15: 60 | AA15: #N/A | AB15: #N/A
A16: MARTIN (SUPERVISOR) | B16: 3.1610253e+08 | C16: 2.9863997e+08 | D16: 2.7337036e+08 | E16: 25269605 | F16: 0.94475666 | G16: 2.9863997e+08 | H16: 0.94475666 | I16: 11945599 | J16: #DIV/0! | M16: 31 | N16: 31 - BARTSCHAT EMILIANO NAHUEL | O16: 0.86184211 | P16: 90 | Q16: 41 | R16: 152 | S16: 131 | T16: -1.8 | V16: 8 | W16: PARRA MAXIMILIANO | X16: 354 | Z16: 56 | AA16: JUAN ANDRES SANCHEZ | AB16: 352
A17: 2 - OJEDA NORBERTO | B17: 27127155 | C17: 28722737 | D17: 27827594 | E17: 895143.25 | F17: 1.0588186 | G17: 28722737 | H17: 1.0588186 | I17: 1148909.5 | J17: #DIV/0! | K17: 359034.22 | M17: 54 | N17: 54 - CAÑETE DIEGO | O17: 0.81 | P17: 92 | Q17: 70 | R17: 200 | S17: 162 | T17: 8 | V17: 11 | W17: SANCHEZ RICARDO | X17: 289 | Z17: 26 | AA17: PUJOL ERNESTO | AB17: 338
A18: 3 - VIDAL NAHUEL | B18: 23078600 | C18: 23018518 | D18: 21612527 | E18: 1405990.9 | F18: 0.99739665 | G18: 23018518 | H18: 0.99739665 | I18: 920740.73 | J18: #DIV/0! | K18: 230185.18 | M18: 21 | N18: 21 - CATAN MATIAS | O18: 0.8597561 | P18: 88 | Q18: 53 | R18: 164 | S18: 141 | T18: -1.6 | V18: 12 | W18: GUTIERREZ MARCOS DAVID | X18: 371 | Z18: 25 | AA18: KALATAKI GUSTAVO | AB18: 536
A19: 18 - HERRERA PABLO | B19: 23908137 | C19: 24067203 | D19: 22895917 | E19: 1171285.3 | F19: 1.0066532 | G19: 24067203 | H19: 1.0066532 | I19: 962688.11 | J19: #DIV/0! | K19: 240672.03 | M19: 23 | N19: 23 - DELGADO JOSÉ | O19: 0.88888889 | P19: 95 | Q19: 41 | R19: 153 | S19: 136 | T19: -5.95 | V19: 16 | W19: GOMEZ MATÍAS | X19: 351 | Z19: 43 | AA19: COLHER DIEGO | AB19: 172
A20: 21 - CATAN MATIAS | B20: 31020000 | C20: 37294139 | D20: 33765357 | E20: 3528781.8 | F20: 1.2022611 | G20: 37294139 | H20: 1.2022611 | I20: 1491765.5 | J20: #DIV/0! | K20: 745882.77 | M20: 18 | N20: 18 - HERRERA PABLO | O20: 0.88622754 | P20: 83 | Q20: 65 | R20: 167 | S20: 148 | T20: -6.05 | V20: 19 | W20: GONZALEZ MARCELO | X20: 414
A21: 23 - DELGADO JOSÉ | B21: 23540000 | C21: 21299626 | D21: 20077315 | E21: 1222311.5 | F21: 0.90482695 | G21: 21299626 | H21: 0.90482695 | I21: 851985.05 | J21: #DIV/0! | K21: 0 | M21: 44 | N21: 44 - MONGES CESAR LUIS | O21: 0.85714286 | P21: 64 | Q21: 80 | R21: 168 | S21: 144 | T21: -1.2 | V21: 20 | W21: FLORES JAVIER | X21: 420
A22: 31 - BARTSCHAT EMILIANO NAHUEL | B22: 29350800 | C22: 35308922 | D22: 34647670 | E22: 661251.54 | F22: 1.2029969 | G22: 35308922 | H22: 1.2029969 | I22: 1412356.9 | J22: #DIV/0! | K22: 706178.43 | M22: 56 | N22: 56 - JUAN ANDRES SANCHEZ | O22: 0.55440415 | P22: 66 | Q22: 41 | R22: 193 | S22: 107 | T22: 57.05 | V22: Totales
A23: 44 - MONGES CESAR LUIS | B23: 25368420 | C23: 26777939 | D23: 25902240 | E23: 875699.82 | F23: 1.055562 | G23: 26777939 | H23: 1.055562 | I23: 1071117.6 | J23: #DIV/0! | K23: 334724.24 | M23: 2 | N23: 2 - OJEDA NORBERTO | O23: 0.86111111 | P23: 70 | Q23: 54 | R23: 144 | S23: 124 | T23: -1.6 | V23: Supervision Corrientes | X23: Cantidad skus
A24: 54 - CAÑETE DIEGO | B24: 30970000 | C24: 45619297 | D24: 42627281 | E24: 2992016.8 | F24: 1.4730157 | G24: 45619297 | H24: 1.4730157 | I24: 1824771.9 | J24: #DIV/0! | K24: 912385.95 | M24: 3 | N24: 3 - VIDAL NAHUEL | O24: 0.91946309 | P24: 79 | Q24: 58 | R24: 149 | S24: 137 | T24: -10.35 | V24: 1 | W24: VERA ERNESTO | X24: 399
A25: 56 - JUAN ANDRES SANCHEZ | B25: 49990710 | C25: 53077079 | D25: 53077079 | E25: 0 | F25: 1.0617389 | G25: 53077079 | H25: 1.0617389 | I25: 2123083.2 | J25: #DIV/0! | K25: 663463.49 | N25: CRISTIAN (SUPERVISOR) | Q25: 503 | R25: 1490 | S25: 1230 | V25: 9 | W25: ESTIGARRIBIA DAVID | X25: 383
A26: CRISTIAN (SUPERVISOR) | B26: 264353822 | C26: 2.9518546e+08 | D26: 2.8243298e+08 | E26: 12752481 | F26: 1.1166302 | G26: 2.9518546e+08 | H26: 1.1166302 | I26: 11807418 | J26: #DIV/0! | M26: 32 | N26: 32 - BLANCO FERNANDO | O26: 0.87037037 | P26: 20 | Q26: 27 | R26: 54 | S26: 47 | T26: -1.1 | V26: 10 | W26: BRITEZ EMMANUEL | X26: 302
A27: 32 - BLANCO FERNANDO | B27: 75800000 | C27: 82043240 | D27: 78542690 | E27: 3500549.9 | F27: 1.0823646 | G27: 82043240 | H27: 1.0823646 | I27: 3281729.6 | J27: #DIV/0! | K27: 615324.3 | M27: 36 | N27: 36 - GONZALO CABRAL | O27: 0.88961039 | P27: 68 | Q27: 69 | R27: 154 | S27: 137 | T27: -6.1 | V27: 24 | W27: SOLIS EMMANUEL | X27: 368
A28: 36 - GONZALO CABRAL | B28: 20000000 | C28: 12939850 | D28: 12423644 | E28: 516206.41 | F28: 0.64699251 | G28: 12939850 | H28: 0.64699251 | I28: 517594.01 | J28: #DIV/0! | K28: 0 | M28: 9 | N28: 9 - ESTIGARRIBIA DAVID | O28: 0.86624204 | P28: 80 | Q28: 56 | R28: 157 | S28: 136 | T28: -2.55 | V28: 27 | W28: GOMEZ ADRIÁN | X28: 342
A29: 9 - ESTIGARRIBIA DAVID | B29: 23800000 | C29: 19809269 | D29: 18819845 | E29: 989423.5 | F29: 0.83232222 | G29: 19809269 | H29: 0.83232222 | I29: 792370.75 | J29: #DIV/0! | K29: 0 | M29: 40 | N29: 40 - GARCIA BOGARIN SANTIAGO | O29: 0.88259109 | P29: 68 | Q29: 150 | R29: 247 | S29: 218 | T29: -8.05 | V29: 28 | W29: GOMEZ PABLO | X29: 341
A30: 40 - GARCIA BOGARIN SANTIAGO | B30: 35352016 | C30: 35366561 | D30: 33774259 | E30: 1592302 | F30: 1.0004114 | G30: 35366561 | H30: 1.0004114 | I30: 1414662.4 | J30: #DIV/0! | K30: 353665.61 | M30: 27 | N30: 27 - GOMEZ ADRIÁN | O30: 0.89655172 | P30: 73 | Q30: 57 | R30: 145 | S30: 130 | T30: -6.75 | V30: 33 | W30: NICOLAS AZULA | X30: 304
A31: 27 - GOMEZ ADRIÁN | B31: 23500000 | C31: 17421400 | D31: 16694856 | E31: 726543.6 | F31: 0.74133615 | G31: 17421400 | H31: 0.74133615 | I31: 696855.98 | J31: #DIV/0! | K31: 0 | M31: 10 | N31: 10 - SEGOVIA JUAN CRUZ | O31: 0.87150838 | P31: 40 | Q31: 116 | R31: 179 | S31: 156 | T31: -3.85 | V31: 36 | W31: COSARINSKI DIEGO | X31: 304
A32: 10 - SEGOVIA JUAN CRUZ | B32: 23800000 | C32: 30410218 | D32: 29155172 | E32: 1255046.2 | F32: 1.2777402 | G32: 30410218 | H32: 1.2777402 | I32: 1216408.7 | J32: #DIV/0! | K32: 608204.36 | M32: 28 | N32: 28 - GOMEZ PABLO | O32: 0.88505747 | P32: 67 | Q32: 87 | R32: 174 | S32: 154 | T32: -6.1 | V32: 37 | W32: SALAJ EMILIO | X32: 292
A33: 28 - GOMEZ PABLO | B33: 24500000 | C33: 22241465 | D33: 21301182 | E33: 940283.3 | F33: 0.9078149 | G33: 22241465 | H33: 0.9078149 | I33: 889658.61 | J33: #DIV/0! | K33: 0 | M33: 33 | N33: 33 - NICOLAS AZULA | O33: 0.86826347 | P33: 66 | Q33: 79 | R33: 167 | S33: 145 | T33: -3.05 | V33: 40 | W33: IBARROLA JORGE | X33: 450
A34: 33 - NICOLAS AZULA | B34: 20000000 | C34: 11996899 | D34: 11340625 | E34: 656273.51 | F34: 0.59984494 | G34: 11996899 | H34: 0.59984494 | I34: 479875.95 | J34: #DIV/0! | K34: 0 | M34: 37 | N34: 37 - PEREZ ESQUIVEL BRUNO NICOLAS | O34: 0.89208633 | P34: 82 | Q34: 42 | R34: 139 | S34: 124 | T34: -5.85 | V34: Totales
A35: 37 - PEREZ ESQUIVEL BRUNO NICOLAS | B35: 22800000 | C35: 16045483 | D35: 15458928 | E35: 586555.83 | F35: 0.70374927 | G35: 16045483 | H35: 0.70374927 | I35: 641819.34 | J35: #DIV/0! | K35: 0 | M35: 24 | N35: 24 - DELGADO HERNAN GABRIEL | O35: 0.85057471 | P35: 81 | Q35: 67 | R35: 174 | S35: 148 | T35: -0.1
A36: 24 - DELGADO HERNAN GABRIEL | B36: 24500000 | C36: 24813222 | D36: 24039548 | E36: 773674.28 | F36: 1.0127846 | G36: 24813222 | H36: 1.0127846 | I36: 992528.9 | J36: #DIV/0! | K36: 248132.22 | M36: 7 | N36: 7 - VALLEJOS EDUARDO | O36: 0.22321429 | P36: 0 | Q36: 25 | R36: 112 | S36: 25 | T36: 70.2
A37: 7 - VALLEJOS EDUARDO | B37: 1.0971315e+08 | C37: 1.2140957e+08 | D37: 1.2140957e+08 | E37: 0 | F37: 1.1066091 | G37: 1.2140957e+08 | H37: 1.1066091 | I37: 4856382.8 | J37: #DIV/0! | K37: 1214095.7 | M37: 57 | N37: 57 - ZARATE NICOLAS | O37: 0.62135922 | P37: 17 | Q37: 47 | R37: 103 | S37: 64 | T37: 23.55
A38: 57 - ZARATE NICOLAS | B38: 32904256 | C38: 22457150 | D38: 19451114 | E38: 3006036.2 | F38: 0.68249986 | G38: 22457150 | H38: 0.68249986 | I38: 898286 | J38: #DIV/0! | K38: 0 | M38: 1 | N38: 1 - VERA ERNESTO | O38: 0.91269841 | P38: 60 | Q38: 55 | R38: 126 | S38: 115 | T38: -7.9
A39: 1 - VERA ERNESTO | B39: 34000000 | C39: 37284573 | D39: 36534726 | E39: 749847.38 | F39: 1.0966051 | G39: 37284573 | H39: 1.0966051 | I39: 1491382.9 | J39: #DIV/0! | K39: 559268.6 | N39: NELSON (SUPERVISOR) | Q39: 877 | R39: 1931 | S39: 1599
A40: NELSON (SUPERVISOR) | B40: 4.7066942e+08 | C40: 4.542389e+08 | D40: 4.3894616e+08 | E40: 15292742 | F40: 0.96509116 | G40: 4.542389e+08 | H40: 0.96509116 | I40: 18169556 | J40: #DIV/0! | N40: LOPEZ ENZO | Q40: 2293 | R40: 5648 | S40: 4621
A41: LOPEZ ENZO | B41: 1.2757902e+09 | C41: 1.3168644e+09 | D41: 1.2520465e+09 | E41: 64817887 | F41: 1.032195 | G41: 1.3168644e+09 | H41: 1.032195 | I41: 52674575 | J41: #DIV/0! | M41: 58 | N41: 58 - BLADIMIR LEZCANO | O41: 0.33018868 | P41: 60 | Q41: -25 | R41: 106 | S41: 35 | T41: 55.1
A42: VENDEDOR/ SUPERVISOR | B42: OBJETIVO | C42: FACTURACION ACUMULADA | D42: FACTURACION ACUMULADA | E42: FACTURACION DEL DIA | F42: AVANCE VS OBJETIVO | G42: PROYECCION | H42: CUMPLIMIENTO PROYECTADO | I42: MEDIA REAL | J42: MEDIA NECESARIA | K42: COBRO | M42: 59 | N42: 59 - LEIVA SILVIO | O42: 0.5631068 | P42: 60 | Q42: -2 | R42: 103 | S42: 58 | T42: 29.55
A43: 58 - BLADIMIR LEZCANO | B43: 40000000 | C43: 16160704 | D43: 16160704 | E43: 0 | F43: 0.40401759 | G43: 16160704 | H43: 0.40401759 | I43: 646428.14 | J43: #DIV/0! | K43: 0
A44: 59 - LEIVA SILVIO | B44: 30000000 | C44: 7660108.9 | D44: 7691698.3 | E44: -31589.364 | F44: 0.25533696 | G44: 7660108.9 | H44: 0.25533696 | I44: 306404.36 | J44: #DIV/0! | K44: 0

Sheet Historico Abril
A1: VENDEDOR/ SUPERVISOR | B1: OBJETIVO | C1: FACTURACION ACUMULADA | D1: FACTURACION N-1 | E1: FACTURACION DEL DIA | F1: AVANCE VS OBJETIVO | G1: PROYECCION | H1: CUMPLIMIENTO PROYECTADO | I1: MEDIA REAL | J1: MEDIA NECESARIA | K1: COBRO | N1: VENDEDOR/ SUPERVISOR | O1: COBERTURA TOTAL | P1: DIA ANTERIOR | Q1: INCREMENTO DIARIO | R1: CARTERA TOTAL | S1: CCC | T1: CCC FALTANTE 85% | W1: Cantidad skus
A2: 20 - FLORES JAVIER | B2: 30741978 | C2: 39818672 | D2: 38382152 | E2: 1436519.1 | F2: 1.2952541 | G2: 39818672 | H2: 1.2952541 | I2: 1659111.3 | J2: #DIV/0! | K2: 796373.43 | M2: 22 | N2: 22 - ALMIRON NICOLAS | O2: 0.88732394 | P2: 33 | Q2: 30 | R2: 71 | S2: 63 | T2: -2.65 | V2: Supervisor Cristian | Z2: Vendedores Mayoristas | AB2: Cantidad skus
A3: 19 - GONZALEZ MARCELO | B3: 29507360 | C3: 34425295 | D3: 32492713 | E3: 1932581.6 | F3: 1.1666681 | G3: 34425295 | H3: 1.1666681 | I3: 1434387.3 | J3: #DIV/0! | K3: 688505.9 | M3: 49 | N3: 49 - ESCOBAR RAÚL | O3: 0.45338983 | P3: 1 | Q3: 106 | R3: 236 | S3: 107 | T3: 93.6 | V3: Cod vdor | X3: Cantidad skus | Z3: 15 | AA3: GALARZA GERARDO | AB3: 337
A4: 16 - GOMEZ MATÍAS | B4: 27038125 | C4: 30983086 | D4: 29980997 | E4: 1002089.1 | F4: 1.1459036 | G4: 30983086 | H4: 1.1459036 | I4: 1290961.9 | J4: #DIV/0! | K4: 619661.72 | M4: 20 | N4: 20 - FLORES JAVIER | O4: 0.91517857 | P4: 126 | Q4: 79 | R4: 224 | S4: 205 | T4: -14.6 | V4: 2 | W4: OJEDA NORBERTO | X4: 353 | Z4: 7 | AA4: VALLEJOS EDUARDO | AB4: 156
A5: 12 - GUTIERREZ MARCOS DAVID | B5: 27038125 | C5: 31442511 | D5: 30971582 | E5: 470929.65 | F5: 1.1628954 | G5: 31442511 | H5: 1.1628954 | I5: 1310104.6 | J5: #DIV/0! | K5: 628850.22 | M5: 15 | N5: 15 - GALARZA GERARDO | O5: 0.75384615 | P5: 21 | Q5: 28 | R5: 65 | S5: 49 | T5: 6.25 | V5: 3 | W5: VIDAL NAHUEL | X5: 363
A6: 11 - ZACARIAS DAVID | B6: 22408309 | C6: 15712938 | D6: 15370351 | E6: 342587.3 | F6: 0.70121033 | G6: 15712938 | H6: 0.70121033 | I6: 654705.74 | J6: #DIV/0! | K6: 0 | M6: 19 | N6: 19 - GONZALEZ MARCELO | O6: 0.87378641 | P6: 100 | Q6: 80 | R6: 206 | S6: 180 | T6: -4.9 | V6: 18 | W6: HERRERA PABLO | X6: 385
A7: 8 - RAVAROTTO EMANUEL | B7: 26420816 | C7: 21037674 | D7: 20409247 | E7: 628426.96 | F7: 0.79625374 | G7: 21037674 | H7: 0.79625374 | I7: 876569.74 | J7: #DIV/0! | K7: 0 | M7: 16 | N7: 16 - GOMEZ MATÍAS | O7: 0.86363636 | P7: 81 | Q7: 90 | R7: 198 | S7: 171 | T7: -2.7 | V7: 21 | W7: CATAN MATIAS | X7: 411
A8: 5 - SCHELOVER RAUL | B8: 34124830 | C8: 36321845 | D8: 34680471 | E8: 1641374.2 | F8: 1.0643817 | G8: 36321845 | H8: 1.0643817 | I8: 1513410.2 | J8: #DIV/0! | K8: 454023.06 | M8: 12 | N8: 12 - GUTIERREZ MARCOS DAVID | O8: 0.88207547 | P8: 89 | Q8: 98 | R8: 212 | S8: 187 | T8: -6.8 | V8: 23 | W8: DELGADO JOSÉ | X8: 401 | Z8: Vendedores Supermercados | AB8: Cantidad skus
A9: 4 - TUR SPRINGER FERNANDO | B9: 34124830 | C9: 39634220 | D9: 38178337 | E9: 1455883.5 | F9: 1.1614481 | G9: 39634220 | H9: 1.1614481 | I9: 1651425.8 | J9: #DIV/0! | K9: 792684.41 | M9: 11 | N9: 11 - ZACARIAS DAVID | O9: 0.86470588 | P9: 92 | Q9: 55 | R9: 170 | S9: 147 | T9: -2.5 | V9: 31 | W9: RENZO RAMOS | X9: 401 | Z9: 22 | AA9: ALMIRON NICOLAS | AB9: 391
A10: MARTIN (SUPERVISOR) PREVENTA | B10: 2.3140437e+08 | C10: 2.4937624e+08 | D10: 2.4046585e+08 | E10: 8910391.5 | F10: 1.0776643 | G10: 2.4937624e+08 | H10: 1.0776643 | I10: 10390677 | J10: #DIV/0! | M10: 8 | N10: 8 - RAVAROTTO EMANUEL | O10: 0.82631579 | P10: 64 | Q10: 93 | R10: 190 | S10: 157 | T10: 4.5 | V10: 44 | W10: MONGES CESAR LUIS | X10: 340 | Z10: 32 | AA10: CABRAL GONZALO | AB10: 474
A11: 22 - ALMIRON NICOLAS | B11: 92354237 | C11: 91382684 | D11: 78998182 | E11: 12384502 | F11: 0.98948016 | G11: 91382684 | H11: 0.98948016 | I11: 3807611.9 | J11: #DIV/0! | K11: 0 | M11: 52 | N11: 52 - MARSALL NICOLAS | O11: 0.67676768 | P11: 19 | Q11: 48 | R11: 99 | S11: 67 | T11: 17.15 | V11: 54 | W11: BARTSCHAT EMILIANO NAHUEL | X11: 428
A12: 49 - ESCOBAR RAÚL | B12: 30124669 | C12: 20951634 | D12: 20951634 | E12: 0 | F12: 0.69549757 | G12: 20951634 | H12: 0.69549757 | I12: 872984.75 | J12: #DIV/0! | K12: 0 | M12: 53 | N12: 53 - SANDOVAL RODRIGO | O12: 0.64150943 | P12: 24 | Q12: 44 | R12: 106 | S12: 68 | T12: 22.1 | V12: Totales | Z12: Supervisior Maxi | AB12: Cantidad skus
A13: 15 - GALARZA GERARDO | B13: 1.2225135e+08 | C13: 81078999 | D13: 78531862 | E13: 2547136.3 | F13: 0.66321558 | G13: 81078999 | H13: 0.66321558 | I13: 3378291.6 | J13: #DIV/0! | K13: 0 | M13: 5 | N13: 5 - SCHELOVER RAUL | O13: 0.90310078 | P13: 144 | Q13: 89 | R13: 258 | S13: 233 | T13: -13.7 | V13: Supervisor Martin | X13: Cantidad skus | Z13: 58 | AA13: BLADIMIR LEZCANO | AB13: 226
A14: 52 - MARSALL NICOLAS | B14: 40427674 | C14: 39036663 | D14: 37851538 | E14: 1185125 | F14: 0.96559262 | G14: 39036663 | H14: 0.96559262 | I14: 1626527.6 | J14: #DIV/0! | K14: 0 | M14: 4 | N14: 4 - TUR SPRINGER FERNANDO | O14: 0.92265193 | P14: 85 | Q14: 82 | R14: 181 | S14: 167 | T14: -13.15 | V14: 4 | W14: TUR SPRINGER FERNANDO | X14: 390 | Z14: 59 | AA14: LEIVA SILVIO | AB14: 239
A15: 53 - SANDOVAL RODRIGO | B15: 40427674 | C15: 46508429 | D15: 45915996 | E15: 592432.44 | F15: 1.1504107 | G15: 46508429 | H15: 1.1504107 | I15: 1937851.2 | J15: #DIV/0! | K15: 697626.43 | N15: MARTIN (SUPERVISOR) | Q15: 922 | R15: 2216 | S15: 1801 | V15: 5 | W15: SCHELOVER RAUL | X15: 439 | Z15: 60 | AA15: #N/A | AB15: #N/A
A16: MARTIN (SUPERVISOR) | B16: 3.255856e+08 | C16: 2.7895841e+08 | D16: 2.6224921e+08 | E16: 16709196 | F16: 0.85678976 | G16: 2.7895841e+08 | H16: 0.85678976 | I16: 11623267 | J16: #DIV/0! | M16: 31 | N16: 31 - BARTSCHAT EMILIANO NAHUEL | O16: 0.86928105 | P16: 90 | Q16: 43 | R16: 153 | S16: 133 | T16: -2.95 | V16: 8 | W16: PARRA MAXIMILIANO | X16: 315 | Z16: 56 | AA16: JUAN ANDRES SANCHEZ | AB16: 316
A17: 2 - OJEDA NORBERTO | B17: 27940970 | C17: 19539555 | D17: 18511482 | E17: 1028072.9 | F17: 0.69931555 | G17: 19539555 | H17: 0.69931555 | I17: 814148.11 | J17: #DIV/0! | K17: 0 | M17: 54 | N17: 54 - CAÑETE DIEGO | O17: 0.80597015 | P17: 92 | Q17: 70 | R17: 201 | S17: 162 | T17: 8.85 | V17: 11 | W17: SANCHEZ RICARDO | X17: 261 | Z17: 26 | AA17: PUJOL ERNESTO | AB17: 342
A18: 3 - VIDAL NAHUEL | B18: 23770958 | C18: 18010274 | D18: 17637912 | E18: 372362.07 | F18: 0.75765873 | G18: 18010274 | H18: 0.75765873 | I18: 750428.07 | J18: #DIV/0! | K18: 0 | M18: 21 | N18: 21 - CATAN MATIAS | O18: 0.84939759 | P18: 88 | Q18: 53 | R18: 166 | S18: 141 | T18: 0.1 | V18: 12 | W18: GUTIERREZ MARCOS DAVID | X18: 390 | Z18: 25 | AA18: KALATAKI GUSTAVO | AB18: 537
A19: 18 - HERRERA PABLO | B19: 24625381 | C19: 20256321 | D19: 19942353 | E19: 313967.98 | F19: 0.82257898 | G19: 20256321 | H19: 0.82257898 | I19: 844013.37 | J19: #DIV/0! | K19: 0 | M19: 23 | N19: 23 - DELGADO JOSÉ | O19: 0.87898089 | P19: 95 | Q19: 43 | R19: 157 | S19: 138 | T19: -4.55 | V19: 16 | W19: GOMEZ MATÍAS | X19: 324 | Z19: 43 | AA19: COLHER DIEGO | AB19: 87
A20: 21 - CATAN MATIAS | B20: 31950600 | C20: 32603870 | D20: 30464977 | E20: 2138893.2 | F20: 1.0204463 | G20: 32603870 | H20: 1.0204463 | I20: 1358494.6 | J20: #DIV/0! | K20: 326038.7 | M20: 18 | N20: 18 - HERRERA PABLO | O20: 0.86549708 | P20: 83 | Q20: 65 | R20: 171 | S20: 148 | T20: -2.65 | V20: 19 | W20: GONZALEZ MARCELO | X20: 386
A21: 23 - DELGADO JOSÉ | B21: 24246200 | C21: 21254079 | D21: 20863298 | E21: 390780.79 | F21: 0.87659421 | G21: 21254079 | H21: 0.87659421 | I21: 885586.61 | J21: #DIV/0! | K21: 0 | M21: 44 | N21: 44 - MONGES CESAR LUIS | O21: 0.89221557 | P21: 64 | Q21: 85 | R21: 167 | S21: 149 | T21: -7.05 | V21: 20 | W21: FLORES JAVIER | X21: 425
A22: 31 - BARTSCHAT EMILIANO NAHUEL | B22: 30231324 | C22: 28200823 | D22: 27252487 | E22: 948335.57 | F22: 0.93283452 | G22: 28200823 | H22: 0.93283452 | I22: 1175034.3 | J22: #DIV/0! | K22: 0 | M22: 56 | N22: 56 - JUAN ANDRES SANCHEZ | O22: 0.54404145 | P22: 66 | Q22: 39 | R22: 193 | S22: 105 | T22: 59.05 | V22: Totales
A23: 44 - MONGES CESAR LUIS | B23: 26129473 | C23: 20127158 | D23: 19392228 | E23: 734930.11 | F23: 0.77028565 | G23: 20127158 | H23: 0.77028565 | I23: 838631.57 | J23: #DIV/0! | K23: 0 | M23: 2 | N23: 2 - OJEDA NORBERTO | O23: 0.81884058 | P23: 70 | Q23: 43 | R23: 138 | S23: 113 | T23: 4.3 | V23: Supervision Corrientes | X23: Cantidad skus
A24: 54 - CAÑETE DIEGO | B24: 31899100 | C24: 37191738 | D24: 37037499 | E24: 154238.87 | F24: 1.1659181 | G24: 37191738 | H24: 1.1659181 | I24: 1549655.8 | J24: #DIV/0! | K24: 743834.76 | M24: 3 | N24: 3 - VIDAL NAHUEL | O24: 0.88095238 | P24: 79 | Q24: 69 | R24: 168 | S24: 148 | T24: -5.2 | V24: 1 | W24: VERA ERNESTO | X24: 389
A25: 56 - JUAN ANDRES SANCHEZ | B25: 51490431 | C25: 61158236 | D25: 62845721 | E25: -1687485.1 | F25: 1.1877592 | G25: 61158236 | H25: 1.1877592 | I25: 2548259.8 | J25: #DIV/0! | K25: 917373.54 | N25: CRISTIAN (SUPERVISOR) | Q25: 510 | R25: 1514 | S25: 1237 | V25: 9 | W25: ESTIGARRIBIA DAVID | X25: 372
A26: CRISTIAN (SUPERVISOR) | B26: 2.7228444e+08 | C26: 2.5834205e+08 | D26: 2.5394796e+08 | E26: 4394096.3 | F26: 0.94879478 | G26: 2.5834205e+08 | H26: 0.94879478 | I26: 10764252 | J26: #DIV/0! | M26: 32 | N26: 32 - BLANCO FERNANDO | O26: 0.94545455 | P26: 20 | Q26: 32 | R26: 55 | S26: 52 | T26: -5.25 | V26: 10 | W26: BRITEZ EMMANUEL | X26: 242
A27: 32 - BLANCO FERNANDO | B27: 78074000 | C27: 77072215 | D27: 75226365 | E27: 1845850 | F27: 0.98716878 | G27: 77072215 | H27: 0.98716878 | I27: 3211342.3 | J27: #DIV/0! | K27: 0 | M27: 36 | N27: 36 - JORGE OSCAR USET | O27: 0.80645161 | P27: 68 | Q27: 57 | R27: 155 | S27: 125 | T27: 6.75 | V27: 24 | W27: SOLIS EMMANUEL | X27: 317
A28: 36 - JORGE OSCAR USET | B28: 21000000 | C28: 9485511.4 | D28: 9320573.8 | E28: 164937.67 | F28: 0.45169102 | G28: 9485511.4 | H28: 0.45169102 | I28: 395229.64 | J28: #DIV/0! | K28: 0 | M28: 9 | N28: 9 - ESTIGARRIBIA DAVID | O28: 0.86163522 | P28: 80 | Q28: 57 | R28: 159 | S28: 137 | T28: -1.85 | V28: 27 | W28: GOMEZ ADRIÁN | X28: 356
A29: 9 - ESTIGARRIBIA DAVID | B29: 24514000 | C29: 18129971 | D29: 17592968 | E29: 537003.46 | F29: 0.7395762 | G29: 18129971 | H29: 0.7395762 | I29: 755415.46 | J29: #DIV/0! | K29: 0 | M29: 40 | N29: 40 - GARCIA BOGARIN SANTIAGO | O29: 0.57894737 | P29: 68 | Q29: 75 | R29: 247 | S29: 143 | T29: 66.95 | V29: 28 | W29: GOMEZ PABLO | X29: 312
A30: 40 - GARCIA BOGARIN SANTIAGO | B30: 36412576 | C30: 17544544 | D30: 17464455 | E30: 80088.916 | F30: 0.48182648 | G30: 17544544 | H30: 0.48182648 | I30: 731022.65 | J30: #DIV/0! | K30: 0 | M30: 27 | N30: 27 - GOMEZ ADRIÁN | O30: 0.92907801 | P30: 73 | Q30: 58 | R30: 141 | S30: 131 | T30: -11.15 | V30: 33 | W30: NICOLAS AZULA | X30: 309
A31: 27 - GOMEZ ADRIÁN | B31: 24205000 | C31: 21583380 | D31: 20925002 | E31: 658377.52 | F31: 0.89169095 | G31: 21583380 | H31: 0.89169095 | I31: 899307.48 | J31: #DIV/0! | K31: 0 | M31: 10 | N31: 10 - CABRAL GONZALO | O31: 0.67777778 | P31: 40 | Q31: 82 | R31: 180 | S31: 122 | T31: 31 | V31: 36 | W31: COSARINSKI DIEGO | X31: 268
A32: 10 - CABRAL GONZALO | B32: 24000000 | C32: 16088796 | D32: 15428149 | E32: 660647.66 | F32: 0.67036652 | G32: 16088796 | H32: 0.67036652 | I32: 670366.52 | J32: #DIV/0! | K32: 0 | M32: 28 | N32: 28 - GOMEZ PABLO | O32: 0.88095238 | P32: 67 | Q32: 81 | R32: 168 | S32: 148 | T32: -5.2 | V32: 37 | W32: SALAJ EMILIO | X32: 286
A33: 28 - GOMEZ PABLO | B33: 25235000 | C33: 16147931 | D33: 15774951 | E33: 372980.64 | F33: 0.63990217 | G33: 16147931 | H33: 0.63990217 | I33: 672830.47 | J33: #DIV/0! | K33: 0 | M33: 33 | N33: 33 - NICOLAS AZULA | O33: 0.82941176 | P33: 66 | Q33: 75 | R33: 170 | S33: 141 | T33: 3.5 | V33: 40 | W33: IBARROLA JORGE | X33: 314
A34: 33 - NICOLAS AZULA | B34: 21000000 | C34: 10182739 | D34: 9826903 | E34: 355836.17 | F34: 0.48489234 | G34: 10182739 | H34: 0.48489234 | I34: 424280.8 | J34: #DIV/0! | K34: 0 | M34: 37 | N34: 37 - PEREZ ESQUIVEL BRUNO NICOLAS | O34: 0.76595745 | P34: 82 | Q34: 26 | R34: 141 | S34: 108 | T34: 11.85 | V34: Totales
A35: 37 - PEREZ ESQUIVEL BRUNO NICOLAS | B35: 23484000 | C35: 12199626 | D35: 11962084 | E35: 237541.99 | F35: 0.51948673 | G35: 12199626 | H35: 0.51948673 | I35: 508317.76 | J35: #DIV/0! | K35: 0 | M35: 24 | N35: 24 - MARTINEZ JORGE NICOLAS | O35: 0.74011299 | P35: 81 | Q35: 50 | R35: 177 | S35: 131 | T35: 19.45
A36: 24 - MARTINEZ JORGE NICOLAS | B36: 25235000 | C36: 15341982 | D36: 14125313 | E36: 1216669.2 | F36: 0.6079644 | G36: 15341982 | H36: 0.6079644 | I36: 639249.24 | J36: #DIV/0! | K36: 0 | M36: 7 | N36: 7 - VALLEJOS EDUARDO | O36: 0.10619469 | P36: 0 | Q36: 12 | R36: 113 | S36: 12 | T36: 84.05
A37: 7 - VALLEJOS EDUARDO | B37: 114000000 | C37: 60310074 | D37: 63084633 | E37: -2774558.9 | F37: 0.52903574 | G37: 60310074 | H37: 0.52903574 | I37: 2512919.8 | J37: #DIV/0! | K37: 0 | M37: 57 | N37: 57 - SEGOVIA JUAN CRUZ | O37: 0.25242718 | P37: 17 | Q37: 9 | R37: 103 | S37: 26 | T37: 61.55
A38: 57 - SEGOVIA JUAN CRUZ | B38: 33000000 | C38: 8530829.2 | D38: 8075916.3 | E38: 454912.85 | F38: 0.25850998 | G38: 8530829.2 | H38: 0.25850998 | I38: 355451.22 | J38: #DIV/0! | K38: 0 | M38: 1 | N38: 1 - VERA ERNESTO | O38: 0.88888889 | P38: 60 | Q38: 52 | R38: 126 | S38: 112 | T38: -4.9
A39: 1 - VERA ERNESTO | B39: 34629931 | C39: 30911209 | D39: 29484603 | E39: 1426606.1 | F39: 0.89261537 | G39: 30911209 | H39: 0.89261537 | I39: 1287967 | J39: #DIV/0! | K39: 0 | N39: NELSON (SUPERVISOR) | Q39: 666 | R39: 1935 | S39: 1388
A40: NELSON (SUPERVISOR) | B40: 4.8478951e+08 | C40: 3.1352881e+08 | D40: 3.0829191e+08 | E40: 5236893.2 | F40: 0.64673184 | G40: 3.1352881e+08 | H40: 0.64673184 | I40: 13063700 | J40: #DIV/0! | N40: LOPEZ ENZO | Q40: 2098 | R40: 5665 | S40: 4426
A41: LOPEZ ENZO | B41: 1.3140639e+09 | C41: 1.1002055e+09 | D41: 1.0649549e+09 | E41: 35250577 | F41: 0.83725416 | G41: 1.1002055e+09 | H41: 0.83725416 | I41: 45841896 | J41: #DIV/0! | M41: 58 | N41: 58 - BLADIMIR LEZCANO | O41: 0.33628319 | P41: 60 | Q41: -22 | R41: 113 | S41: 38 | T41: 58.05
A42: VENDEDOR/ SUPERVISOR | B42: OBJETIVO | C42: FACTURACION ACUMULADA | D42: FACTURACION ACUMULADA | E42: FACTURACION DEL DIA | F42: AVANCE VS OBJETIVO | G42: PROYECCION | H42: CUMPLIMIENTO PROYECTADO | I42: MEDIA REAL | J42: MEDIA NECESARIA | K42: COBRO | M42: 59 | N42: 59 - LEIVA SILVIO | O42: 0.56637168 | P42: 60 | Q42: 4 | R42: 113 | S42: 64 | T42: 32.05
A43: 58 - BLADIMIR LEZCANO | B43: 40000000 | C43: 19702265 | D43: 19702265 | E43: 0 | F43: 0.49255662 | G43: 19702265 | H43: 0.49255662 | I43: 820927.71 | J43: #DIV/0! | K43: 0
A44: 59 - LEIVA SILVIO | B44: 30000000 | C44: 7943645.3 | D44: 7943645.3 | E44: 0 | F44: 0.26478818 | G44: 7943645.3 | H44: 0.26478818 | I44: 330985.22 | J44: #DIV/0! | K44: 0

Sheet Historico Mayo
A1: SUPERVISOR | B1: VENDEDOR | C1: OBJETIVO | D1: FACTURACION ACUMULADA | E1: FACTURACION N-1 | F1: FACTURACION DEL DIA | G1: AVANCE VS OBJETIVO | H1: PROYECCION | I1: CUMPLIMIENTO PROYECTADO | J1: MEDIA REAL | K1: MEDIA NECESARIA | L1: COBRO | N1: VENDEDOR | O1: COBERTURA TOTAL | P1: DIA ANTERIOR | Q1: INCREMENTO DIARIO | R1: CARTERA TOTAL | S1: CCC | T1: CCC FALTANTE 85% | W1: Cantidad skus
A2: MARTIN PREVENTA | B2: 20 - FLORES JAVIER | C2: 30741978 | D2: 45393596 | E2: 44565214 | F2: 828382.54 | G2: 1.4765997 | H2: 45393596 | I2: 1.4765997 | J2: 1891399.8 | K2: #DIV/0! | L2: 907871.93 | M2: 22 | N2: 22 - ALMIRON NICOLAS | O2: 0.84722222 | P2: 33 | Q2: 28 | R2: 72 | S2: 61 | T2: 0.2 | V2: Supervisor Cristian | Z2: Vendedores Mayoristas | AB2: Cantidad skus
B3: 19 - GONZALEZ MARCELO | C3: 29507360 | D3: 35395969 | E3: 34367104 | F3: 1028864.6 | G3: 1.1995641 | H3: 35395969 | I3: 1.1995641 | J3: 1474832 | K3: #DIV/0! | L3: 707919.37 | M3: 49 | N3: 49 - ESCOBAR RAÚL | O3: 0.42259414 | P3: 1 | Q3: 100 | R3: 239 | S3: 101 | T3: 102.15 | V3: Cod vdor | X3: Cantidad skus | Z3: 15 | AA3: GALARZA GERARDO | AB3: 381
B4: 16 - GOMEZ MATÍAS | C4: 27038125 | D4: 27694208 | E4: 27411105 | F4: 283103.34 | G4: 1.0242651 | H4: 27694208 | I4: 1.0242651 | J4: 1153925.3 | K4: #DIV/0! | L4: 276942.08 | M4: 20 | N4: 20 - FLORES JAVIER | O4: 0.92920354 | P4: 126 | Q4: 84 | R4: 226 | S4: 210 | T4: -17.9 | V4: 2 | W4: OJEDA NORBERTO | X4: 367 | Z4: 7 | AA4: VALLEJOS EDUARDO | AB4: 150
B5: 12 - GUTIERREZ MARCOS DAVID | C5: 27038125 | D5: 34958253 | E5: 33251965 | F5: 1706287.2 | G5: 1.2929244 | H5: 34958253 | I5: 1.2929244 | J5: 1456593.9 | K5: #DIV/0! | L5: 699165.05 | M5: 15 | N5: 15 - GALARZA GERARDO | O5: 0.81538462 | P5: 21 | Q5: 32 | R5: 65 | S5: 53 | T5: 2.25 | V5: 3 | W5: VIDAL NAHUEL | X5: 366
B6: 11 - SANCHEZ RICARDO | C6: 22408309 | D6: 17283628 | E6: 16972114 | F6: 311513.82 | G6: 0.77130441 | H6: 17283628 | I6: 0.77130441 | J6: 720151.15 | K6: #DIV/0! | L6: 0 | M6: 19 | N6: 19 - GONZALEZ MARCELO | O6: 0.88405797 | P6: 100 | Q6: 83 | R6: 207 | S6: 183 | T6: -7.05 | V6: 18 | W6: HERRERA PABLO | X6: 395
B7: 8 - RAVAROTTO EMANUEL | C7: 26420816 | D7: 26532043 | E7: 24547361 | F7: 1984682.2 | G7: 1.0042098 | H7: 26532043 | I7: 1.0042098 | J7: 1105501.8 | K7: #DIV/0! | L7: 265320.43 | M7: 16 | N7: 16 - GOMEZ MATÍAS | O7: 0.86363636 | P7: 81 | Q7: 90 | R7: 198 | S7: 171 | T7: -2.7 | V7: 21 | W7: CATAN MATIAS | X7: 421
B8: 5 - SCHELOVER RAUL | C8: 34124830 | D8: 36334955 | E8: 35445412 | F8: 889543.3 | G8: 1.0647659 | H8: 36334955 | I8: 1.0647659 | J8: 1513956.5 | K8: #DIV/0! | L8: 454186.94 | M8: 12 | N8: 12 - GUTIERREZ MARCOS DAVID | O8: 0.85915493 | P8: 89 | Q8: 94 | R8: 213 | S8: 183 | T8: -1.95 | V8: 23 | W8: DELGADO JOSÉ | X8: 439 | Z8: Vendedores Supermercados | AB8: Cantidad skus
B9: 4 - TUR SPRINGER FERNANDO | C9: 34124830 | D9: 40070884 | E9: 39408090 | F9: 662794.52 | G9: 1.1742442 | H9: 40070884 | I9: 1.1742442 | J9: 1669620.2 | K9: #DIV/0! | L9: 801417.69 | M9: 11 | N9: 11 - SANCHEZ RICARDO | O9: 0.74691358 | P9: 92 | Q9: 29 | R9: 162 | S9: 121 | T9: 16.7 | V9: 31 | W9: RENZO RAMOS | X9: 406 | Z9: 22 | AA9: ALMIRON NICOLAS | AB9: 419
C10: 2.3140437e+08 | D10: 2.6366354e+08 | E10: 2.5596836e+08 | F10: 7695171.6 | G10: 1.139406 | H10: 2.6366354e+08 | I10: 1.139406 | J10: 10985981 | K10: #DIV/0! | M10: 8 | N10: 8 - RAVAROTTO EMANUEL | O10: 0.87113402 | P10: 64 | Q10: 105 | R10: 194 | S10: 169 | T10: -4.1 | V10: 44 | W10: MONGES CESAR LUIS | X10: 358 | Z10: 32 | AA10: CABRAL GONZALO | AB10: 377
A11: MARTIN | B11: 22 - ALMIRON NICOLAS | C11: 92354237 | D11: 94799867 | E11: 93863435 | F11: 936431.49 | G11: 1.026481 | H11: 94799867 | I11: 1.026481 | J11: 3949994.4 | K11: #DIV/0! | L11: 473999.33 | M11: 52 | N11: 52 - MARSALL NICOLAS | O11: 0.57425743 | P11: 19 | Q11: 39 | R11: 101 | S11: 58 | T11: 27.85 | V11: 54 | W11: BARTSCHAT EMILIANO NAHUEL | X11: 488
B12: 49 - ESCOBAR RAÚL | C12: 30124669 | D12: 22603164 | E12: 22603164 | F12: 0 | G12: 0.75032073 | H12: 22603164 | I12: 0.75032073 | J12: 941798.49 | K12: #DIV/0! | L12: 0 | M12: 53 | N12: 53 - SANDOVAL RODRIGO | O12: 0.65714286 | P12: 24 | Q12: 45 | R12: 105 | S12: 69 | T12: 20.25 | V12: Totales | Z12: Supervisior Maxi | AB12: Cantidad skus
B13: 15 - GALARZA GERARDO | C13: 1.2225135e+08 | D13: 1.4194001e+08 | E13: 1.2730588e+08 | F13: 14634133 | G13: 1.1610507 | H13: 1.4194001e+08 | I13: 1.1610507 | J13: 5914167.1 | K13: #DIV/0! | L13: 1774250.1 | M13: 5 | N13: 5 - SCHELOVER RAUL | O13: 0.90769231 | P13: 144 | Q13: 92 | R13: 260 | S13: 236 | T13: -15 | V13: Supervisor Martin | X13: Cantidad skus | Z13: 58 | AA13: BLADIMIR LEZCANO | AB13: 337
B14: 52 - MARSALL NICOLAS | C14: 40427674 | D14: 45912074 | E14: 45568237 | F14: 343836.59 | G14: 1.1356596 | H14: 45912074 | I14: 1.1356596 | J14: 1913003.1 | K14: #DIV/0! | L14: 688681.11 | M14: 4 | N14: 4 - TUR SPRINGER FERNANDO | O14: 0.87912088 | P14: 85 | Q14: 75 | R14: 182 | S14: 160 | T14: -5.3 | V14: 4 | W14: TUR SPRINGER FERNANDO | X14: 396 | Z14: 59 | AA14: LEIVA SILVIO | AB14: 308
B15: 53 - SANDOVAL RODRIGO | C15: 40427674 | D15: 43411568 | E15: 38423939 | F15: 4987629.6 | G15: 1.0738082 | H15: 43411568 | I15: 1.0738082 | J15: 1808815.3 | K15: #DIV/0! | L15: 542644.6 | Q15: 896 | R15: 2224 | S15: 1775 | V15: 5 | W15: SCHELOVER RAUL | X15: 431 | Z15: 60 | AA15: #N/A | AB15: #N/A
C16: 3.255856e+08 | D16: 3.4866668e+08 | E16: 3.2776465e+08 | F16: 20902030 | G16: 1.070891 | H16: 3.4866668e+08 | I16: 1.070891 | J16: 14527778 | K16: #DIV/0! | M16: 31 | N16: 31 - BARTSCHAT EMILIANO NAHUEL | O16: 0.8757764 | P16: 90 | Q16: 51 | R16: 161 | S16: 141 | T16: -4.15 | V16: 8 | W16: PARRA MAXIMILIANO | X16: 321 | Z16: 56 | AA16: JUAN ANDRES SANCHEZ | AB16: 287
A17: CRISTIAN | B17: 2 - OJEDA NORBERTO | C17: 27940970 | D17: 23008076 | E17: 21141018 | F17: 1867058.2 | G17: 0.82345301 | H17: 23008076 | I17: 0.82345301 | J17: 958669.82 | K17: #DIV/0! | L17: 0 | M17: 54 | N17: 54 - CAÑETE DIEGO | O17: 0.75742574 | P17: 92 | Q17: 61 | R17: 202 | S17: 153 | T17: 18.7 | V17: 11 | W17: SANCHEZ RICARDO | X17: 305 | Z17: 26 | AA17: PUJOL ERNESTO | AB17: 325
B18: 3 - VIDAL NAHUEL | C18: 23770958 | D18: 21347280 | E18: 20795974 | F18: 551306.47 | G18: 0.89804038 | H18: 21347280 | I18: 0.89804038 | J18: 889470.01 | K18: #DIV/0! | L18: 0 | M18: 21 | N18: 21 - CATAN MATIAS | O18: 0.8816568 | P18: 88 | Q18: 61 | R18: 169 | S18: 149 | T18: -5.35 | V18: 12 | W18: GUTIERREZ MARCOS DAVID | X18: 434 | Z18: 25 | AA18: KALATAKI GUSTAVO | AB18: 481
B19: 18 - HERRERA PABLO | C19: 24625381 | D19: 20914183 | E19: 20409449 | F19: 504733.59 | G19: 0.84929377 | H19: 20914183 | I19: 0.84929377 | J19: 871424.29 | K19: #DIV/0! | L19: 0 | M19: 23 | N19: 23 - DELGADO JOSÉ | O19: 0.86875 | P19: 95 | Q19: 44 | R19: 160 | S19: 139 | T19: -3 | V19: 16 | W19: GOMEZ MATÍAS | X19: 355 | Z19: 43 | AA19: COLHER DIEGO | AB19: 124
B20: 21 - CATAN MATIAS | C20: 31950600 | D20: 35530750 | E20: 34626619 | F20: 904130.55 | G20: 1.1120527 | H20: 35530750 | I20: 1.1120527 | J20: 1480447.9 | K20: #DIV/0! | L20: 532961.24 | M20: 18 | N20: 18 - HERRERA PABLO | O20: 0.90340909 | P20: 83 | Q20: 76 | R20: 176 | S20: 159 | T20: -9.4 | V20: 19 | W20: GONZALEZ MARCELO | X20: 400
B21: 23 - DELGADO JOSÉ | C21: 24246200 | D21: 24311434 | E21: 23897307 | F21: 414126.92 | G21: 1.0026905 | H21: 24311434 | I21: 1.0026905 | J21: 1012976.4 | K21: #DIV/0! | L21: 243114.34 | M21: 44 | N21: 44 - MONGES CESAR LUIS | O21: 0.85798817 | P21: 64 | Q21: 81 | R21: 169 | S21: 145 | T21: -1.35 | V21: 20 | W21: FLORES JAVIER | X21: 409
B22: 31 - BARTSCHAT EMILIANO NAHUEL | C22: 30231324 | D22: 31990809 | E22: 31311977 | F22: 678831.94 | G22: 1.0582007 | H22: 31990809 | I22: 1.0582007 | J22: 1332950.4 | K22: #DIV/0! | L22: 399885.12 | M22: 56 | N22: 56 - JUAN ANDRES SANCHEZ | O22: 0.51515152 | P22: 66 | Q22: 36 | R22: 198 | S22: 102 | T22: 66.3 | V22: Totales
B23: 44 - MONGES CESAR LUIS | C23: 26129473 | D23: 23951255 | E23: 23685598 | F23: 265657.45 | G23: 0.91663754 | H23: 23951255 | I23: 0.91663754 | J23: 997968.97 | K23: #DIV/0! | L23: 0 | M23: 2 | N23: 2 - OJEDA NORBERTO | O23: 0.88405797 | P23: 70 | Q23: 52 | R23: 138 | S23: 122 | T23: -4.7 | V23: Supervision Corrientes | X23: Cantidad skus
B24: 54 - CAÑETE DIEGO | C24: 31899100 | D24: 35498699 | E24: 34270014 | F24: 1228684.7 | G24: 1.1128433 | H24: 35498699 | I24: 1.1128433 | J24: 1479112.4 | K24: #DIV/0! | L24: 532480.48 | M24: 3 | N24: 3 - VIDAL NAHUEL | O24: 0.91176471 | P24: 79 | Q24: 76 | R24: 170 | S24: 155 | T24: -10.5 | V24: 1 | W24: VERA ERNESTO | X24: 368
B25: 56 - JUAN ANDRES SANCHEZ | C25: 51490431 | D25: 57026560 | E25: 54103974 | F25: 2922586.2 | G25: 1.1075176 | H25: 57026560 | I25: 1.1075176 | J25: 2376106.7 | K25: #DIV/0! | L25: 855398.4 | Q25: 538 | R25: 1543 | S25: 1265 | V25: 9 | W25: ESTIGARRIBIA DAVID | X25: 411
C26: 2.7228444e+08 | D26: 2.7357905e+08 | E26: 2.6424193e+08 | F26: 9337116 | G26: 1.0047546 | H26: 2.7357905e+08 | I26: 1.0047546 | J26: 11399127 | K26: #DIV/0! | M26: 32 | N26: 32 - CABRAL GONZALO | O26: 0.89285714 | P26: 20 | Q26: 30 | R26: 56 | S26: 50 | T26: -2.4 | V26: 10 | W26: BRITEZ EMMANUEL | X26: 277
A27: NELSON | B27: 32 - CABRAL GONZALO | C27: 78074000 | D27: 63653252 | E27: 60993697 | F27: 2659554.7 | G27: 0.81529385 | H27: 63653252 | I27: 0.81529385 | J27: 2652218.8 | K27: #DIV/0! | L27: 0 | M27: 36 | N27: 36 - COSARINSKI DIEGO | O27: 0.59615385 | P27: 68 | Q27: 25 | R27: 156 | S27: 93 | T27: 39.6 | V27: 24 | W27: SOLIS EMMANUEL | X27: 306
B28: 36 - COSARINSKI DIEGO | C28: 21000000 | D28: 6100259 | E28: 5732153.5 | F28: 368105.42 | G28: 0.29048852 | H28: 6100259 | I28: 0.29048852 | J28: 254177.46 | K28: #DIV/0! | L28: 0 | M28: 9 | N28: 9 - ESTIGARRIBIA DAVID | O28: 0.86335404 | P28: 80 | Q28: 59 | R28: 161 | S28: 139 | T28: -2.15 | V28: 27 | W28: GOMEZ ADRIÁN | X28: 386
B29: 9 - ESTIGARRIBIA DAVID | C29: 24514000 | D29: 19492469 | E29: 19124000 | F29: 368468.93 | G29: 0.7951566 | H29: 19492469 | I29: 0.7951566 | J29: 812186.2 | K29: #DIV/0! | L29: 0 | M29: 40 | N29: 40 - IBARROLA JORGE | O29: 0.5060241 | P29: 68 | Q29: 58 | R29: 249 | S29: 126 | T29: 85.65 | V29: 28 | W29: GOMEZ PABLO | X29: 312
B30: 40 - IBARROLA JORGE | C30: 36412576 | D30: 16503923 | E30: 16440939 | F30: 62983.754 | G30: 0.45324787 | H30: 16503923 | I30: 0.45324787 | J30: 687663.45 | K30: #DIV/0! | L30: 0 | M30: 27 | N30: 27 - GOMEZ ADRIÁN | O30: 0.89285714 | P30: 73 | Q30: 52 | R30: 140 | S30: 125 | T30: -6 | V30: 33 | W30: NICOLAS AZULA | X30: 284
B31: 27 - GOMEZ ADRIÁN | C31: 24205000 | D31: 24517375 | E31: 23357151 | F31: 1160223.5 | G31: 1.0129054 | H31: 24517375 | I31: 1.0129054 | J31: 1021557.3 | K31: #DIV/0! | L31: 245173.75 | M31: 10 | N31: 10 - BRITEZ EMMANUEL | O31: 0.72928177 | P31: 40 | Q31: 92 | R31: 181 | S31: 132 | T31: 21.85 | V31: 36 | W31: COSARINSKI DIEGO | X31: 186
B32: 10 - BRITEZ EMMANUEL | C32: 24000000 | D32: 17154800 | E32: 16908594 | F32: 246205.93 | G32: 0.71478333 | H32: 17154800 | I32: 0.71478333 | J32: 714783.33 | K32: #DIV/0! | L32: 0 | M32: 28 | N32: 28 - GOMEZ PABLO | O32: 0.875 | P32: 67 | Q32: 80 | R32: 168 | S32: 147 | T32: -4.2 | V32: 37 | W32: SALAJ EMILIO | X32: 253
B33: 28 - GOMEZ PABLO | C33: 25235000 | D33: 17519075 | E33: 17369562 | F33: 149513.72 | G33: 0.69423718 | H33: 17519075 | I33: 0.69423718 | J33: 729961.47 | K33: #DIV/0! | L33: 0 | M33: 33 | N33: 33 - NICOLAS AZULA | O33: 0.81395349 | P33: 66 | Q33: 74 | R33: 172 | S33: 140 | T33: 6.2 | V33: 40 | W33: IBARROLA JORGE | X33: 337
B34: 33 - NICOLAS AZULA | C34: 21000000 | D34: 11197769 | E34: 10993267 | F34: 204501.87 | G34: 0.5332271 | H34: 11197769 | I34: 0.5332271 | J34: 466573.71 | K34: #DIV/0! | L34: 0 | M34: 37 | N34: 37 - PEREZ ESQUIVEL BRUNO NICOLAS | O34: 0.72340426 | P34: 82 | Q34: 20 | R34: 141 | S34: 102 | T34: 17.85 | V34: Totales
B35: 37 - PEREZ ESQUIVEL BRUNO NICOLAS | C35: 23484000 | D35: 10613495 | E35: 10509964 | F35: 103530.57 | G35: 0.45194578 | H35: 10613495 | I35: 0.45194578 | J35: 442228.95 | K35: #DIV/0! | L35: 0 | M35: 24 | N35: 24 - MARTINEZ JORGE NICOLAS | O35: 0.71910112 | P35: 81 | Q35: 47 | R35: 178 | S35: 128 | T35: 23.3
B36: 24 - MARTINEZ JORGE NICOLAS | C36: 25235000 | D36: 13926527 | E36: 13690253 | F36: 236274.22 | G36: 0.55187348 | H36: 13926527 | I36: 0.55187348 | J36: 580271.97 | K36: #DIV/0! | L36: 0 | M36: 7 | N36: 7 - VALLEJOS EDUARDO | O36: 0.27433628 | P36: 0 | Q36: 31 | R36: 113 | S36: 31 | T36: 65.05
B37: 7 - VALLEJOS EDUARDO | C37: 114000000 | D37: 1.015376e+08 | E37: 92863270 | F37: 8674334.9 | G37: 0.89068074 | H37: 1.015376e+08 | I37: 0.89068074 | J37: 4230733.5 | K37: #DIV/0! | L37: 0 | M37: 57 | N37: 57 - ROUBINEAU SEBASTIAN | O37: 0.22330097 | P37: 17 | Q37: 6 | R37: 103 | S37: 23 | T37: 64.55
B38: 57 - ROUBINEAU SEBASTIAN | C38: 33000000 | D38: 9981301.9 | E38: 9981301.9 | F38: 0 | G38: 0.30246369 | H38: 9981301.9 | I38: 0.30246369 | J38: 415887.58 | K38: #DIV/0! | L38: 0 | M38: 1 | N38: 1 - VERA ERNESTO | O38: 0.88976378 | P38: 60 | Q38: 53 | R38: 127 | S38: 113 | T38: -5.05
B39: 1 - VERA ERNESTO | C39: 34629931 | D39: 26579489 | E39: 25810750 | F39: 768738.45 | G39: 0.76752936 | H39: 26579489 | I39: 0.76752936 | J39: 1107478.7 | K39: #DIV/0! | L39: 0 | Q39: 627 | R39: 1945 | S39: 1349
C40: 4.8478951e+08 | D40: 3.3877734e+08 | E40: 3.237749e+08 | F40: 15002436 | G40: 0.69881327 | H40: 3.3877734e+08 | I40: 0.69881327 | J40: 14115722 | K40: #DIV/0! | Q40: 2061 | R40: 5712 | S40: 4389
A41: LOPEZ ENZO | C41: 1.3140639e+09 | D41: 1.2246866e+09 | E41: 1.1717498e+09 | F41: 52936754 | G41: 0.93198402 | H41: 1.2246866e+09 | I41: 0.93198402 | J41: 51028608 | K41: #DIV/0! | M41: 58 | N41: 58 - BLADIMIR LEZCANO | O41: 0.32773109 | P41: 60 | Q41: -21 | R41: 119 | S41: 39 | T41: 62.15
B42: VENDEDOR/ SUPERVISOR | C42: OBJETIVO | D42: FACTURACION ACUMULADA | E42: FACTURACION ACUMULADA | F42: FACTURACION DEL DIA | G42: AVANCE VS OBJETIVO | H42: PROYECCION | I42: CUMPLIMIENTO PROYECTADO | J42: MEDIA REAL | K42: MEDIA NECESARIA | L42: COBRO | M42: 59 | N42: 59 - LEIVA SILVIO | O42: 0.55462185 | P42: 60 | Q42: 6 | R42: 119 | S42: 66 | T42: 35.15
B43: 58 - BLADIMIR LEZCANO | C43: 40000000 | D43: 25646777 | E43: 22657877 | F43: 2988899.5 | G43: 0.64116942 | H43: 25646777 | I43: 0.64116942 | J43: 1068615.7 | K43: #DIV/0! | L43: 0
B44: 59 - LEIVA SILVIO | C44: 30000000 | D44: 17009021 | E44: 16555408 | F44: 453612.98 | G44: 0.56696736 | H44: 17009021 | I44: 0.56696736 | J44: 708709.19 | K44: #DIV/0! | L44: 0

Sheet Historico Junio
A1: SUPERVISOR | B1: VENDEDOR | C1: OBJETIVO | D1: FACTURACION ACUMULADA | E1: FACTURACION N-1 | F1: FACTURACION DEL DIA | G1: AVANCE VS OBJETIVO | H1: PROYECCION | I1: CUMPLIMIENTO PROYECTADO | J1: MEDIA REAL | K1: MEDIA NECESARIA | L1: COBRO | N1: VENDEDOR | O1: COBERTURA TOTAL | P1: DIA ANTERIOR | Q1: INCREMENTO DIARIO | R1: CARTERA TOTAL | S1: CCC | T1: CCC FALTANTE 85% | W1: Cantidad skus
A2: MARTIN PREVENTA | B2: 20 - FLORES JAVIER | C2: 32279077 | D2: 46789531 | E2: 45597043 | F2: 1192488.4 | G2: 1.4495313 | H2: 46789531 | I2: 1.4495313 | J2: 1949563.8 | K2: #DIV/0! | L2: 935790.62 | M2: 22 | N2: 0 | O2: 0.92 | P2: 33 | Q2: 36 | R2: 75 | S2: 69 | T2: -69 | V2: Supervisor Cristian | Z2: Vendedores Mayoristas | AB2: Cantidad skus
B3: 19 - GONZALEZ MARCELO | C3: 30982728 | D3: 38817126 | E3: 37990397 | F3: 826729.5 | G3: 1.2528634 | H3: 38817126 | I3: 1.2528634 | J3: 1617380.3 | K3: #DIV/0! | L3: 776342.52 | M3: 49 | N3: 0 | O3: 0.48148148 | P3: 1 | Q3: 116 | R3: 243 | S3: 117 | T3: -117 | V3: Cod vdor | X3: Cantidad skus | Z3: 15 | AA3: GALARZA GERARDO | AB3: 390
B4: 16 - GOMEZ MATÍAS | C4: 28390031 | D4: 33436278 | E4: 32127304 | F4: 1308974.3 | G4: 1.1777472 | H4: 33436278 | I4: 1.1777472 | J4: 1393178.3 | K4: #DIV/0! | L4: 668725.57 | M4: 20 | N4: 0 | O4: 0.90748899 | P4: 126 | Q4: 80 | R4: 227 | S4: 206 | T4: -206 | V4: 2 | W4: OJEDA NORBERTO | X4: 343 | Z4: 7 | AA4: VALLEJOS EDUARDO | AB4: 189
B5: 12 - GUTIERREZ MARCOS DAVID | C5: 28390031 | D5: 35139863 | E5: 34257637 | F5: 882225.89 | G5: 1.2377536 | H5: 35139863 | I5: 1.2377536 | J5: 1464161 | K5: #DIV/0! | L5: 702797.27 | M5: 15 | N5: 0 | O5: 0.8 | P5: 21 | Q5: 31 | R5: 65 | S5: 52 | T5: -52 | V5: 3 | W5: VIDAL NAHUEL | X5: 379
B6: 11 - SANCHEZ RICARDO | C6: 23528725 | D6: 26856361 | E6: 25015492 | F6: 1840869.6 | G6: 1.1414287 | H6: 26856361 | I6: 1.1414287 | J6: 1119015 | K6: #DIV/0! | L6: 537127.22 | M6: 19 | N6: 0 | O6: 0.89371981 | P6: 100 | Q6: 85 | R6: 207 | S6: 185 | T6: -185 | V6: 18 | W6: HERRERA PABLO | X6: 382
B7: 8 - RAVAROTTO EMANUEL | C7: 27741857 | D7: 21935048 | E7: 21605186 | F7: 329861.69 | G7: 0.79068419 | H7: 21935048 | I7: 0.79068419 | J7: 913960.32 | K7: #DIV/0! | L7: 0 | M7: 16 | N7: 0 | O7: 0.87437186 | P7: 81 | Q7: 93 | R7: 199 | S7: 174 | T7: -174 | V7: 21 | W7: CATAN MATIAS | X7: 428
B8: 5 - SCHELOVER RAUL | C8: 35831071 | D8: 40520336 | E8: 38810952 | F8: 1709384.3 | G8: 1.1308715 | H8: 40520336 | I8: 1.1308715 | J8: 1688347.3 | K8: #DIV/0! | L8: 607805.04 | M8: 12 | N8: 0 | O8: 0.88785047 | P8: 89 | Q8: 101 | R8: 214 | S8: 190 | T8: -190 | V8: 23 | W8: DELGADO JOSÉ | X8: 436 | Z8: Vendedores Supermercados | AB8: Cantidad skus
B9: 4 - TUR SPRINGER FERNANDO | C9: 35831071 | D9: 41738638 | E9: 39990211 | F9: 1748426.5 | G9: 1.1648727 | H9: 41738638 | I9: 1.1648727 | J9: 1739109.9 | K9: #DIV/0! | L9: 834772.76 | M9: 11 | N9: 0 | O9: 0.82840237 | P9: 92 | Q9: 48 | R9: 169 | S9: 140 | T9: -140 | V9: 31 | W9: RENZO RAMOS | X9: 394 | Z9: 22 | AA9: ALMIRON NICOLAS | AB9: 406
C10: 2.4297459e+08 | D10: 2.8523318e+08 | E10: 2.7539422e+08 | F10: 9838960.2 | G10: 1.1739218 | H10: 2.8523318e+08 | I10: 1.1739218 | J10: 11884716 | K10: #DIV/0! | M10: 8 | N10: 0 | O10: 0.80512821 | P10: 64 | Q10: 93 | R10: 195 | S10: 157 | T10: -157 | V10: 44 | W10: MONGES CESAR LUIS | X10: 345 | Z10: 32 | AA10: CABRAL GONZALO | AB10: 374
A11: MARTIN | B11: 22 - ALMIRON NICOLAS | C11: 96971948 | D11: 1.0950688e+08 | E11: 1.0704696e+08 | F11: 2459919.9 | G11: 1.1292635 | H11: 1.0950688e+08 | I11: 1.1292635 | J11: 4562786.8 | K11: #DIV/0! | L11: 1095068.8 | M11: 52 | N11: 0 | O11: 0.52427184 | P11: 19 | Q11: 35 | R11: 103 | S11: 54 | T11: -54 | V11: 54 | W11: BARTSCHAT EMILIANO NAHUEL | X11: 458
B12: 49 - ESCOBAR RAÚL | C12: 31630902 | D12: 37819098 | E12: 37507204 | F12: 311893.64 | G12: 1.1956377 | H12: 37819098 | I12: 1.1956377 | J12: 1575795.7 | K12: #DIV/0! | L12: 756381.96 | M12: 53 | N12: 0 | O12: 0.67619048 | P12: 24 | Q12: 47 | R12: 105 | S12: 71 | T12: -71 | V12: Totales | Z12: Supervisior Maxi | AB12: Cantidad skus
B13: 15 - GALARZA GERARDO | C13: 1.2836392e+08 | D13: 1.2853949e+08 | E13: 1.074589e+08 | F13: 21080594 | G13: 1.0013678 | H13: 1.2853949e+08 | I13: 1.0013678 | J13: 5355812.2 | K13: #DIV/0! | L13: 642697.47 | M13: 5 | N13: 0 | O13: 0.90421456 | P13: 144 | Q13: 92 | R13: 261 | S13: 236 | T13: -236 | V13: Supervisor Martin | X13: Cantidad skus | Z13: 58 | AA13: BLADIMIR LEZCANO | AB13: 322
B14: 52 - MARSALL NICOLAS | C14: 42449057 | D14: 39140280 | E14: 38089400 | F14: 1050880 | G14: 0.92205297 | H14: 39140280 | I14: 0.92205297 | J14: 1630845 | K14: #DIV/0! | L14: 0 | M14: 4 | N14: 0 | O14: 0.92307692 | P14: 85 | Q14: 83 | R14: 182 | S14: 168 | T14: -168 | V14: 4 | W14: TUR SPRINGER FERNANDO | X14: 403 | Z14: 59 | AA14: LEIVA SILVIO | AB14: 289
B15: 53 - SANDOVAL RODRIGO | C15: 42449057 | D15: 51508469 | E15: 45407234 | F15: 6101235.4 | G15: 1.2134184 | H15: 51508469 | I15: 1.2134184 | J15: 2146186.2 | K15: #DIV/0! | L15: 772627.04 | Q15: 940 | R15: 2245 | S15: 1819 | V15: 5 | W15: SCHELOVER RAUL | X15: 443 | Z15: 60 | AA15: #N/A | AB15: #N/A
C16: 3.4186488e+08 | D16: 3.6651422e+08 | E16: 3.355097e+08 | F16: 31004523 | G16: 1.0721026 | H16: 3.6651422e+08 | I16: 1.0721026 | J16: 15271426 | K16: #DIV/0! | M16: 31 | N16: 0 | O16: 0.83229814 | P16: 90 | Q16: 44 | R16: 161 | S16: 134 | T16: -134 | V16: 8 | W16: PARRA MAXIMILIANO | X16: 306 | Z16: 56 | AA16: JUAN ANDRES SANCHEZ | AB16: 305
A17: CRISTIAN | B17: 2 - OJEDA NORBERTO | C17: 29338018 | D17: 19719555 | E17: 18802480 | F17: 917075.55 | G17: 0.67215022 | H17: 19719555 | I17: 0.67215022 | J17: 821648.14 | K17: #DIV/0! | L17: 0 | M17: 54 | N17: 0 | O17: 0.75634518 | P17: 92 | Q17: 57 | R17: 197 | S17: 149 | T17: -149 | V17: 11 | W17: SANCHEZ RICARDO | X17: 323 | Z17: 26 | AA17: PUJOL ERNESTO | AB17: 364
B18: 3 - VIDAL NAHUEL | C18: 24959506 | D18: 21983568 | E18: 20717753 | F18: 1265815 | G18: 0.88076937 | H18: 21983568 | I18: 0.88076937 | J18: 915982.01 | K18: #DIV/0! | L18: 0 | M18: 21 | N18: 0 | O18: 0.86549708 | P18: 88 | Q18: 60 | R18: 171 | S18: 148 | T18: -148 | V18: 12 | W18: GUTIERREZ MARCOS DAVID | X18: 397 | Z18: 25 | AA18: KALATAKI GUSTAVO | AB18: 495
