Workbook

Sheet COMISIONES
A1: VENDEDOR | B1: SUCURSAL | C1: BULTOS | D1: UNIDAD DE MEDIDA | E1: IMPORTE | F1: COMISIÓN POR IMPORTE FIJO | G1: COMISIÓN POR PORCENTAJE | H1: COMISIÓN TOTAL
A2: 0 - TODOS LOS VENDEDORES | B2: 0 | C2: 43028.542 | D2: 178246.04 | E2: 7.8320893e+08 | F2: 0 | G2: 367848.94 | H2: 367849.12
A3: 1 - VERA ERNESTO | B3: 1 | C3: 529.69897 | D3: 729.15178 | E3: 12277521 | F3: 0 | G3: 367848.94 | H3: 367849.12
A4: 2 - OJEDA NORBERTO | B4: 1 | C4: 375.65635 | D4: 565.65179 | E4: 8521460.7 | F4: 0 | G4: 0 | H4: 0
A5: 3 - VIDAL NAHUEL | B5: 1 | C5: 455.41595 | D5: 1241.8252 | E5: 11101682 | F5: 0 | G5: 0 | H5: 0
A6: 4 - TUR SPRINGER FERNANDO | B6: 1 | C6: 817.93097 | D6: 1939.6469 | E6: 18279632 | F6: 0 | G6: 0 | H6: 0
A7: 5 - SCHELOVER RAUL | B7: 1 | C7: 685.03956 | D7: 2188.9208 | E7: 16717419 | F7: 0 | G7: 0 | H7: 0
A8: 7 - VALLEJOS EDUARDO | B8: 1 | C8: 2974.9167 | D8: 7148.15 | E8: 43665769 | F8: 0 | G8: 0 | H8: 0
A9: 8 - PARRA MAXIMILIANO | B9: 1 | C9: 332.23387 | D9: 830.09792 | E9: 7226935.7 | F9: 0 | G9: 0 | H9: 0
A10: 9 - ESTIGARRIBIA DAVID | B10: 1 | C10: 444.38883 | D10: 989.73358 | E10: 10304349 | F10: 0 | G10: 0 | H10: 0
A11: 10 - BRITEZ EMMANUEL | B11: 1 | C11: 779.24405 | D11: 544.79176 | E11: 9575852.5 | F11: 0 | G11: 0 | H11: 0
A12: 11 - SANCHEZ RICARDO | B12: 1 | C12: 461.45004 | D12: 1213.2725 | E12: 8753017.9 | F12: 0 | G12: 0 | H12: 0
A13: 12 - GUTIERREZ MARCOS DAVID | B13: 1 | C13: 433.27903 | D13: 1298.5373 | E13: 11014326 | F13: 0 | G13: 0 | H13: 0
... A47: 123 - TORRES ROLANDO | B47: 1 | C47: 970.9627 | D47: 3224.08 | E47: 29771261 | F47: 0 | G47: 0 | H47: 0

Sheet AVANCE
A1: SUPERVISOR | B1: VENDEDOR | C1: OBJETIVO | D1: FACTURACION ACUMULADA | E1: FACTURACION N-1 | F1: FACTURACION DEL DIA | G1: AVANCE VS OBJETIVO | H1: PROYECCION | I1: CUMPLIMIENTO PROYECTADO | J1: MEDIA REAL | K1: MEDIA NECESARIA | L1: COBRO
A2: MARTIN PREVENTA | B2: 20 - FLORES JAVIER | C2: 32924658 | D2: =IFERROR(+VLOOKUP(B2,COMISIONES!A:E,5,FALSE),"0")*1 -> 21945371 | E2: 18065782 | F2: =+D2-E2 -> 3879589.4 | G2: =+D2/C2 -> 0.666533 | H2: =+D2/$N$3*$N$4 -> 49875844 | I2: =+H2/C2 -> 1.5148477 | J2: =+D2/$N$3 -> 1995033.8 | K2: =+(C2-D2)/$N$2 -> 784234.77 | L2: {=+_xlfn.IFS(I2>114%,H2*0.02,I2>109%,H2*0.015,I2>104%,H2*0.0125,I2>99%,H2*0.01,I2<99%,H2*0)} -> 997516.88 | M2: DIAS DE TRABAJO RESTANTES | N2: 14
B3: 19 - GONZALEZ MARCELO | C3: 31602383 | D3: =IFERROR(+VLOOKUP(B3,COMISIONES!A:E,5,FALSE),"0")*1 -> 16657556 | E3: 15843215 | F3: =+D3-E3 -> 814341.31 | G3: =+D3/C3 -> 0.52709811 | H3: =+D3/$N$3*$N$4 -> 37858082 | I3: =+H3/C3 -> 1.1979502 | J3: =+D3/$N$3 -> 1514323.3 | K3: =+(C3-D3)/$N$2 -> 1067487.6 | L3: {=+_xlfn.IFS(I3>114%,H3*0.02,I3>109%,H3*0.015,I3>104%,H3*0.0125,I3>99%,H3*0.01,I3<99%,H3*0)} -> 757161.64 | M3: DIAS TRABAJADOS | N3: =N4-N2 -> 11
B4: 16 - GOMEZ MATÍAS | C4: 28957832 | D4: =IFERROR(+VLOOKUP(B4,COMISIONES!A:E,5,FALSE),"0")*1 -> 10239918 | E4: 9389996.3 | F4: =+D4-E4 -> 849921.69 | G4: =+D4/C4 -> 0.3536148 | H4: =+D4/$N$3*$N$4 -> 23272541 | I4: =+H4/C4 -> 0.80367001 | J4: =+D4/$N$3 -> 930901.64 | K4: =+(C4-D4)/$N$2 -> 1336993.8 | L4: {=+_xlfn.IFS(I4>114%,H4*0.02,I4>109%,H4*0.015,I4>104%,H4*0.0125,I4>99%,H4*0.01,I4<99%,H4*0)} -> 0 | M4: DIAS DE TRABAJO MES | N4: 25
B5: 12 - GUTIERREZ MARCOS DAVID | C5: 28957832 | D5: =IFERROR(+VLOOKUP(B5,COMISIONES!A:E,5,FALSE),"0")*1 -> 11014326 | E5: 10020831 | F5: =+D5-E5 -> 993495.04 | G5: =+D5/C5 -> 0.38035742 | H5: =+D5/$N$3*$N$4 -> 25032559 | I5: =+H5/C5 -> 0.86444867 | J5: =+D5/$N$3 -> 1001302.4 | K5: =+(C5-D5)/$N$2 -> 1281679 | L5: {=+_xlfn.IFS(I5>114%,H5*0.02,I5>109%,H5*0.015,I5>104%,H5*0.0125,I5>99%,H5*0.01,I5<99%,H5*0)} -> 0
B6: 11 - SANCHEZ RICARDO | C6: 23999299 | D6: =IFERROR(+VLOOKUP(B6,COMISIONES!A:E,5,FALSE),"0")*1 -> 8753017.9 | E6: 7401243.4 | F6: =+D6-E6 -> 1351774.5 | G6: =+D6/C6 -> 0.36471973 | H6: =+D6/$N$3*$N$4 -> 19893222 | I6: =+H6/C6 -> 0.82890848 | J6: =+D6/$N$3 -> 795728.9 | K6: =+(C6-D6)/$N$2 -> 1089020.1 | L6: {=+_xlfn.IFS(I6>114%,H6*0.02,I6>109%,H6*0.015,I6>104%,H6*0.0125,I6>99%,H6*0.01,I6<99%,H6*0)} -> 0
B7: 8 - PARRA MAXIMILIANO | C7: 28296694 | D7: =IFERROR(+VLOOKUP(B7,COMISIONES!A:E,5,FALSE),"0")*1 -> 7226935.7 | E7: 6570132.1 | F7: =+D7-E7 -> 656803.56 | G7: =+D7/C7 -> 0.25539859 | H7: =+D7/$N$3*$N$4 -> 16424854 | I7: =+H7/C7 -> 0.58045133 | J7: =+D7/$N$3 -> 656994.15 | K7: =+(C7-D7)/$N$2 -> 1504982.8 | L7: {=+_xlfn.IFS(I7>114%,H7*0.02,I7>109%,H7*0.015,I7>104%,H7*0.0125,I7>99%,H7*0.01,I7<99%,H7*0)} -> 0
B8: 5 - SCHELOVER RAUL | C8: 36547693 | D8: =IFERROR(+VLOOKUP(B8,COMISIONES!A:E,5,FALSE),"0")*1 -> 16717419 | E8: 14803849 | F8: =+D8-E8 -> 1913570.2 | G8: =+D8/C8 -> 0.45741379 | H8: =+D8/$N$3*$N$4 -> 37994134 | I8: =+H8/C8 -> 1.0395768 | J8: =+D8/$N$3 -> 1519765.3 | K8: =+(C8-D8)/$N$2 -> 1416448.1 | L8: {=+_xlfn.IFS(I8>114%,H8*0.02,I8>109%,H8*0.015,I8>104%,H8*0.0125,I8>99%,H8*0.01,I8<99%,H8*0)} -> 379941.34
B9: 4 - TUR SPRINGER FERNANDO | C9: 36547693 | D9: =IFERROR(+VLOOKUP(B9,COMISIONES!A:E,5,FALSE),"0")*1 -> 18279632 | E9: 14593020 | F9: =+D9-E9 -> 3686612.4 | G9: =+D9/C9 -> 0.50015831 | H9: =+D9/$N$3*$N$4 -> 41544619 | I9: =+H9/C9 -> 1.1367234 | J9: =+D9/$N$3 -> 1661784.8 | K9: =+(C9-D9)/$N$2 -> 1304861.5 | L9: {=+_xlfn.IFS(I9>114%,H9*0.02,I9>109%,H9*0.015,I9>104%,H9*0.0125,I9>99%,H9*0.01,I9<99%,H9*0)} -> 623169.28
C10: 247834083 | D10: =+SUM(D2:D9) -> 1.1083418e+08 | E10: 96688068 | F10: =+D10-E10 -> 14146108 | G10: =+D10/C10 -> 0.44721119 | H10: =+D10/$N$3*$N$4 -> 2.5189585e+08 | I10: =+H10/C10 -> 1.0163891 | J10: =+D10/$N$3 -> 10075834 | K10: =+(C10-D10)/$N$2 -> 9785707.6
A11: MARTIN | B11: 22 - ALMIRON NICOLAS | C11: 98911387 | D11: =IFERROR(+VLOOKUP(B11,COMISIONES!A:E,5,FALSE),"0")*1 -> 46666403 | E11: 45118874 | F11: =+D11-E11 -> 1547528.6 | G11: =+D11/C11 -> 0.4718001 | H11: =+D11/$N$3*$N$4 -> 1.0606001e+08 | I11: =+H11/C11 -> 1.072273 | J11: =+D11/$N$3 -> 4242400.3 | K11: =+(C11-D11)/$N$2 -> 3731784.6 | L11: {=+_xlfn.IFS(I11>114%,H11*0.0125,I11>109%,H11*0.01,I11>104%,H11*0.0075,I11>99%,H11*0.005,I11<99%,H11*0)} -> 795450.05
B12: 15 - GALARZA GERARDO | C12: 1.3093119e+08 | D12: =IFERROR(+VLOOKUP(B12,COMISIONES!A:E,5,FALSE),"0")*1 -> 35081545 | E12: 34273740 | F12: =+D12-E12 -> 807805.21 | G12: =+D12/C12 -> 0.26793878 | H12: =+D12/$N$3*$N$4 -> 79730784 | I12: =+H12/C12 -> 0.60895178 | J12: =+D12/$N$3 -> 3189231.4 | K12: =+(C12-D12)/$N$2 -> 6846403.5 | L12: {=+_xlfn.IFS(I12>114%,H12*0.0125,I12>109%,H12*0.01,I12>104%,H12*0.0075,I12>99%,H12*0.005,I12<99%,H12*0)} -> 0 | M12: AUMENTO OBJ | N12: 0.02
B13: 52 - RAVAROTTO EMANUEL | C13: 43298039 | D13: =IFERROR(+VLOOKUP(B13,COMISIONES!A:E,5,FALSE),"0")*1 -> 26974253 | E13: 26665321 | F13: =+D13-E13 -> 308932.38 | G13: =+D13/C13 -> 0.62299018 | H13: =+D13/$N$3*$N$4 -> 61305120 | I13: =+H13/C13 -> 1.4158868 | J13: =+D13/$N$3 -> 2452204.8 | K13: =+(C13-D13)/$N$2 -> 1165984.7 | L13: {=+_xlfn.IFS(I13>109%,H13*0.015,I13>104%,H13*0.0125,I13>99%,H13*0.01,I13<99%,H13*0)} -> 919576.8
B14: 53 - SANDOVAL RODRIGO | C14: 43298039 | D14: =IFERROR(+VLOOKUP(B14,COMISIONES!A:E,5,FALSE),"0")*1 -> 17446723 | E14: 16353652 | F14: =+D14-E14 -> 1093071 | G14: =+D14/C14 -> 0.40294488 | H14: =+D14/$N$3*$N$4 -> 39651643 | I14: =+H14/C14 -> 0.91578382 | J14: =+D14/$N$3 -> 1586065.7 | K14: =+(C14-D14)/$N$2 -> 1846522.5 | L14: {=+_xlfn.IFS(I14>109%,H14*0.015,I14>104%,H14*0.0125,I14>99%,H14*0.01,I14<99%,H14*0)} -> 0
C15: 348702179 | D15: =+SUM(D11:D14) -> 1.2616892e+08 | E15: 1.2241159e+08 | F15: =+D15-E15 -> 3757337.2 | G15: =+D15/C15 -> 0.36182431 | H15: =+D15/$N$3*$N$4 -> 2.8674755e+08 | I15: =+H15/C15 -> 0.82232797 | J15: =+D15/$N$3 -> 11469902 | K15: =+(C15-D15)/$N$2 -> 15895233
A16: CRISTIAN | B16: 2 - OJEDA NORBERTO | C16: 28000000 | D16: =IFERROR(+VLOOKUP(B16,COMISIONES!A:E,5,FALSE),"0")*1 -> 8521460.7 | E16: 6918641.5 | F16: =+D16-E16 -> 1602819.2 | G16: =+D16/C16 -> 0.30433788 | H16: =+D16/$N$3*$N$4 -> 19366956 | I16: =+H16/C16 -> 0.69167701 | J16: =+D16/$N$3 -> 774678.25 | K16: =+(C16-D16)/$N$2 -> 1391324.2 | L16: {=+_xlfn.IFS(I16>114%,H16*0.02,I16>109%,H16*0.015,I16>104%,H16*0.0125,I16>99%,H16*0.01,I16<99%,H16*0)} -> 0
B17: 3 - VIDAL NAHUEL | C17: 25660000 | D17: =IFERROR(+VLOOKUP(B17,COMISIONES!A:E,5,FALSE),"0")*1 -> 11101682 | E17: 10207094 | F17: =+D17-E17 -> 894588.32 | G17: =+D17/C17 -> 0.43264545 | H17: =+D17/$N$3*$N$4 -> 25231096 | I17: =+H17/C17 -> 0.98328512 | J17: =+D17/$N$3 -> 1009243.9 | K17: =+(C17-D17)/$N$2 -> 1039879.8 | L17: {=+_xlfn.IFS(I17>114%,H17*0.02,I17>109%,H17*0.015,I17>104%,H17*0.0125,I17>99%,H17*0.01,I17<99%,H17*0)} -> 0
B18: 18 - HERRERA PABLO | C18: 26020000 | D18: =IFERROR(+VLOOKUP(B18,COMISIONES!A:E,5,FALSE),"0")*1 -> 8842180.9 | E18: 8144323 | F18: =+D18-E18 -> 697857.94 | G18: =+D18/C18 -> 0.33982248 | H18: =+D18/$N$3*$N$4 -> 20095866 | I18: =+H18/C18 -> 0.77232382 | J18: =+D18/$N$3 -> 803834.63 | K18: =+(C18-D18)/$N$2 -> 1226987.1 | L18: {=+_xlfn.IFS(I18>114%,H18*0.02,I18>109%,H18*0.015,I18>104%,H18*0.0125,I18>99%,H18*0.01,I18<99%,H18*0)} -> 0
B19: 21 - CATAN MATIAS | C19: 36200600 | D19: =IFERROR(+VLOOKUP(B19,COMISIONES!A:E,5,FALSE),"0")*1 -> 15741099 | E19: 14465212 | F19: =+D19-E19 -> 1275886.5 | G19: =+D19/C19 -> 0.43482978 | H19: =+D19/$N$3*$N$4 -> 35775225 | I19: =+H19/C19 -> 0.9882495 | J19: =+D19/$N$3 -> 1431009 | K19: =+(C19-D19)/$N$2 -> 1461392.9 | L19: {=+_xlfn.IFS(I19>114%,H19*0.02,I19>109%,H19*0.015,I19>104%,H19*0.0125,I19>99%,H19*0.01,I19<99%,H19*0)} -> 0
B20: 23 - DELGADO JOSÉ | C20: 26622000 | D20: =IFERROR(+VLOOKUP(B20,COMISIONES!A:E,5,FALSE),"0")*1 -> 10823907 | E20: 9004740 | F20: =+D20-E20 -> 1819166.6 | G20: =+D20/C20 -> 0.40657752 | H20: =+D20/$N$3*$N$4 -> 24599788 | I20: =+H20/C20 -> 0.92403981 | J20: =+D20/$N$3 -> 983991.51 | K20: =+(C20-D20)/$N$2 -> 1128435.2 | L20: {=+_xlfn.IFS(I20>114%,H20*0.02,I20>109%,H20*0.015,I20>104%,H20*0.0125,I20>99%,H20*0.01,I20<99%,H20*0)} -> 0
B21: 31 - RENZO RAMOS | C21: 33260000 | D21: =IFERROR(+VLOOKUP(B21,COMISIONES!A:E,5,FALSE),"0")*1 -> 11111999 | E21: 9414166.3 | F21: =+D21-E21 -> 1697832.2 | G21: =+D21/C21 -> 0.33409497 | H21: =+D21/$N$3*$N$4 -> 25254542 | I21: =+H21/C21 -> 0.75930674 | J21: =+D21/$N$3 -> 1010181.7 | K21: =+(C21-D21)/$N$2 -> 1582000.1 | L21: {=+_xlfn.IFS(I21>114%,H21*0.02,I21>109%,H21*0.015,I21>104%,H21*0.0125,I21>99%,H21*0.01,I21<99%,H21*0)} -> 0
B22: 44 - MONGES CESAR LUIS | C22: 28620000 | D22: =IFERROR(+VLOOKUP(B22,COMISIONES!A:E,5,FALSE),"0")*1 -> 13174081 | E22: 11650345 | F22: =+D22-E22 -> 1523736.5 | G22: =+D22/C22 -> 0.46031031 | H22: =+D22/$N$3*$N$4 -> 29941094 | I22: =+H22/C22 -> 1.0461598 | J22: =+D22/$N$3 -> 1197643.7 | K22: =+(C22-D22)/$N$2 -> 1103279.9 | L22: {=+_xlfn.IFS(I22>114%,H22*0.02,I22>109%,H22*0.015,I22>104%,H22*0.0125,I22>99%,H22*0.01,I22<99%,H22*0)} -> 374263.67
B23: 54 - BARTSCHAT EMILIANO NAHUEL | C23: 38000000 | D23: =IFERROR(+VLOOKUP(B23,COMISIONES!A:E,5,FALSE),"0")*1 -> 16497964 | E23: 14285777 | F23: =+D23-E23 -> 2212187.2 | G23: =+D23/C23 -> 0.43415696 | H23: =+D23/$N$3*$N$4 -> 37495374 | I23: =+H23/C23 -> 0.98672036 | J23: =+D23/$N$3 -> 1499814.9 | K23: =+(C23-D23)/$N$2 -> 1535859.7 | L23: {=+_xlfn.IFS(I23>114%,H23*0.02,I23>109%,H23*0.015,I23>104%,H23*0.0125,I23>99%,H23*0.01,I23<99%,H23*0)} -> 0
C24: 242382600 | D24: =+SUM(D16:D23) -> 95814374 | E24: 84090299 | F24: =+D24-E24 -> 11724074 | G24: =+D24/C24 -> 0.39530219 | H24: =+D24/$N$3*$N$4 -> 2.1775994e+08 | I24: =+H24/C24 -> 0.89841408 | J24: =+D24/$N$3 -> 8710397.6 | K24: =+(C24-D24)/$N$2 -> 10469159
A25: GONZALO | B25: 32 - CABRAL GONZALO | C25: 86547956 | D25: =IFERROR(+VLOOKUP(B25,COMISIONES!A:E,5,FALSE),"0")*1 -> 23810922 | E25: 20686972 | F25: =+D25-E25 -> 3123950.4 | G25: =+D25/C25 -> 0.27511825 | H25: =+D25/$N$3*$N$4 -> 54115732 | I25: =+H25/C25 -> 0.62526875 | J25: =+D25/$N$3 -> 2164629.3 | K25: =+(C25-D25)/$N$2 -> 4481216.7 | L25: {=+_xlfn.IFS(I25>114%,H25*0.0125,I25>109%,H25*0.01,I25>104%,H25*0.0075,I25>99%,H25*0.005,I25<99%,H25*0)} -> 0
B26: 36 - COSARINSKI DIEGO | C26: 24010803 | D26: =IFERROR(+VLOOKUP(B26,COMISIONES!A:E,5,FALSE),"0")*1 -> 6506939.6 | E26: 6022668.8 | F26: =+D26-E26 -> 484270.89 | G26: =+D26/C26 -> 0.2710005 | H26: =+D26/$N$3*$N$4 -> 14788499 | I26: =+H26/C26 -> 0.61591022 | J26: =+D26/$N$3 -> 591539.97 | K26: =+(C26-D26)/$N$2 -> 1250276 | L26: {=+_xlfn.IFS(I26>114%,H26*0.02,I26>109%,H26*0.015,I26>104%,H26*0.0125,I26>99%,H26*0.01,I26<99%,H26*0)} -> 0
B27: 9 - ESTIGARRIBIA DAVID | C27: 26910856 | D27: =IFERROR(+VLOOKUP(B27,COMISIONES!A:E,5,FALSE),"0")*1 -> 10304349 | E27: 9596353.8 | F27: =+D27-E27 -> 707995.06 | G27: =+D27/C27 -> 0.38290676 | H27: =+D27/$N$3*$N$4 -> 23418975 | I27: =+H27/C27 -> 0.87024264 | J27: =+D27/$N$3 -> 936758.99 | K27: =+(C27-D27)/$N$2 -> 1186179.1 | L27: {=+_xlfn.IFS(I27>114%,H27*0.02,I27>109%,H27*0.015,I27>104%,H27*0.0125,I27>99%,H27*0.01,I27<99%,H27*0)} -> 0
B28: 40 - IBARROLA JORGE | C28: 39189035 | D28: =IFERROR(+VLOOKUP(B28,COMISIONES!A:E,5,FALSE),"0")*1 -> 11375384 | E28: 9565104.6 | F28: =+D28-E28 -> 1810279.2 | G28: =+D28/C28 -> 0.29026956 | H28: =+D28/$N$3*$N$4 -> 25853145 | I28: =+H28/C28 -> 0.65970354 | J28: =+D28/$N$3 -> 1034125.8 | K28: =+(C28-D28)/$N$2 -> 1986689.4 | L28: {=+_xlfn.IFS(I28>114%,H28*0.02,I28>109%,H28*0.015,I28>104%,H28*0.0125,I28>99%,H28*0.01,I28<99%,H28*0)} -> 0
B29: 27 - GOMEZ ADRIÁN | C29: 26900000 | D29: =IFERROR(+VLOOKUP(B29,COMISIONES!A:E,5,FALSE),"0")*1 -> 13272296 | E29: 12406650 | F29: =+D29-E29 -> 865645.29 | G29: =+D29/C29 -> 0.49339389 | H29: =+D29/$N$3*$N$4 -> 30164308 | I29: =+H29/C29 -> 1.1213497 | J29: =+D29/$N$3 -> 1206572.3 | K29: =+(C29-D29)/$N$2 -> 973407.45 | L29: {=+_xlfn.IFS(I29>114%,H29*0.02,I29>109%,H29*0.015,I29>104%,H29*0.0125,I29>99%,H29*0.01,I29<99%,H29*0)} -> 452464.62
B30: 10 - BRITEZ EMMANUEL | C30: 25830000 | D30: =IFERROR(+VLOOKUP(B30,COMISIONES!A:E,5,FALSE),"0")*1 -> 9575852.5 | E30: 8755339.3 | F30: =+D30-E30 -> 820513.15 | G30: =+D30/C30 -> 0.370726 | H30: =+D30/$N$3*$N$4 -> 21763301 | I30: =+H30/C30 -> 0.84255908 | J30: =+D30/$N$3 -> 870532.04 | K30: =+(C30-D30)/$N$2 -> 1161010.5 | L30: {=+_xlfn.IFS(I30>114%,H30*0.02,I30>109%,H30*0.015,I30>104%,H30*0.0125,I30>99%,H30*0.01,I30<99%,H30*0)} -> 0
B31: 28 - GOMEZ PABLO | C31: 27702000 | D31: =IFERROR(+VLOOKUP(B31,COMISIONES!A:E,5,FALSE),"0")*1 -> 5823813.3 | E31: 5385739.6 | F31: =+D31-E31 -> 438073.69 | G31: =+D31/C31 -> 0.21023079 | H31: =+D31/$N$3*$N$4 -> 13235939 | I31: =+H31/C31 -> 0.47779725 | J31: =+D31/$N$3 -> 529437.57 | K31: =+(C31-D31)/$N$2 -> 1562727.6 | L31: {=+_xlfn.IFS(I31>114%,H31*0.02,I31>109%,H31*0.015,I31>104%,H31*0.0125,I31>99%,H31*0.01,I31<99%,H31*0)} -> 0
B32: 33 - NICOLAS AZULA | C32: 24010803 | D32: =IFERROR(+VLOOKUP(B32,COMISIONES!A:E,5,FALSE),"0")*1 -> 6485264.5 | E32: 5740624.9 | F32: =+D32-E32 -> 744639.68 | G32: =+D32/C32 -> 0.27009777 | H32: =+D32/$N$3*$N$4 -> 14739238 | I32: =+H32/C32 -> 0.61385858 | J32: =+D32/$N$3 -> 589569.5 | K32: =+(C32-D32)/$N$2 -> 1251824.2 | L32: {=+_xlfn.IFS(I32>114%,H32*0.02,I32>109%,H32*0.015,I32>104%,H32*0.0125,I32>99%,H32*0.01,I32<99%,H32*0)} -> 0
B33: 37 - SALAJ EMILIO | C33: 25780148 | D33: =IFERROR(+VLOOKUP(B33,COMISIONES!A:E,5,FALSE),"0")*1 -> 5352544.9 | E33: 5033432.8 | F33: =+D33-E33 -> 319112.09 | G33: =+D33/C33 -> 0.20762274 | H33: =+D33/$N$3*$N$4 -> 12164875 | I33: =+H33/C33 -> 0.47186986 | J33: =+D33/$N$3 -> 486594.99 | K33: =+(C33-D33)/$N$2 -> 1459114.5 | L33: {=+_xlfn.IFS(I33>114%,H33*0.02,I33>109%,H33*0.015,I33>104%,H33*0.0125,I33>99%,H33*0.01,I33<99%,H33*0)} -> 0
B34: 24 - SOLIS EMMANUEL | C34: 26383192 | D34: =IFERROR(+VLOOKUP(B34,COMISIONES!A:E,5,FALSE),"0")*1 -> 7258430.1 | E34: 6519905.4 | F34: =+D34-E34 -> 738524.69 | G34: =+D34/C34 -> 0.27511569 | H34: =+D34/$N$3*$N$4 -> 16496432 | I34: =+H34/C34 -> 0.62526293 | J34: =+D34/$N$3 -> 659857.28 | K34: =+(C34-D34)/$N$2 -> 1366054.4 | L34: {=+_xlfn.IFS(I34>114%,H34*0.02,I34>109%,H34*0.015,I34>104%,H34*0.0125,I34>99%,H34*0.01,I34<99%,H34*0)} -> 0
B35: 7 - VALLEJOS EDUARDO | C35: 1.2506204e+08 | D35: =IFERROR(+VLOOKUP(B35,COMISIONES!A:E,5,FALSE),"0")*1 -> 43665769 | E35: 42908997 | F35: =+D35-E35 -> 756771.98 | G35: =+D35/C35 -> 0.34915285 | H35: =+D35/$N$3*$N$4 -> 99240384 | I35: =+H35/C35 -> 0.7935292 | J35: =+D35/$N$3 -> 3969615.3 | K35: =+(C35-D35)/$N$2 -> 5814019.6 | L35: {=+_xlfn.IFS(I35>114%,H35*0.0125,I35>109%,H35*0.01,I35>104%,H35*0.0075,I35>99%,H35*0.005,I35<99%,H35*0)} -> 0
B36: 57 - FEDERRATH MARTIN | C36: 36592500 | D36: =IFERROR(+VLOOKUP(B36,COMISIONES!A:E,5,FALSE),"0")*1 -> 21993713 | E36: 19786949 | F36: =+D36-E36 -> 2206764.3 | G36: =+D36/C36 -> 0.60104428 | H36: =+D36/$N$3*$N$4 -> 49985711 | I36: =+H36/C36 -> 1.3660097 | J36: =+D36/$N$3 -> 1999428.4 | K36: =+(C36-D36)/$N$2 -> 1042770.5 | L36: {=+_xlfn.IFS(I36>109%,H36*0.015,I36>104%,H36*0.0125,I36>99%,H36*0.01,I36<99%,H36*0)} -> 749785.67
B37: 1 - VERA ERNESTO | C37: 37270463 | D37: =IFERROR(+VLOOKUP(B37,COMISIONES!A:E,5,FALSE),"0")*1 -> 12277521 | E37: 10992914 | F37: =+D37-E37 -> 1284607.4 | G37: =+D37/C37 -> 0.32941692 | H37: =+D37/$N$3*$N$4 -> 27903458 | I37: =+H37/C37 -> 0.74867483 | J37: =+D37/$N$3 -> 1116138.3 | K37: =+(C37-D37)/$N$2 -> 1785210.1 | L37: {=+_xlfn.IFS(I37>114%,H37*0.02,I37>109%,H37*0.015,I37>104%,H37*0.0125,I37>99%,H37*0.01,I37<99%,H37*0)} -> 0
C38: 532189801 | D38: =+SUM(D25:D37) -> 1.777028e+08 | E38: 1.6340165e+08 | F38: =+D38-E38 -> 14301148 | G38: =+D38/C38 -> 0.33390869 | H38: =+D38/$N$3*$N$4 -> 4.0387e+08 | I38: =+H38/C38 -> 0.75888338 | J38: =+D38/$N$3 -> 16154800 | K38: =+(C38-D38)/$N$2 -> 25320500
A39: MAXI | B39: 58 - BLADIMIR LEZCANO | C39: 35000000 | D39: =IFERROR(+VLOOKUP(B39,COMISIONES!A:E,5,FALSE),"0")*1 -> 5729568.7 | E39: 5729568.7 | F39: =+D39-E39 -> 0 | G39: =+D39/C39 -> 0.16370196 | H39: =+D39/$N$3*$N$4 -> 13021747 | I39: =+H39/C39 -> 0.37204992 | J39: =+D39/$N$3 -> 520869.89 | K39: =+(C39-D39)/$N$2 -> 2090745.1 | L39: {=+_xlfn.IFS(I39>114%,H39*0.02,I39>109%,H39*0.015,I39>104%,H39*0.0125,I39>99%,H39*0.01,I39<99%,H39*0)} -> 0
B40: 59 - LEIVA SILVIO | C40: 30000000 | D40: =IFERROR(+VLOOKUP(B40,COMISIONES!A:E,5,FALSE),"0")*1 -> 3842660.3 | E40: 3842660.3 | F40: =+D40-E40 -> 0 | G40: =+D40/C40 -> 0.12808868 | H40: =+D40/$N$3*$N$4 -> 8733318.9 | I40: =+H40/C40 -> 0.29111063 | J40: =+D40/$N$3 -> 349332.76 | K40: =+(C40-D40)/$N$2 -> 1868381.4 | L40: {=+_xlfn.IFS(I40>114%,H40*0.02,I40>109%,H40*0.015,I40>104%,H40*0.0125,I40>99%,H40*0.01,I40<99%,H40*0)} -> 0
B41: 49 - ESCOBAR RAÚL | C41: 32421675 | D41: =IFERROR(+VLOOKUP(B41,COMISIONES!A:E,5,FALSE),"0")*1 -> 17848073 | E41: 17848073 | F41: =+D41-E41 -> 0 | G41: =+D41/C41 -> 0.55049818 | H41: =+D41/$N$3*$N$4 -> 40563802 | I41: =+H41/C41 -> 1.2511322 | J41: =+D41/$N$3 -> 1622552.1 | K41: =+(C41-D41)/$N$2 -> 1040971.6 | L41: {=+_xlfn.IFS(I41>114%,H41*0.02,I41>109%,H41*0.015,I41>104%,H41*0.0125,I41>99%,H41*0.01,I41<99%,H41*0)} -> 811276.05
B42: 56 - JUAN ANDRES SANCHEZ | C42: 56524908 | D42: =IFERROR(+VLOOKUP(B42,COMISIONES!A:E,5,FALSE),"0")*1 -> 38800033 | E42: 38813644 | F42: =+D42-E42 -> -13610.684 | G42: =+D42/C42 -> 0.68642363 | H42: =+D42/$N$3*$N$4 -> 88181893 | I42: =+H42/C42 -> 1.5600537 | J42: =+D42/$N$3 -> 3527275.7 | K42: =+(C42-D42)/$N$2 -> 1266062.5 | L42: {=+_xlfn.IFS(I42>114%,H42*0.02,I42>109%,H42*0.015,I42>104%,H42*0.0125,I42>99%,H42*0.01,I42<99%,H42*0)} -> 1763637.9
B43: 26 - PUJOL ERNESTO | C43: 100000000 | D43: =IFERROR(+VLOOKUP(B43,COMISIONES!A:E,5,FALSE),"0")*1 -> 58034126 | E43: 55851018 | F43: =+D43-E43 -> 2183108.9 | G43: =+D43/C43 -> 0.58034126 | H43: =+D43/$N$3*$N$4 -> 1.3189574e+08 | I43: =+H43/C43 -> 1.3189574 | J43: =+D43/$N$3 -> 5275829.7 | K43: =+(C43-D43)/$N$2 -> 2997562.4 | L43: {=+_xlfn.IFS(I43>114%,H43*0.02,I43>109%,H43*0.015,I43>104%,H43*0.0125,I43>99%,H43*0.01,I43<99%,H43*0)} -> 2637914.8
B44: 25 - KALATAKI GUSTAVO | C44: 100000000 | D44: =IFERROR(+VLOOKUP(B44,COMISIONES!A:E,5,FALSE),"0")*1 -> 39124836 | E44: 21732531 | F44: =+D44-E44 -> 17392305 | G44: =+D44/C44 -> 0.39124836 | H44: =+D44/$N$3*$N$4 -> 88920082 | I44: =+H44/C44 -> 0.88920082 | J44: =+D44/$N$3 -> 3556803.3 | K44: =+(C44-D44)/$N$2 -> 4348226 | L44: {=+_xlfn.IFS(I44>114%,H44*0.02,I44>109%,H44*0.015,I44>104%,H44*0.0125,I44>99%,H44*0.01,I44<99%,H44*0)} -> 0
B45: 60 - SILVA ADRIAN | C45: 25000000 | D45: =IFERROR(+VLOOKUP(B45,COMISIONES!A:E,5,FALSE),"0")*1 -> 14457423 | E45: 14457423 | F45: =+D45-E45 -> 0 | G45: =+D45/C45 -> 0.57829691 | H45: =+D45/$N$3*$N$4 -> 32857779 | I45: =+H45/C45 -> 1.3143112 | J45: =+D45/$N$3 -> 1314311.2 | K45: =+(C45-D45)/$N$2 -> 753041.23 | L45: {=+_xlfn.IFS(I45>114%,H45*0.02,I45>109%,H45*0.015,I45>104%,H45*0.0125,I45>99%,H45*0.01,I45<99%,H45*0)} -> 657155.58
B46: 43 - COLHER DIEGO | C46: 100000000 | D46: =IFERROR(+VLOOKUP(B46,COMISIONES!A:E,5,FALSE),"0")*1 -> 12934810 | E46: 12934810 | F46: =+D46-E46 -> 0 | G46: =+D46/C46 -> 0.1293481 | H46: =+D46/$N$3*$N$4 -> 29397295 | I46: =+H46/C46 -> 0.29397295 | J46: =+D46/$N$3 -> 1175891.8 | K46: =+(C46-D46)/$N$2 -> 6218942.2 | L46: {=+_xlfn.IFS(I46>114%,H46*0.02,I46>109%,H46*0.015,I46>104%,H46*0.0125,I46>99%,H46*0.01,I46<99%,H46*0)} -> 0
C47: 478946583 | D47: =SUM(D39:D46) -> 1.9077153e+08 | E47: 1.7120973e+08 | F47: =+SUM(F39:F46) -> 19561804 | G47: =+D47/C47 -> 0.39831484 | H47: =+D47/$N$3*$N$4 -> 4.3357166e+08 | I47: =+H47/C47 -> 0.90526099 | J47: =+D47/$N$3 -> 17342866 | K47: =+(C47-D47)/$N$2 -> 20583932
A48: GENERAL | C48: 1850055247 | D48: =+D38+D24+D10+D15+D47 -> 7.012918e+08 | E48: 6.3780133e+08 | F48: =+D48-E48 -> 63490471 | G48: =+D48/C48 -> 0.37906533 | H48: =+D48/$N$3*$N$4 -> 1.593845e+09 | I48: =+H48/C48 -> 0.86151211 | J48: =+D48/$N$3 -> 63753800 | K48: =+(C48-D48)/$N$2 -> 82054532

Sheet COBERTURA
A1: SUPERVISOR | C1: VENDEDOR | D1: COBERTURA TOTAL | E1: DIA ANTERIOR | F1: INCREMENTO DIARIO | G1: CARTERA TOTAL | H1: CCC | I1: CCC FALTANTE 85% | P1: Cod vdor | R1: Cobertura x Un de negocio
A2: MARTIN (SUPERVISOR) | B2: 22 | C2: =+AVANCE!B11 -> 22 - ALMIRON NICOLAS | D2: =H2/G2 -> 0.65822785 | E2: 33 | F2: =+H2-E2 -> 19 | G2: =VLOOKUP(B2,'Base Cobertura'!$A:$C,3,FALSE) -> 79 | H2: =VLOOKUP(B2,'Base Cobertura'!$A:$C,2,FALSE) -> 52 | I2: =(+G2*$M$2)-H2 -> 15.15 | J2: bien | K2: bien | L2: OBJETIVO | M2: 0.85 | P2: 25 | Q2: =VLOOKUP(P2,$B:$C,2,FALSE) -> 25 - KALATAKI GUSTAVO | R2: =VLOOKUP(P2,$B:$C,2,FALSE) -> 25 - KALATAKI GUSTAVO | S2: CCC | T2: CARTERA TOTAL | U2: % ALCANZADO
B3: 20 | C3: =+AVANCE!B2 -> 20 - FLORES JAVIER | D3: =H3/G3 -> 0.78947368 | E3: 126 | F3: =+H3-E3 -> 54 | G3: =VLOOKUP(B3,'Base Cobertura'!$A:$C,3,FALSE) -> 228 | H3: =VLOOKUP(B3,'Base Cobertura'!$A:$C,2,FALSE) -> 180 | I3: =(+G3*$M$2)-H3 -> 13.8 | J3: mal | K3: chaca | P3: {=+_xlfn._xlws.FILTER('Base Cobertura'!E:I,'Base Cobertura'!E:E=COBERTURA!P2)} -> 25 | Q3: 25 | R3: 138 - ALMACEN | S3: 24 | T3: 174 | U3: =+S3/T3 -> 0.13793103
B4: 15 | C4: =+AVANCE!B12 -> 15 - GALARZA GERARDO | D4: =H4/G4 -> 0.58461538 | E4: 21 | F4: =+H4-E4 -> 17 | G4: =VLOOKUP(B4,'Base Cobertura'!$A:$C,3,FALSE) -> 65 | H4: =VLOOKUP(B4,'Base Cobertura'!$A:$C,2,FALSE) -> 38 | I4: =(+G4*$M$2)-H4 -> 17.25 | J4: re bien | K4: muy bien | P4: 25 | Q4: 0 | R4: 138 - Articulos Sin Asociar Agrupacion | S4: 8 | T4: 174 | U4: =+S4/T4 -> 0.045977011
B5: 19 | C5: =+AVANCE!B3 -> 19 - GONZALEZ MARCELO | D5: =H5/G5 -> 0.73684211 | E5: 100 | F5: =+H5-E5 -> 54 | G5: =VLOOKUP(B5,'Base Cobertura'!$A:$C,3,FALSE) -> 209 | H5: =VLOOKUP(B5,'Base Cobertura'!$A:$C,2,FALSE) -> 154 | I5: =(+G5*$M$2)-H5 -> 23.65 | K5: muy bien | P5: 25 | Q5: 0 | R5: 138 - BEBIDAS | S5: 28 | T5: 174 | U5: =+S5/T5 -> 0.16091954
B6: 16 | C6: =+AVANCE!B4 -> 16 - GOMEZ MATÍAS | D6: =H6/G6 -> 0.545 | E6: 81 | F6: =+H6-E6 -> 28 | G6: =VLOOKUP(B6,'Base Cobertura'!$A:$C,3,FALSE) -> 200 | H6: =VLOOKUP(B6,'Base Cobertura'!$A:$C,2,FALSE) -> 109 | I6: =(+G6*$M$2)-H6 -> 61 | J6: apretarlo | K6: apretarlo | P6: 25 | Q6: 0 | R6: 138 - CHOCOLATE | S6: 19 | T6: 174 | U6: =+S6/T6 -> 0.1091954
B7: 12 | C7: =+AVANCE!B5 -> 12 - GUTIERREZ MARCOS DAVID | D7: =H7/G7 -> 0.6713615 | E7: 89 | F7: =+H7-E7 -> 54 | G7: =VLOOKUP(B7,'Base Cobertura'!$A:$C,3,FALSE) -> 213 | H7: =VLOOKUP(B7,'Base Cobertura'!$A:$C,2,FALSE) -> 143 | I7: =(+G7*$M$2)-H7 -> 38.05 | J7: apretarlo | K7: apretarlo | P7: 25 | Q7: 0 | R7: 138 - GALLETITAS | S7: 35 | T7: 174 | U7: =+S7/T7 -> 0.20114943
B8: 11 | C8: =+AVANCE!B6 -> 11 - SANCHEZ RICARDO | D8: =H8/G8 -> 0.64534884 | E8: 92 | F8: =+H8-E8 -> 19 | G8: =VLOOKUP(B8,'Base Cobertura'!$A:$C,3,FALSE) -> 172 | H8: =VLOOKUP(B8,'Base Cobertura'!$A:$C,2,FALSE) -> 111 | I8: =(+G8*$M$2)-H8 -> 35.2 | J8: bien | K8: apretarlo | P8: 25 | Q8: 0 | R8: 138 - GOLOSINAS | S8: 25 | T8: 174 | U8: =+S8/T8 -> 0.14367816
B9: 8 | C9: =+AVANCE!B7 -> 8 - PARRA MAXIMILIANO | D9: =H9/G9 -> 0.60696517 | E9: 64 | F9: =+H9-E9 -> 58 | G9: =VLOOKUP(B9,'Base Cobertura'!$A:$C,3,FALSE) -> 201 | H9: =VLOOKUP(B9,'Base Cobertura'!$A:$C,2,FALSE) -> 122 | I9: =(+G9*$M$2)-H9 -> 48.85 | J9: bien | K9: apretarlo con ema | P9: 25 | Q9: 0 | R9: 138 - MASCOTAS | S9: 25 | T9: 174 | U9: =+S9/T9 -> 0.14367816
B10: 52 | C10: =+AVANCE!B13 -> 52 - RAVAROTTO EMANUEL | D10: =H10/G10 -> 0.32380952 | E10: 19 | F10: =+H10-E10 -> 15 | G10: =VLOOKUP(B10,'Base Cobertura'!$A:$C,3,FALSE) -> 105 | H10: =VLOOKUP(B10,'Base Cobertura'!$A:$C,2,FALSE) -> 34 | I10: =(+G10*$M$2)-H10 -> 55.25 | J10: apretarlo | K10: apretarlo | P10: 25 | Q10: 0 | R10: 138 - NO PERECEDEROS | S10: 17 | T10: 174 | U10: =+S10/T10 -> 0.097701149
B11: 53 | C11: =+AVANCE!B14 -> 53 - SANDOVAL RODRIGO | D11: =H11/G11 -> 0.28571429 | E11: 24 | F11: =+H11-E11 -> 6 | G11: =VLOOKUP(B11,'Base Cobertura'!$A:$C,3,FALSE) -> 105 | H11: =VLOOKUP(B11,'Base Cobertura'!$A:$C,2,FALSE) -> 30 | I11: =(+G11*$M$2)-H11 -> 59.25 | J11: verlo | P11: 25 | Q11: 0 | R11: 138 - PILAS | S11: 9 | T11: 174 | U11: =+S11/T11 -> 0.051724138
B12: 5 | C12: =+AVANCE!B8 -> 5 - SCHELOVER RAUL | D12: =H12/G12 -> 0.68560606 | E12: 144 | F12: =+H12-E12 -> 37 | G12: =VLOOKUP(B12,'Base Cobertura'!$A:$C,3,FALSE) -> 264 | H12: =VLOOKUP(B12,'Base Cobertura'!$A:$C,2,FALSE) -> 181 | I12: =(+G12*$M$2)-H12 -> 43.4 | J12: verlo
B13: 4 | C13: =+AVANCE!B9 -> 4 - TUR SPRINGER FERNANDO | D13: =H13/G13 -> 0.57692308 | E13: 85 | F13: =+H13-E13 -> 20 | G13: =VLOOKUP(B13,'Base Cobertura'!$A:$C,3,FALSE) -> 182 | H13: =VLOOKUP(B13,'Base Cobertura'!$A:$C,2,FALSE) -> 105 | I13: =(+G13*$M$2)-H13 -> 49.7 | J13: re bien | K13: muy bien
F14: =+SUM(F1:F13) -> 381 | G14: =+SUM(G1:G13) -> 2023 | H14: =+SUM(H1:H13) -> 1259 | J14: bien | K14: muy bien
A15: CRISTIAN (SUPERVISOR) | B15: 31 | C15: =+AVANCE!B21 -> 31 - RENZO RAMOS | D15: =H15/G15 -> 0.65680473 | E15: 90 | F15: =+H15-E15 -> 21 | G15: =VLOOKUP(B15,'Base Cobertura'!$A:$C,3,FALSE) -> 169 | H15: =VLOOKUP(B15,'Base Cobertura'!$A:$C,2,FALSE) -> 111 | I15: =(+G15*$M$2)-H15 -> 32.65 | J15: bien | K15: bien
B16: 54 | C16: =+AVANCE!B23 -> 54 - BARTSCHAT EMILIANO NAHUEL | D16: =H16/G16 -> 0.59313725 | E16: 92 | F16: =+H16-E16 -> 29 | G16: =VLOOKUP(B16,'Base Cobertura'!$A:$C,3,FALSE) -> 204 | H16: =VLOOKUP(B16,'Base Cobertura'!$A:$C,2,FALSE) -> 121 | I16: =(+G16*$M$2)-H16 -> 52.4 | J16: bien | K16: chaca
B17: 21 | C17: =+AVANCE!B19 -> 21 - CATAN MATIAS | D17: =H17/G17 -> 0.71686747 | E17: 88 | F17: =+H17-E17 -> 31 | G17: =VLOOKUP(B17,'Base Cobertura'!$A:$C,3,FALSE) -> 166 | H17: =VLOOKUP(B17,'Base Cobertura'!$A:$C,2,FALSE) -> 119 | I17: =(+G17*$M$2)-H17 -> 22.1 | J17: apretarlo | K17: bien
B18: 23 | C18: =+AVANCE!B20 -> 23 - DELGADO JOSÉ | D18: =H18/G18 -> 0.70700637 | E18: 95 | F18: =+H18-E18 -> 16 | G18: =VLOOKUP(B18,'Base Cobertura'!$A:$C,3,FALSE) -> 157 | H18: =VLOOKUP(B18,'Base Cobertura'!$A:$C,2,FALSE) -> 111 | I18: =(+G18*$M$2)-H18 -> 22.45 | J18: apretarlo | K18: muy bien
B19: 18 | C19: =+AVANCE!B18 -> 18 - HERRERA PABLO | D19: =H19/G19 -> 0.65745856 | E19: 83 | F19: =+H19-E19 -> 36 | G19: =VLOOKUP(B19,'Base Cobertura'!$A:$C,3,FALSE) -> 181 | H19: =VLOOKUP(B19,'Base Cobertura'!$A:$C,2,FALSE) -> 119 | I19: =(+G19*$M$2)-H19 -> 34.85 | J19: bien | K19: bien
B20: 44 | C20: =+AVANCE!B22 -> 44 - MONGES CESAR LUIS | D20: =H20/G20 -> 0.66081871 | E20: 64 | F20: =+H20-E20 -> 49 | G20: =VLOOKUP(B20,'Base Cobertura'!$A:$C,3,FALSE) -> 171 | H20: =VLOOKUP(B20,'Base Cobertura'!$A:$C,2,FALSE) -> 113 | I20: =(+G20*$M$2)-H20 -> 32.35 | J20: apretarlo | K20: muy bien
B21: 2 | C21: =+AVANCE!B16 -> 2 - OJEDA NORBERTO | D21: =H21/G21 -> 0.65 | E21: 70 | F21: =+H21-E21 -> 8 | G21: =VLOOKUP(B21,'Base Cobertura'!$A:$C,3,FALSE) -> 120 | H21: =VLOOKUP(B21,'Base Cobertura'!$A:$C,2,FALSE) -> 78 | I21: =(+G21*$M$2)-H21 -> 24 | J21: apretarlo | K21: apretar
B22: 3 | C22: =+AVANCE!B17 -> 3 - VIDAL NAHUEL | D22: =H22/G22 -> 0.69186047 | E22: 79 | F22: =+H22-E22 -> 40 | G22: =VLOOKUP(B22,'Base Cobertura'!$A:$C,3,FALSE) -> 172 | H22: =VLOOKUP(B22,'Base Cobertura'!$A:$C,2,FALSE) -> 119 | I22: =(+G22*$M$2)-H22 -> 27.2 | J22: abrazo | K22: muy bien
F23: =+SUM(F15:F22) -> 230 | G23: =+SUM(G15:G22) -> 1340 | H23: =+SUM(H15:H22) -> 891
A24: GONZALO (SUPERVISOR) | B24: 32 | C24: =+AVANCE!B25 -> 32 - CABRAL GONZALO | D24: =H24/G24 -> 0.46551724 | E24: 20 | F24: =+H24-E24 -> 7 | G24: =VLOOKUP(B24,'Base Cobertura'!$A:$C,3,FALSE) -> 58 | H24: =VLOOKUP(B24,'Base Cobertura'!$A:$C,2,FALSE) -> 27 | I24: =(+G24*$M$2)-H24 -> 22.3 | J24: bien | K24: apretar
B25: 36 | C25: =+AVANCE!B26 -> 36 - COSARINSKI DIEGO | D25: =H25/G25 -> 0.625 | E25: 68 | F25: =+H25-E25 -> 32 | G25: =VLOOKUP(B25,'Base Cobertura'!$A:$C,3,FALSE) -> 160 | H25: =VLOOKUP(B25,'Base Cobertura'!$A:$C,2,FALSE) -> 100 | I25: =(+G25*$M$2)-H25 -> 36 | J25: apretarlo | K25: apretar
B26: 9 | C26: =+AVANCE!B27 -> 9 - ESTIGARRIBIA DAVID | D26: =H26/G26 -> 0.71974522 | E26: 80 | F26: =+H26-E26 -> 33 | G26: =VLOOKUP(B26,'Base Cobertura'!$A:$C,3,FALSE) -> 157 | H26: =VLOOKUP(B26,'Base Cobertura'!$A:$C,2,FALSE) -> 113 | I26: =(+G26*$M$2)-H26 -> 20.45 | J26: apretarlo | K26: bien
B27: 40 | C27: =+AVANCE!B28 -> 40 - IBARROLA JORGE | D27: =H27/G27 -> 0.44444444 | E27: 68 | F27: =+H27-E27 -> 32 | G27: =VLOOKUP(B27,'Base Cobertura'!$A:$C,3,FALSE) -> 225 | H27: =VLOOKUP(B27,'Base Cobertura'!$A:$C,2,FALSE) -> 100 | I27: =(+G27*$M$2)-H27 -> 91.25 | J27: apretarlo | K27: apretar
B28: 27 | C28: =+AVANCE!B29 -> 27 - GOMEZ ADRIÁN | D28: =H28/G28 -> 0.75572519 | E28: 73 | F28: =+H28-E28 -> 26 | G28: =VLOOKUP(B28,'Base Cobertura'!$A:$C,3,FALSE) -> 131 | H28: =VLOOKUP(B28,'Base Cobertura'!$A:$C,2,FALSE) -> 99 | I28: =(+G28*$M$2)-H28 -> 12.35 | J28: bien | K28: apretar
B29: 10 | C29: =+AVANCE!B30 -> 10 - BRITEZ EMMANUEL | D29: =H29/G29 -> 0.48663102 | E29: 40 | F29: =+H29-E29 -> 51 | G29: =VLOOKUP(B29,'Base Cobertura'!$A:$C,3,FALSE) -> 187 | H29: =VLOOKUP(B29,'Base Cobertura'!$A:$C,2,FALSE) -> 91 | I29: =(+G29*$M$2)-H29 -> 67.95 | J29: apretarlo | K29: apretar
B30: 28 | C30: =+AVANCE!B31 -> 28 - GOMEZ PABLO | D30: =H30/G30 -> 0.55882353 | E30: 67 | F30: =+H30-E30 -> 28 | G30: =VLOOKUP(B30,'Base Cobertura'!$A:$C,3,FALSE) -> 170 | H30: =VLOOKUP(B30,'Base Cobertura'!$A:$C,2,FALSE) -> 95 | I30: =(+G30*$M$2)-H30 -> 49.5 | J30: apretarlo | K30: apretar
B31: 33 | C31: =+AVANCE!B32 -> 33 - NICOLAS AZULA | D31: =H31/G31 -> 0.63905325 | E31: 66 | F31: =+H31-E31 -> 42 | G31: =VLOOKUP(B31,'Base Cobertura'!$A:$C,3,FALSE) -> 169 | H31: =VLOOKUP(B31,'Base Cobertura'!$A:$C,2,FALSE) -> 108 | I31: =(+G31*$M$2)-H31 -> 35.65 | J31: apretarlo | K31: apretar
B32: 37 | C32: =+AVANCE!B33 -> 37 - SALAJ EMILIO | D32: =H32/G32 -> 0.42176871 | E32: 82 | F32: =+H32-E32 -> -20 | G32: =VLOOKUP(B32,'Base Cobertura'!$A:$C,3,FALSE) -> 147 | H32: =VLOOKUP(B32,'Base Cobertura'!$A:$C,2,FALSE) -> 62 | I32: =(+G32*$M$2)-H32 -> 62.95 | J32: bien | K32: apretar
B33: 24 | C33: =+AVANCE!B34 -> 24 - SOLIS EMMANUEL | D33: =H33/G33 -> 0.47849462 | E33: 81 | F33: =+H33-E33 -> 8 | G33: =VLOOKUP(B33,'Base Cobertura'!$A:$C,3,FALSE) -> 186 | H33: =VLOOKUP(B33,'Base Cobertura'!$A:$C,2,FALSE) -> 89 | I33: =(+G33*$M$2)-H33 -> 69.1 | J33: apretarlo | K33: apretar
B34: 7 | C34: =+AVANCE!B35 -> 7 - VALLEJOS EDUARDO | D34: =H34/G34 -> 0.050847458 | E34: 0 | F34: =+H34-E34 -> 6 | G34: =VLOOKUP(B34,'Base Cobertura'!$A:$C,3,FALSE) -> 118 | H34: =VLOOKUP(B34,'Base Cobertura'!$A:$C,2,FALSE) -> 6 | I34: =(+G34*$M$2)-H34 -> 94.3 | J34: apretarlo
B35: 57 | C35: =+AVANCE!B36 -> 57 - FEDERRATH MARTIN | D35: =H35/G35 -> 0.47747748 | E35: 17 | F35: =+H35-E35 -> 36 | G35: =VLOOKUP(B35,'Base Cobertura'!$A:$C,3,FALSE) -> 111 | H35: =VLOOKUP(B35,'Base Cobertura'!$A:$C,2,FALSE) -> 53 | I35: =(+G35*$M$2)-H35 -> 41.35 | J35: verlo
B36: 1 | C36: =+AVANCE!B37 -> 1 - VERA ERNESTO | D36: =H36/G36 -> 0.6779661 | E36: 60 | F36: =+H36-E36 -> 20 | G36: =VLOOKUP(B36,'Base Cobertura'!$A:$C,3,FALSE) -> 118 | H36: =VLOOKUP(B36,'Base Cobertura'!$A:$C,2,FALSE) -> 80 | I36: =(+G36*$M$2)-H36 -> 20.3 | J36: bien | K36: bien
F37: =+SUM(F24:F36) -> 301 | G37: =+SUM(G24:G36) -> 1937 | H37: =+SUM(H24:H36) -> 1023
A38: MAXI (SUPERVISOR) | B38: 58 | C38: =+AVANCE!B39 -> 58 - BLADIMIR LEZCANO | D38: =H38/G38 -> 0.21686747 | E38: 60 | F38: =+H38-E38 -> -42 | G38: =VLOOKUP(B38,'Base Cobertura'!$A:$C,3,FALSE) -> 83 | H38: =VLOOKUP(B38,'Base Cobertura'!$A:$C,2,FALSE) -> 18 | I38: =(+G38*$M$2)-H38 -> 52.55
B39: 59 | C39: =+AVANCE!B40 -> 59 - LEIVA SILVIO | D39: =H39/G39 -> 0.19685039 | E39: 60 | F39: =+H39-E39 -> -35 | G39: =VLOOKUP(B39,'Base Cobertura'!$A:$C,3,FALSE) -> 127 | H39: =VLOOKUP(B39,'Base Cobertura'!$A:$C,2,FALSE) -> 25 | I39: =(+G39*$M$2)-H39 -> 82.95
B40: 49 | C40: =+AVANCE!B41 -> 49 - ESCOBAR RAÚL | D40: =H40/G40 -> 0.31428571 | E40: 60 | F40: =+H40-E40 -> 17 | G40: =VLOOKUP(B40,'Base Cobertura'!$A:$C,3,FALSE) -> 245 | H40: =VLOOKUP(B40,'Base Cobertura'!$A:$C,2,FALSE) -> 77 | I40: =(+G40*$M$2)-H40 -> 131.25
B41: 56 | C41: =+AVANCE!B42 -> 56 - JUAN ANDRES SANCHEZ | D41: =H41/G41 -> 0.27 | E41: 60 | F41: =+H41-E41 -> -6 | G41: =VLOOKUP(B41,'Base Cobertura'!$A:$C,3,FALSE) -> 200 | H41: =VLOOKUP(B41,'Base Cobertura'!$A:$C,2,FALSE) -> 54 | I41: =(+G41*$M$2)-H41 -> 116
B42: 26 | C42: =+AVANCE!B43 -> 26 - PUJOL ERNESTO | D42: =H42/G42 -> 0.37572254 | E42: 60 | F42: =+H42-E42 -> 5 | G42: =VLOOKUP(B42,'Base Cobertura'!$A:$C,3,FALSE) -> 173 | H42: =VLOOKUP(B42,'Base Cobertura'!$A:$C,2,FALSE) -> 65 | I42: =(+G42*$M$2)-H42 -> 82.05
B43: 25 | C43: =+AVANCE!B44 -> 25 - KALATAKI GUSTAVO | D43: =H43/G43 -> 0.28735632 | E43: 60 | F43: =+H43-E43 -> -10 | G43: =VLOOKUP(B43,'Base Cobertura'!$A:$C,3,FALSE) -> 174 | H43: =VLOOKUP(B43,'Base Cobertura'!$A:$C,2,FALSE) -> 50 | I43: =(+G43*$M$2)-H43 -> 97.9
B44: 60 | C44: =+AVANCE!B45 -> 60 - SILVA ADRIAN | D44: =H44/G44 -> 0.43037975 | E44: 61 | F44: =+H44-E44 -> -27 | G44: =VLOOKUP(B44,'Base Cobertura'!$A:$C,3,FALSE) -> 79 | H44: =VLOOKUP(B44,'Base Cobertura'!$A:$C,2,FALSE) -> 34 | I44: =(+G44*$M$2)-H44 -> 33.15
B45: 43 | C45: =+AVANCE!B46 -> 43 - COLHER DIEGO | D45: =H45/G45 -> 0.11827957 | E45: 60 | F45: =+H45-E45 -> -49 | G45: =VLOOKUP(B45,'Base Cobertura'!$A:$C,3,FALSE) -> 93 | H45: =VLOOKUP(B45,'Base Cobertura'!$A:$C,2,FALSE) -> 11 | I45: =(+G45*$M$2)-H45 -> 68.05
G46: =+SUM(G32:G45) -> 3791 | H46: =+SUM(H32:H45) -> 1647 | L46: TOTAL CANALES
A47: LOPEZ ENZO | F47: =+SUM(F37+F23+#REF!) -> #REF! | G47: =+G46+G23+G37+G14 -> 9091 | H47: =+H46+H23+H37+H14 -> 4820 | L47: =+H47/G47 -> 0.5301947

Sheet Venta C
B1: VENDEDOR/ SUPERVISOR | C1: Venta NETA ARTICULOS C
A2: 20 | B2: 20 - FLORES JAVIER | C2: =IFERROR(VLOOKUP(A2,'Base venta C'!$E:$P,12,FALSE),"0")*1 -> 343887.46
A3: 19 | B3: 19 - GONZALEZ MARCELO | C3: =IFERROR(VLOOKUP(A3,'Base venta C'!$E:$P,12,FALSE),"0")*1 -> 365262.82
A4: 16 | B4: 16 - GOMEZ MATÍAS | C4: =IFERROR(VLOOKUP(A4,'Base venta C'!$E:$P,12,FALSE),"0")*1 -> 271002.4
A5: 12 | B5: 12 - GUTIERREZ MARCOS DAVID | C5: =IFERROR(VLOOKUP(A5,'Base venta C'!$E:$P,12,FALSE),"0")*1 -> 284624.48
A6: 11 | B6: 11 - ZACARIAS DAVID | C6: =IFERROR(VLOOKUP(A6,'Base venta C'!$E:$P,12,FALSE),"0")*1 -> 166886.05
A7: 8 | B7: 8 - RAVAROTTO EMANUEL | C7: =IFERROR(VLOOKUP(A7,'Base venta C'!$E:$P,12,FALSE),"0")*1 -> 284846.64
A8: 5 | B8: 5 - SCHELOVER RAUL | C8: =IFERROR(VLOOKUP(A8,'Base venta C'!$E:$P,12,FALSE),"0")*1 -> 322216.7
A9: 4 | B9: 4 - TUR SPRINGER FERNANDO | C9: =IFERROR(VLOOKUP(A9,'Base venta C'!$E:$P,12,FALSE),"0")*1 -> 875228.78
B10: MARTIN (SUPERVISOR) PREVENTA
A11: 22 | B11: 22 - ALMIRON NICOLAS | C11: =IFERROR(VLOOKUP(A11,'Base venta C'!$E:$P,12,FALSE),"0")*1 -> 270784.37
A12: 49 | B12: 49 - ESCOBAR RAÚL | C12: =IFERROR(VLOOKUP(A12,'Base venta C'!$E:$P,12,FALSE),"0")*1 -> 76349.44
A13: 15 | B13: 15 - GALARZA GERARDO | C13: =IFERROR(VLOOKUP(A13,'Base venta C'!$E:$P,12,FALSE),"0")*1 -> 1329007.3
A14: 52 | B14: 52 - MARSALL NICOLAS | C14: =IFERROR(VLOOKUP(A14,'Base venta C'!$E:$P,12,FALSE),"0")*1 -> 155315.73
A15: 53 | B15: 53 - SANDOVAL RODRIGO | C15: =IFERROR(VLOOKUP(A15,'Base venta C'!$E:$P,12,FALSE),"0")*1 -> 833691.44
B16: MARTIN (SUPERVISOR)
A17: 2 | B17: 2 - OJEDA NORBERTO | C17: =IFERROR(VLOOKUP(A17,'Base venta C'!$E:$P,12,FALSE),"0")*1 -> 355809.05
A18: 3 | B18: 3 - VIDAL NAHUEL | C18: =IFERROR(VLOOKUP(A18,'Base venta C'!$E:$P,12,FALSE),"0")*1 -> 461503.95
A19: 18 | B19: 18 - HERRERA PABLO | C19: =IFERROR(VLOOKUP(A19,'Base venta C'!$E:$P,12,FALSE),"0")*1 -> 465462.81
A20: 21 | B20: 21 - CATAN MATIAS | C20: =IFERROR(VLOOKUP(A20,'Base venta C'!$E:$P,12,FALSE),"0")*1 -> 300786.17
A21: 23 | B21: 23 - DELGADO JOSÉ | C21: =IFERROR(VLOOKUP(A21,'Base venta C'!$E:$P,12,FALSE),"0")*1 -> 517438.51
A22: 31 | B22: 31 - BARTSCHAT EMILIANO NAHUEL | C22: =IFERROR(VLOOKUP(A22,'Base venta C'!$E:$P,12,FALSE),"0")*1 -> 346898.23
A23: 44 | B23: 44 - MONGE CÉSAR LUIS | C23: =IFERROR(VLOOKUP(A23,'Base venta C'!$E:$P,12,FALSE),"0")*1 -> 475747.4
A24: 54 | B24: 54 - CAÑETE DIEGO | C24: =IFERROR(VLOOKUP(A24,'Base venta C'!$E:$P,12,FALSE),"0")*1 -> 394891.73
A25: 56 | B25: 56 - JUAN ANDRES SANCHEZ | C25: =IFERROR(VLOOKUP(A25,'Base venta C'!$E:$P,12,FALSE),"0")*1 -> 254599.35
B26: CRISTIAN (SUPERVISOR)
A27: 32 | B27: 32 - BLANCO FERNANDO | C27: =IFERROR(VLOOKUP(A27,'Base venta C'!$E:$P,12,FALSE),"0")*1 -> 357064.39
A28: 36 | B28: 36 - STELLA MARIS CANO | C28: =IFERROR(VLOOKUP(A28,'Base venta C'!$E:$P,12,FALSE),"0")*1 -> 228911.14
A29: 9 | B29: 9 - ESTIGARRIBIA DAVID | C29: =IFERROR(VLOOKUP(A29,'Base venta C'!$E:$P,12,FALSE),"0")*1 -> 449396.93
A30: 40 | B30: 40 - GARCIA BOGARIN SANTIAGO | C30: =IFERROR(VLOOKUP(A30,'Base venta C'!$E:$P,12,FALSE),"0")*1 -> 259074.86
A31: 27 | B31: 27 - GOMEZ ADRIÁN | C31: =IFERROR(VLOOKUP(A31,'Base venta C'!$E:$P,12,FALSE),"0")*1 -> 315929.47
A32: 10 | B32: 10 - SEGOVIA JUAN CRUZ | C32: =IFERROR(VLOOKUP(A32,'Base venta C'!$E:$P,12,FALSE),"0")*1 -> 385757.33
A33: 28 | B33: 28 - GOMEZ PABLO | C33: =IFERROR(VLOOKUP(A33,'Base venta C'!$E:$P,12,FALSE),"0")*1 -> 216785.26
A34: 33 | B34: 33 - NICOLAS AZULA | C34: =IFERROR(VLOOKUP(A34,'Base venta C'!$E:$P,12,FALSE),"0")*1 -> 218111.24
A35: 37 | B35: 37 - PEREZ ESQUIVEL BRUNO NICOLAS | C35: =IFERROR(VLOOKUP(A35,'Base venta C'!$E:$P,12,FALSE),"0")*1 -> 160532.76
A36: 24 | B36: 24 - DELGADO HERNAN GABRIEL | C36: =IFERROR(VLOOKUP(A36,'Base venta C'!$E:$P,12,FALSE),"0")*1 -> 294217.66
A37: 7 | B37: 7 - VALLEJOS EDUARDO | C37: =IFERROR(VLOOKUP(A37,'Base venta C'!$E:$P,12,FALSE),"0")*1 -> 264122.85
A38: 57 | B38: 57 - ZARATE NICOLAS | C38: =IFERROR(VLOOKUP(A38,'Base venta C'!$E:$P,12,FALSE),"0")*1 -> 62179.29
A39: 1 | B39: 1 - VERA ERNESTO | C39: =IFERROR(VLOOKUP(A39,'Base venta C'!$E:$P,12,FALSE),"0")*1 -> 1671221.4
B40: GONZALO (SUPERVISOR)
B41: LOPEZ ENZO

Sheet Base Cobertura
A1: COBERTURAMESENCURSO | F1: COBERTURAUNIDADDENEGOCIO
A2: Nro Vendedor | B2: CCC x Bultos | C2: Cartera Clientes | F2: Nro Vendedor | G2: Agrupacion | H2: CCC x Bultos | I2: Cartera Clientes
B3: 5 | C3: 3623 | G3: 138 - ALMACEN | H3: 3 | I3: 3623
A4: 1 | B4: 80 | C4: 118 | G4: 138 - Articulos Sin Asociar Agrupacion | H4: 1 | I4: 3623
A5: 10 | B5: 91 | C5: 187 | G5: 138 - BEBIDAS | H5: 2 | I5: 3623
A6: 100 | B6: 35 | C6: 2033 | G6: 138 - CHOCOLATE | H6: 2 | I6: 3623
A7: 11 | B7: 111 | C7: 172 | G7: 138 - GALLETITAS | H7: 4 | I7: 3623
A8: 12 | B8: 143 | C8: 213 | G8: 138 - GOLOSINAS | H8: 4 | I8: 3623
A9: 123 | B9: 32 | C9: 490 | G9: 138 - MASCOTAS | H9: 3 | I9: 3623
A10: 15 | B10: 38 | C10: 65 | G10: 138 - NO PERECEDEROS | I10: 3623
A11: 16 | B11: 109 | C11: 200 | G11: 138 - PILAS | I11: 3623
A12: 18 | B12: 119 | C12: 181 | E12: =+F12 -> 1 | F12: 1 | G12: 138 - ALMACEN | H12: 37 | I12: 118
A13: 19 | B13: 154 | C13: 209 | E13: =+$E$12 -> 1 | G13: 138 - Articulos Sin Asociar Agrupacion | H13: 27 | I13: 118
A14: 2 | B14: 78 | C14: 120 | E14: =+$E$12 -> 1 | G14: 138 - BEBIDAS | H14: 40 | I14: 118
A15: 20 | B15: 180 | C15: 228 | E15: =+$E$12 -> 1 | G15: 138 - CHOCOLATE | H15: 28 | I15: 118
A16: 21 | B16: 119 | C16: 166 | E16: =+$E$12 -> 1 | G16: 138 - GALLETITAS | H16: 55 | I16: 118
A17: 22 | B17: 52 | C17: 79 | E17: =+$E$12 -> 1 | G17: 138 - GOLOSINAS | H17: 49 | I17: 118
A18: 23 | B18: 111 | C18: 157 | E18: =+$E$12 -> 1 | G18: 138 - MASCOTAS | H18: 24 | I18: 118
A19: 24 | B19: 89 | C19: 186 | E19: =+$E$12 -> 1 | G19: 138 - NO PERECEDEROS | H19: 28 | I19: 118
A20: 25 | B20: 50 | C20: 174 | E20: =+$E$12 -> 1 | G20: 138 - PILAS | H20: 26 | I20: 118
A21: 26 | B21: 65 | C21: 173 | E21: =+$F$21 -> 10 | F21: 10 | G21: 138 - ALMACEN | H21: 19 | I21: 187
A22: 27 | B22: 99 | C22: 131 | E22: =+$F$21 -> 10 | G22: 138 - Articulos Sin Asociar Agrupacion | H22: 6 | I22: 187
A23: 28 | B23: 95 | C23: 170 | E23: =+$F$21 -> 10 | G23: 138 - BEBIDAS | H23: 36 | I23: 187
A24: 3 | B24: 119 | C24: 172 | E24: =+$F$21 -> 10 | G24: 138 - CHOCOLATE | H24: 25 | I24: 187
A25: 30 | B25: 16 | C25: 122 | E25: =+$F$21 -> 10 | G25: 138 - GALLETITAS | H25: 45 | I25: 187
A26: 31 | B26: 111 | C26: 169 | E26: =+$F$21 -> 10 | G26: 138 - GOLOSINAS | H26: 35 | I26: 187
A27: 32 | B27: 27 | C27: 58 | E27: =+$F$21 -> 10 | G27: 138 - MASCOTAS | H27: 11 | I27: 187
A28: 33 | B28: 108 | C28: 169 | E28: =+$F$21 -> 10 | G28: 138 - NO PERECEDEROS | H28: 11 | I28: 187
A29: 36 | B29: 100 | C29: 160 | E29: =+$F$21 -> 10 | G29: 138 - PILAS | H29: 13 | I29: 187
A30: 37 | B30: 62 | C30: 147 | E30: =+$F$30 -> 100 | F30: 100 | G30: 138 - ALMACEN | H30: 19 | I30: 2033
A31: 4 | B31: 105 | C31: 182 | E31: =+$F$30 -> 100 | G31: 138 - Articulos Sin Asociar Agrupacion | H31: 14 | I31: 2033
A32: 40 | B32: 100 | C32: 225 | E32: =+$F$30 -> 100 | G32: 138 - BEBIDAS | H32: 15 | I32: 2033
A33: 42 | B33: 7 | C33: 52 | E33: =+$F$30 -> 100 | G33: 138 - CHOCOLATE | H33: 7 | I33: 2033
A34: 43 | B34: 11 | C34: 93 | E34: =+$F$30 -> 100 | G34: 138 - GALLETITAS | H34: 23 | I34: 2033
A35: 44 | B35: 113 | C35: 171 | E35: =+$F$30 -> 100 | G35: 138 - GOLOSINAS | H35: 16 | I35: 2033
A36: 49 | B36: 77 | C36: 245 | E36: =+$F$30 -> 100 | G36: 138 - MASCOTAS | H36: 14 | I36: 2033
A37: 5 | B37: 181 | C37: 264 | E37: =+$F$30 -> 100 | G37: 138 - NO PERECEDEROS | H37: 3 | I37: 2033
A38: 52 | B38: 34 | C38: 105 | E38: =+$F$30 -> 100 | G38: 138 - PILAS | H38: 4 | I38: 2033
A39: 53 | B39: 30 | C39: 105 | E39: =+$F$39 -> 11 | F39: 11 | G39: 138 - ALMACEN | H39: 34 | I39: 172
A40: 54 | B40: 121 | C40: 204 | E40: =+$F$39 -> 11 | G40: 138 - Articulos Sin Asociar Agrupacion | H40: 23 | I40: 172
A41: 56 | B41: 54 | C41: 200 | E41: =+$F$39 -> 11 | G41: 138 - BEBIDAS | H41: 56 | I41: 172
A42: 57 | B42: 53 | C42: 111 | E42: =+$F$39 -> 11 | G42: 138 - CHOCOLATE | H42: 23 | I42: 172
A43: 58 | B43: 18 | C43: 83 | E43: =+$F$39 -> 11 | G43: 138 - GALLETITAS | H43: 62 | I43: 172
A44: 59 | B44: 25 | C44: 127 | E44: =+$F$39 -> 11 | G44: 138 - GOLOSINAS | H44: 50 | I44: 172
A45: 60 | B45: 34 | C45: 79 | E45: =+$F$39 -> 11 | G45: 138 - MASCOTAS | H45: 6 | I45: 172
A46: 7 | B46: 6 | C46: 118 | E46: =+$F$39 -> 11 | G46: 138 - NO PERECEDEROS | H46: 15 | I46: 172
A47: 8 | B47: 122 | C47: 201 | E47: =+$F$39 -> 11 | G47: 138 - PILAS | H47: 9 | I47: 172
A48: 9 | B48: 113 | C48: 157 | E48: =+$F$48 -> 12 | F48: 12 | G48: 138 - ALMACEN | H48: 50 | I48: 213
E49: =+$F$48 -> 12 | G49: 138 - Articulos Sin Asociar Agrupacion | H49: 35 | I49: 213
E50: =+$F$48 -> 12 | G50: 138 - BEBIDAS | H50: 39 | I50: 213
E51: =+$F$48 -> 12 | G51: 138 - CHOCOLATE | H51: 41 | I51: 213
E52: =+$F$48 -> 12 | G52: 138 - GALLETITAS | H52: 59 | I52: 213
E53: =+$F$48 -> 12 | G53: 138 - GOLOSINAS | H53: 53 | I53: 213
E54: =+$F$48 -> 12 | G54: 138 - MASCOTAS | H54: 19 | I54: 213
E55: =+$F$48 -> 12 | G55: 138 - NO PERECEDEROS | H55: 22 | I55: 213
E56: =+$F$48 -> 12 | G56: 138 - PILAS | H56: 28 | I56: 213
E57: =+$F$57 -> 123 | F57: 123 | G57: 138 - ALMACEN | H57: 22 | I57: 490
E58: =+$F$57 -> 123 | G58: 138 - Articulos Sin Asociar Agrupacion | H58: 16 | I58: 490
E59: =+$F$57 -> 123 | G59: 138 - BEBIDAS | H59: 18 | I59: 490
E60: =+$F$57 -> 123 | G60: 138 - CHOCOLATE | H60: 3 | I60: 490
E61: =+$F$57 -> 123 | G61: 138 - GALLETITAS | H61: 19 | I61: 490
E62: =+$F$57 -> 123 | G62: 138 - GOLOSINAS | H62: 16 | I62: 490
E63: =+$F$57 -> 123 | G63: 138 - MASCOTAS | H63: 14 | I63: 490
E64: =+$F$57 -> 123 | G64: 138 - NO PERECEDEROS | H64: 9 | I64: 490
E65: =+$F$57 -> 123 | G65: 138 - PILAS | H65: 5 | I65: 490
E66: =+$F$66 -> 15 | F66: 15 | G66: 138 - ALMACEN | H66: 23 | I66: 65
E67: =+$F$66 -> 15 | G67: 138 - Articulos Sin Asociar Agrupacion | H67: 10 | I67: 65
E68: =+$F$66 -> 15 | G68: 138 - BEBIDAS | H68: 13 | I68: 65
E69: =+$F$66 -> 15 | G69: 138 - CHOCOLATE | H69: 13 | I69: 65
E70: =+$F$66 -> 15 | G70: 138 - GALLETITAS | H70: 24 | I70: 65
E71: =+$F$66 -> 15 | G71: 138 - GOLOSINAS | H71: 13 | I71: 65
E72: =+$F$66 -> 15 | G72: 138 - MASCOTAS | H72: 18 | I72: 65
E73: =+$F$66 -> 15 | G73: 138 - NO PERECEDEROS | H73: 5 | I73: 65
E74: =+$F$66 -> 15 | G74: 138 - PILAS | H74: 9 | I74: 65
E75: =+$F$75 -> 16 | F75: 16 | G75: 138 - ALMACEN | H75: 25 | I75: 200
E76: =+$F$75 -> 16 | G76: 138 - Articulos Sin Asociar Agrupacion | H76: 14 | I76: 200
E77: =+$F$75 -> 16 | G77: 138 - BEBIDAS | H77: 46 | I77: 200
E78: =+$F$75 -> 16 | G78: 138 - CHOCOLATE | H78: 18 | I78: 200
E79: =+$F$75 -> 16 | G79: 138 - GALLETITAS | H79: 59 | I79: 200
E80: =+$F$75 -> 16 | G80: 138 - GOLOSINAS | H80: 48 | I80: 200
E81: =+$F$75 -> 16 | G81: 138 - MASCOTAS | H81: 7 | I81: 200
E82: =+$F$75 -> 16 | G82: 138 - NO PERECEDEROS | H82: 19 | I82: 200
E83: =+$F$75 -> 16 | G83: 138 - PILAS | H83: 22 | I83: 200
E84: =+$F$84 -> 18 | F84: 18 | G84: 138 - ALMACEN | H84: 36 | I84: 181
E85: =+$F$84 -> 18 | G85: 138 - Articulos Sin Asociar Agrupacion | H85: 31 | I85: 181
E86: =+$F$84 -> 18 | G86: 138 - BEBIDAS | H86: 37 | I86: 181
E87: =+$F$84 -> 18 | G87: 138 - CHOCOLATE | H87: 27 | I87: 181
E88: =+$F$84 -> 18 | G88: 138 - GALLETITAS | H88: 83 | I88: 181
E89: =+$F$84 -> 18 | G89: 138 - GOLOSINAS | H89: 56 | I89: 181
E90: =+$F$84 -> 18 | G90: 138 - MASCOTAS | H90: 10 | I90: 181
E91: =+$F$84 -> 18 | G91: 138 - NO PERECEDEROS | H91: 21 | I91: 181
E92: =+$F$84 -> 18 | G92: 138 - PILAS | H92: 22 | I92: 181
E93: =+$F$93 -> 19 | F93: 19 | G93: 138 - ALMACEN | H93: 37 | I93: 209
E94: =+$F$93 -> 19 | G94: 138 - Articulos Sin Asociar Agrupacion | H94: 24 | I94: 209
E95: =+$F$93 -> 19 | G95: 138 - BEBIDAS | H95: 72 | I95: 209
E96: =+$F$93 -> 19 | G96: 138 - CHOCOLATE | H96: 33 | I96: 209
E97: =+$F$93 -> 19 | G97: 138 - GALLETITAS | H97: 90 | I97: 209
E98: =+$F$93 -> 19 | G98: 138 - GOLOSINAS | H98: 77 | I98: 209
E99: =+$F$93 -> 19 | G99: 138 - MASCOTAS | H99: 12 | I99: 209
E100: =+$F$93 -> 19 | G100: 138 - NO PERECEDEROS | H100: 32 | I100: 209
...

Sheet Base venta C
A1: Periodos | B1: Cod. Período | C1: Descripción Período | D1: Vendedor según comprobante | E1: Código | F1: Descripción | G1: Rotacion a-b-c | H1: Código | I1: Descripción | J1: P.P.P. Neto | K1: P.P.P. Final | L1: Cantidades CON Cargo | M1: Cantidades SIN Cargo | N1: Cantidades Totales | O1: Pesos Totales | P1: Importes Netos | Q1: Importes Finales | R1: Cantidad de Facturas | S1: Bultos Promedio | T1: Cantidades en Combos
A2: (001) MAR 2026 | B2: 1 | C2: 46082 | D2: Suc: 001 (000001) VERA ERNESTO | E2: 1 | F2: VERA ERNESTO | G2: (1382) ROTACION C INCENTIVO | H2: 1382 | I2: ROTACION C INCENTIVO | J2: 98746.145 | K2: 122432.8 | L2: 14.2607 | M2: 2.6637 | N2: 16.9244 | O2: 0 | P2: 1671221.4 | Q2: 2072104.4 | R2: 128 | S2: 0.13 | T2: 0
A3: (001) MAR 2026 | B3: 1 | C3: 46082 | D3: Suc: 001 (000002) OJEDA NORBERTO | E3: 2 | F3: OJEDA NORBERTO | G3: (1382) ROTACION C INCENTIVO | H3: 1382 | I3: ROTACION C INCENTIVO | J3: 11815.421 | K3: 14554.453 | L3: 25.5498 | M3: 4.5642 | N3: 30.114 | O3: 0 | P3: 355809.05 | Q3: 438292.15 | R3: 73 | S3: 0.41 | T3: 0
A4: (001) MAR 2026 | B4: 1 | C4: 46082 | D4: Suc: 001 (000003) VIDAL NAHUEL | E4: 3 | F4: VIDAL NAHUEL | G4: (1382) ROTACION C INCENTIVO | H4: 1382 | I4: ROTACION C INCENTIVO | J4: 12029.634 | K4: 14825.838 | L4: 27.3731 | M4: 10.9908 | N4: 38.3639 | O4: 0 | P4: 461503.95 | Q4: 568777.28 | R4: 79 | S4: 0.49 | T4: 0
A5: (001) MAR 2026 | B5: 1 | C5: 46082 | D5: Suc: 001 (000004) TUR SPRINGER FERNANDO | E5: 4 | F5: TUR SPRINGER FERNANDO | G5: (1382) ROTACION C INCENTIVO | H5: 1382 | I5: ROTACION C INCENTIVO | J5: 17624.902 | K5: 21774.702 | L5: 44.3529 | M5: 5.3058 | N5: 49.6586 | O5: 0 | P5: 875228.78 | Q5: 1081302.2 | R5: 100 | S5: 0.5 | T5: 0
A6: (001) MAR 2026 | B6: 1 | C6: 46082 | D6: Suc: 001 (000005) SCHELOVER RAUL | E6: 5 | F6: SCHELOVER RAUL | G6: (1382) ROTACION C INCENTIVO | H6: 1382 | I6: ROTACION C INCENTIVO | J6: 26707.909 | K6: 32656.222 | L6: 7.0172 | M6: 5.0472 | N6: 12.0645 | O6: 0 | P6: 322216.7 | Q6: 393979.93 | R6: 70 | S6: 0.17 | T6: 0
A7: (001) MAR 2026 | B7: 1 | C7: 46082 | D7: Suc: 001 (000007) VALLEJOS EDUARDO | E7: 7 | F7: VALLEJOS EDUARDO | G7: (1382) ROTACION C INCENTIVO | H7: 1382 | I7: ROTACION C INCENTIVO | J7: 6772.381 | K7: 8382.717 | L7: 39 | M7: 0 | N7: 39 | O7: 0 | P7: 264122.85 | Q7: 326925.97 | R7: 1 | S7: 39 | T7: 0
A8: (001) MAR 2026 | B8: 1 | C8: 46082 | D8: Suc: 001 (000008) RAVAROTTO EMANUEL | E8: 8 | F8: RAVAROTTO EMANUEL | G8: (1382) ROTACION C INCENTIVO | H8: 1382 | I8: ROTACION C INCENTIVO | J8: 18047.967 | K8: 22290.443 | L8: 8.0508 | M8: 7.7319 | N8: 15.7828 | O8: 0 | P8: 284846.64 | Q8: 351804.59 | R8: 61 | S8: 0.26 | T8: 0
A9: (001) MAR 2026 | B9: 1 | C9: 46082 | D9: Suc: 001 (000009) ESTIGARRIBIA DAVID | E9: 9 | F9: ESTIGARRIBIA DAVID | G9: (1382) ROTACION C INCENTIVO | H9: 1382 | I9: ROTACION C INCENTIVO | J9: 9288.078 | K9: 11426.613 | L9: 40.549 | M9: 7.8353 | N9: 48.3843 | O9: 0 | P9: 449396.93 | Q9: 552868.39 | R9: 85 | S9: 0.57 | T9: 0
A10: (001) MAR 2026 | B10: 1 | C10: 46082 | D10: Suc: 001 (000010) SEGOVIA JUAN CRUZ | E10: 10 | F10: SEGOVIA JUAN CRUZ | G10: (1382) ROTACION C INCENTIVO | H10: 1382 | I10: ROTACION C INCENTIVO | J10: 19423.102 | K10: 23755.08 | L10: 16.26 | M10: 3.6008 | N10: 19.8607 | O10: 0 | P10: 385757.33 | Q10: 471793.64 | R10: 61 | S10: 0.33 | T10: 0
A11: (001) MAR 2026 | B11: 1 | C11: 46082 | D11: Suc: 001 (000011) ZACARIAS DAVID | E11: 11 | F11: ZACARIAS DAVID | G11: (1382) ROTACION C INCENTIVO | H11: 1382 | I11: ROTACION C INCENTIVO | J11: 19880.77 | K11: 24580.662 | L11: 6.225 | M11: 2.1693 | N11: 8.3943 | O11: 0 | P11: 166886.05 | Q11: 206338.57 | R11: 53 | S11: 0.16 | T11: 0
A12: (001) MAR 2026 | B12: 1 | C12: 46082 | D12: Suc: 001 (000012) GUTIERREZ MARCOS DAVID | E12: 12 | F12: GUTIERREZ MARCOS DAVID | G12: (1382) ROTACION C INCENTIVO | H12: 1382 | I12: ROTACION C INCENTIVO | J12: 21003.651 | K12: 25910.202 | L12: 6.2833 | M12: 7.2679 | N12: 13.5512 | O12: 0 | P12: 284624.48 | Q12: 351114.08 | R12: 65 | S12: 0.21 | T12: 0
A13: (001) MAR 2026 | B13: 1 | C13: 46082 | D13: Suc: 001 (000015) GALARZA GERARDO | E13: 15 | F13: GALARZA GERARDO | G13: (1382) ROTACION C INCENTIVO | H13: 1382 | I13: ROTACION C INCENTIVO | J13: 39203.754 | K13: 49427.271 | L13: 33.6667 | M13: 0.2333 | N13: 33.9 | O13: 0 | P13: 1329007.3 | Q13: 1675584.5 | R13: 10 | S13: 3.39 | T13: 0
... A45: (001) MAR 2026 | B45: 1 | C45: 46082 | D45: Suc: 001 (000123) TORRES ROLANDO | E45: 123 | F45: TORRES ROLANDO | G45: (1382) ROTACION C INCENTIVO | H45: 1382 | I45: ROTACION C INCENTIVO | J45: 52587.592 | K45: 64949.011 | L45: 26.325 | M45: 0.1667 | N45: 26.4917 | O45: 0 | P45: 1393132.9 | Q45: 1720607.6 | R45: 13 | S45: 2.04 | T45: 0

Sheet Promedio Horas
A1: Cod | B1: Vendedor | D1: Promedio Mensual
A2: V2 | B2: =+AVANCE!B16 -> 2 - OJEDA NORBERTO | D2: 0.17689545
A3: V3 | B3: =+AVANCE!B17 -> 3 - VIDAL NAHUEL | D3: 0.26885841
A4: V18 | B4: =+AVANCE!B18 -> 18 - HERRERA PABLO | D4: 0.25382793
A5: V21 | B5: =+AVANCE!B19 -> 21 - CATAN MATIAS | D5: 0.26086767
A6: V23 | B6: =+AVANCE!B20 -> 23 - DELGADO JOSÉ | D6: 0.23091397
A7: V31 | B7: =+AVANCE!B21 -> 31 - RENZO RAMOS | D7: 0.26410108
A8: V44 | B8: =+AVANCE!B22 -> 44 - MONGES CESAR LUIS | D8: 0.24712809
A9: V54 | B9: =+AVANCE!B23 -> 54 - BARTSCHAT EMILIANO NAHUEL | D9: 0.23885918
A10: V56 | B10: =+AVANCE!B42 -> 56 - JUAN ANDRES SANCHEZ | D10: 0.12771605
A11: V4 | B11: =+AVANCE!B9 -> 4 - TUR SPRINGER FERNANDO | D11: 0.25248958
A12: V5 | B12: =+AVANCE!B8 -> 5 - SCHELOVER RAUL | D12: 0.29602238
A13: V8 | B13: =+AVANCE!B7 -> 8 - PARRA MAXIMILIANO | D13: 0.2442284
A14: V11 | B14: =+AVANCE!B6 -> 11 - SANCHEZ RICARDO | D14: 0.28296644
A15: V12 | B15: =+AVANCE!B5 -> 12 - GUTIERREZ MARCOS DAVID | D15: 0.24145216
A16: V16 | B16: =+AVANCE!B4 -> 16 - GOMEZ MATÍAS | D16: 0.20970872
A17: V19 | B17: =+AVANCE!B3 -> 19 - GONZALEZ MARCELO | D17: 0.25107562
A18: V20 | B18: =+AVANCE!B2 -> 20 - FLORES JAVIER | D18: 0.28378897
A19: V49 | B19: =+AVANCE!B41 -> 49 - ESCOBAR RAÚL | D19: 0.26686188
A20: V1 | B20: =+AVANCE!B37 -> 1 - VERA ERNESTO | D20: 0.29647724
A21: V9 | B21: =+AVANCE!B27 -> 9 - ESTIGARRIBIA DAVID | D21: 0.24353897
A22: V10 | B22: =+AVANCE!B30 -> 10 - BRITEZ EMMANUEL | D22: 0.23924383
A23: V24 | B23: =+AVANCE!B34 -> 24 - SOLIS EMMANUEL | D23: 0.22634491
A24: V27 | B24: =+AVANCE!B29 -> 27 - GOMEZ ADRIÁN | D24: 0.24776196
A25: V28 | B25: =+AVANCE!B31 -> 28 - GOMEZ PABLO | D25: 0.21435494
A26: V33 | B26: =+AVANCE!B32 -> 33 - NICOLAS AZULA | D26: 0.27032793
A27: V36 | B27: =+AVANCE!B26 -> 36 - COSARINSKI DIEGO | D27: 0.23621142
A28: V37 | B28: =+AVANCE!B33 -> 37 - SALAJ EMILIO | D28: 0.2581902
A29: V40 | B29: =+AVANCE!B28 -> 40 - IBARROLA JORGE | D29: 0.22793248
A30: V52 | B30: =+AVANCE!B13 -> 52 - RAVAROTTO EMANUEL | D30: 0.2342064
A31: V53 | B31: =+AVANCE!B14 -> 53 - SANDOVAL RODRIGO | D31: 0.22565972
A32: V15 | B32: =+AVANCE!B12 -> 15 - GALARZA GERARDO | D32: 0.22561921
A33: V22 | B33: =+AVANCE!B11 -> 22 - ALMIRON NICOLAS | D33: 0.21710224
A34: V7 | B34: =+AVANCE!B35 -> 7 - VALLEJOS EDUARDO | D34: 0.10785648
A35: V32 | B35: =+AVANCE!B25 -> 32 - CABRAL GONZALO | D35: 0.13182137
A36: V57 | B36: =+AVANCE!B36 -> 57 - FEDERRATH MARTIN | D36: 0.17538117

Sheet Venta x Proveedor
A1: Periodos | B1: Código | C1: Descripción | D1: Descripción | E1: Cantidades Totales | F1: Importes Netos
A2: (001) ENE 2026 | B2: 0 | C2: SIN VENDEDOR ASIGNADO | E2: 1919 | F2: 46919362
A3: (001) ENE 2026 | B3: 0 | C3: SIN VENDEDOR ASIGNADO | D3: MASTERFOODS | E3: 1 | F3: 24822.42
A4: (001) ENE 2026 | B4: 1 | C4: VERA ERNESTO | E4: 6 | F4: 37793.64
A5: (001) ENE 2026 | B5: 1 | C5: VERA ERNESTO | D5: ENERGIZER | E5: 40.4806 | F5: 4250769.8
A6: (001) ENE 2026 | B6: 1 | C6: VERA ERNESTO | D6: EST. LAS MARIAS | E6: 133.1917 | F6: 2923447.7
A7: (001) ENE 2026 | B7: 1 | C7: VERA ERNESTO | D7: SUAREZ JORGE LUIS | E7: 5.2417 | F7: 936039.17
A8: (001) ENE 2026 | B8: 1 | C8: VERA ERNESTO | D8: RPB | E8: 628.8333 | F8: 4848055.8
A9: (001) ENE 2026 | B9: 1 | C9: VERA ERNESTO | D9: MAURI | E9: 16.4673 | F9: 262109.93
A10: (001) ENE 2026 | B10: 1 | C10: VERA ERNESTO | D10: DON SATUR | E10: 52.7333 | F10: 895459.08
A11: (001) ENE 2026 | B11: 1 | C11: VERA ERNESTO | D11: LICORES ARG | E11: 2 | F11: 18671.26
A12: (001) ENE 2026 | B12: 1 | C12: VERA ERNESTO | D12: FERRERO | E12: 23.3563 | F12: 2726517.5
A13: (001) ENE 2026 | B13: 1 | C13: VERA ERNESTO | D13: LHERITIER | E13: 6.0417 | F13: 336492.23
A14: (001) ENE 2026 | B14: 1 | C14: VERA ERNESTO | D14: IMP SUDAMERICANA | E14: 0.8467 | F14: 147334.43
A15: (001) ENE 2026 | B15: 1 | C15: VERA ERNESTO | D15: FELFORT | E15: 3.625 | F15: 829501.06
A16: (001) ENE 2026 | B16: 1 | C16: VERA ERNESTO | D16: ARCOR | E16: 58.2127 | F16: 1272173.3
... A30: (001) ENE 2026 | B30: 1 | C30: VERA ERNESTO | D30: LORCA | E30: 0.3333 | F30: 10402
A31: (001) ENE 2026 | B31: 2 | C31: OJEDA NORBERTO | E31: 7.925 | F31: 187180.78
A32: (001) ENE 2026 | B32: 2 | C32: OJEDA NORBERTO | D32: ENERGIZER | E32: 18.9958 | F32: 2552286.2
A33: (001) ENE 2026 | B33: 2 | C33: OJEDA NORBERTO | D33: EST. LAS MARIAS | E33: 66.1111 | F33: 1191432.2
A34: (001) ENE 2026 | B34: 2 | C34: OJEDA NORBERTO | D34: SUAREZ JORGE LUIS | E34: 4.8833 | F34: 1068622.6
A35: (001) ENE 2026 | B35: 2 | C35: OJEDA NORBERTO | D35: RPB | E35: 428.1806 | F35: 3164375.6
A36: (001) ENE 2026 | B36: 2 | C36: OJEDA NORBERTO | D36: MAURI | E36: 10.8333 | F36: 165082.67
A37: (001) ENE 2026 | B37: 2 | C37: OJEDA NORBERTO | D37: DON SATUR | E37: 89.1833 | F37: 1497743.4
A38: (001) ENE 2026 | B38: 2 | C38: OJEDA NORBERTO | D38: LICORES ARG | E38: 0.1667 | F38: 3489.24
A39: (001) ENE 2026 | B39: 2 | C39: OJEDA NORBERTO | D39: FERRERO | E39: 13.852 | F39: 1711067.3
A40: (001) ENE 2026 | B40: 2 | C40: OJEDA NORBERTO | D40: LHERITIER | E40: 1.7708 | F40: 139442.54
A41: (001) ENE 2026 | B41: 2 | C41: OJEDA NORBERTO | D41: IMP SUDAMERICANA | E41: 1.7333 | F41: 226935.37
A42: (001) ENE 2026 | B42: 2 | C42: OJEDA NORBERTO | D42: FELFORT | E42: 0.9167 | F42: 224000.22
A43: (001) ENE 2026 | B43: 2 | C43: OJEDA NORBERTO | D43: ARCOR | E43: 17.3294 | F43: 427306.59
... A57: (001) ENE 2026 | B57: 2 | C57: OJEDA NORBERTO | D57: CRESCINI | E57: 1.5 | F57: 16851.24
A58: (001) ENE 2026 | B58: 3 | C58: VIDAL NAHUEL | E58: 13.4167 | F58: 258607.75
A59: (001) ENE 2026 | B59: 3 | C59: VIDAL NAHUEL | D59: ENERGIZER | E59: 14.05 | F59: 1730161.2
A60: (001) ENE 2026 | B60: 3 | C60: VIDAL NAHUEL | D60: EST. LAS MARIAS | E60: 49.0778 | F60: 703611.83
A61: (001) ENE 2026 | B61: 3 | C61: VIDAL NAHUEL | D61: SUAREZ JORGE LUIS | E61: 1.8375 | F61: 485440.34
A62: (001) ENE 2026 | B62: 3 | C62: VIDAL NAHUEL | D62: RPB | E62: 411.2361 | F62: 3460577.8
A63: (001) ENE 2026 | B63: 3 | C63: VIDAL NAHUEL | D63: MAURI | E63: 23.6964 | F63: 384701.96
A64: (001) ENE 2026 | B64: 3 | C64: VIDAL NAHUEL | D64: DON SATUR | E64: 41.15 | F64: 672930.04
A65: (001) ENE 2026 | B65: 3 | C65: VIDAL NAHUEL | D65: LICORES ARG | E65: 14.1667 | F65: 147061.86
A66: (001) ENE 2026 | B66: 3 | C66: VIDAL NAHUEL | D66: FERRERO | E66: 3.375 | F66: 477425.5
A67: (001) ENE 2026 | B67: 3 | C67: VIDAL NAHUEL | D67: LHERITIER | E67: 1.75 | F67: 113453.95
A68: (001) ENE 2026 | B68: 3 | C68: VIDAL NAHUEL | D68: IMP SUDAMERICANA | E68: 2.2408 | F68: 249581.32
A69: (001) ENE 2026 | B69: 3 | C69: VIDAL NAHUEL | D69: FELFORT | E69: 0.2917 | F69: 68005.33
A70: (001) ENE 2026 | B70: 3 | C70: VIDAL NAHUEL | D70: ARCOR | E70: 40.4726 | F70: 838780.5
... A85: (001) ENE 2026 | B85: 3 | C85: VIDAL NAHUEL | D85: RUBINO | E85: 3 | F85: 29219.31
A86: (001) ENE 2026 | B86: 4 | C86: TUR SPRINGER FERNANDO | E86: 4.7567 | F86: 197640.22
A87: (001) ENE 2026 | B87: 4 | C87: TUR SPRINGER FERNANDO | D87: ENERGIZER | E87: 20.7875 | F87: 2448634.2
A88: (001) ENE 2026 | B88: 4 | C88: TUR SPRINGER FERNANDO | D88: EST. LAS MARIAS | E88: 133.7833 | F88: 2531395.1
A89: (001) ENE 2026 | B89: 4 | C89: TUR SPRINGER FERNANDO | D89: SUAREZ JORGE LUIS | E89: 9.575 | F89: 1311264.6
A90: (001) ENE 2026 | B90: 4 | C90: TUR SPRINGER FERNANDO | D90: RPB | E90: 807.4722 | F90: 6291104.7
A91: (001) ENE 2026 | B91: 4 | C91: TUR SPRINGER FERNANDO | D91: MAURI | E91: 28.3189 | F91: 484301.32
A92: (001) ENE 2026 | B92: 4 | C92: TUR SPRINGER FERNANDO | D92: DON SATUR | E92: 109.1833 | F92: 1822877.2
A93: (001) ENE 2026 | B93: 4 | C93: TUR SPRINGER FERNANDO | D93: LICORES ARG | E93: 21.1667 | F93: 238429.88
A94: (001) ENE 2026 | B94: 4 | C94: TUR SPRINGER FERNANDO | D94: FERRERO | E94: 27.3857 | F94: 3272685.5
A95: (001) ENE 2026 | B95: 4 | C95: TUR SPRINGER FERNANDO | D95: LHERITIER | E95: 4.0625 | F95: 272429.89
A96: (001) ENE 2026 | B96: 4 | C96: TUR SPRINGER FERNANDO | D96: IMP SUDAMERICANA | E96: 1.5767 | F96: 280881.15
A97: (001) ENE 2026 | B97: 4 | C97: TUR SPRINGER FERNANDO | D97: FELFORT | E97: 3.1458 | F97: 662663.32
A98: (001) ENE 2026 | B98: 4 | C98: TUR SPRINGER FERNANDO | D98: ARCOR | E98: 79.5296 | F98: 1660055
... A113: (001) ENE 2026 | B113: 4 | C113: TUR SPRINGER FERNANDO | D113: CRESCINI | E113: 1.5 | F113: 16570.39
A114: (001) ENE 2026 | B114: 5 | C114: SCHELOVER RAUL | E114: 7.875 | F114: 188890.71
A115: (001) ENE 2026 | B115: 5 | C115: SCHELOVER RAUL | D115: ENERGIZER | E115: 16.5069 | F115: 2122046.6
A116: (001) ENE 2026 | B116: 5 | C116: SCHELOVER RAUL | D116: EST. LAS MARIAS | E116: 117.6333 | F116: 1415429.4
A117: (001) ENE 2026 | B117: 5 | C117: SCHELOVER RAUL | D117: SUAREZ JORGE LUIS | E117: 3.2125 | F117: 943264.95
A118: (001) ENE 2026 | B118: 5 | C118: SCHELOVER RAUL | D118: RPB | E118: 729.9167 | F118: 6787093.4
A119: (001) ENE 2026 | B119: 5 | C119: SCHELOVER RAUL | D119: MAURI | E119: 30.5972 | F119: 488777.54
A120: (001) ENE 2026 | B120: 5 | C120: SCHELOVER RAUL | D120: DON SATUR | E120: 78.8667 | F120: 1186460
A121: (001) ENE 2026 | B121: 5 | C121: SCHELOVER RAUL | D121: LICORES ARG | E121: 13.6667 | F121: 148313.65
A122: (001) ENE 2026 | B122: 5 | C122: SCHELOVER RAUL | D122: FERRERO | E122: 14.8762 | F122: 1913616.9
A123: (001) ENE 2026 | B123: 5 | C123: SCHELOVER RAUL | D123: LHERITIER | E123: 14.4958 | F123: 462863.34
A124: (001) ENE 2026 | B124: 5 | C124: SCHELOVER RAUL | D124: IMP SUDAMERICANA | E124: 8.4464 | F124: 1054949.2
A125: (001) ENE 2026 | B125: 5 | C125: SCHELOVER RAUL | D125: FELFORT | E125: 0.9583 | F125: 245707.05
A126: (001) ENE 2026 | B126: 5 | C126: SCHELOVER RAUL | D126: ARCOR | E126: 220.1996 | F126: 4145657.1
... A142: (001) ENE 2026 | B142: 5 | C142: SCHELOVER RAUL | D142: RUBINO | E142: 9 | F142: 85537.19
A143: (001) ENE 2026 | B143: 7 | C143: VALLEJOS EDUARDO | E143: 20 | F143: 670006.65
A144: (001) ENE 2026 | B144: 7 | C144: VALLEJOS EDUARDO | D144: ENERGIZER | E144: 73.25 | F144: 7529701.4
A145: (001) ENE 2026 | B145: 7 | C145: VALLEJOS EDUARDO | D145: SUAREZ JORGE LUIS | E145: 12.75 | F145: 3962839
A146: (001) ENE 2026 | B146: 7 | C146: VALLEJOS EDUARDO | D146: RPB | E146: 938 | F146: 7613961
A147: (001) ENE 2026 | B147: 7 | C147: VALLEJOS EDUARDO | D147: MAURI | E147: 447 | F147: 6743270.2
A148: (001) ENE 2026 | B148: 7 | C148: VALLEJOS EDUARDO | D148: DON SATUR | E148: 105 | F148: 1290973.3
A149: (001) ENE 2026 | B149: 7 | C149: VALLEJOS EDUARDO | D149: FERRERO | E149: 15.7917 | F149: 2212408.2
A150: (001) ENE 2026 | B150: 7 | C150: VALLEJOS EDUARDO | D150: LHERITIER | E150: 108.8 | F150: 3173364.6
A151: (001) ENE 2026 | B151: 7 | C151: VALLEJOS EDUARDO | D151: ARCOR | E151: 162 | F151: 2285470
A152: (001) ENE 2026 | B152: 7 | C152: VALLEJOS EDUARDO | D152: MASTERFOODS | E152: 1628.1667 | F152: 26237010
A153: (001) ENE 2026 | B153: 7 | C153: VALLEJOS EDUARDO | D153: ENERGY GROUP | E153: 435.8333 | F153: 7177837.5
A154: (001) ENE 2026 | B154: 7 | C154: VALLEJOS EDUARDO | D154: NUTRIPET | E154: 29.9167 | F154: 731071.17
A155: (001) ENE 2026 | B155: 7 | C155: VALLEJOS EDUARDO | D155: AGROINDUSTRIA BAIRES | E155: 16 | F155: 3782.7
... A157: (001) ENE 2026 | B157: 7 | C157: VALLEJOS EDUARDO | D157: CRESCINI | E157: 44 | F157: 458915.44
A158: (001) ENE 2026 | B158: 8 | C158: PARRA MAXIMILIANO | E158: 7.8333 | F158: 188775.8
A159: (001) ENE 2026 | B159: 8 | C159: PARRA MAXIMILIANO | D159: ENERGIZER | E159: 13.0586 | F159: 1430191.7
A160: (001) ENE 2026 | B160: 8 | C160: PARRA MAXIMILIANO | D160: EST. LAS MARIAS | E160: 81.6 | F160: 1205840.6
A161: (001) ENE 2026 | B161: 8 | C161: PARRA MAXIMILIANO | D161: SUAREZ JORGE LUIS | E161: 1.625 | F161: 403045.01
A162: (001) ENE 2026 | B162: 8 | C162: PARRA MAXIMILIANO | D162: RPB | E162: 912.75 | F162: 7813187.5
A163: (001) ENE 2026 | B163: 8 | C163: PARRA MAXIMILIANO | D163: MAURI | E163: 25.622 | F163: 388315.54
A164: (001) ENE 2026 | B164: 8 | C164: PARRA MAXIMILIANO | D164: DON SATUR | E164: 41.4833 | F164: 698285.51
A165: (001) ENE 2026 | B165: 8 | C165: PARRA MAXIMILIANO | D165: LICORES ARG | E165: 17 | F165: 161858.46
A166: (001) ENE 2026 | B166: 8 | C166: PARRA MAXIMILIANO | D166: FERRERO | E166: 4.1833 | F166: 468363.74
A167: (001) ENE 2026 | B167: 8 | C167: PARRA MAXIMILIANO | D167: LHERITIER | E167: 4.4583 | F167: 174847.67
A168: (001) ENE 2026 | B168: 8 | C168: PARRA MAXIMILIANO | D168: IMP SUDAMERICANA | E168: 4.2883 | F168: 501336.89
A169: (001) ENE 2026 | B169: 8 | C169: PARRA MAXIMILIANO | D169: FELFORT | E169: 0.4583 | F169: 119841.63
A170: (001) ENE 2026 | B170: 8 | C170: PARRA MAXIMILIANO | D170: ARCOR | E170: 69.6591 | F170: 1344870.8
...

Sheet Historico Enero
A1: VENDEDOR/ SUPERVISOR | B1: OBJETIVO | C1: FACTURACION ACUMULADA | D1: FACTURACION N-1 | E1: FACTURACION DEL DIA | F1: AVANCE VS OBJETIVO | G1: PROYECCION | H1: CUMPLIMIENTO PROYECTADO | I1: MEDIA REAL | J1: MEDIA NECESARIA | K1: COBRO | N1: VENDEDOR/ SUPERVISOR | O1: COBERTURA TOTAL | P1: DIA ANTERIOR | Q1: INCREMENTO DIARIO | R1: CARTERA TOTAL | S1: CCC | T1: CCC FALTANTE 85%
A2: 20 - FLORES JAVIER | B2: 28001295 | C2: 32969064 | D2: 0 | E2: 32969064 | F2: 1.1774121 | G2: 32969064 | H2: 1.1774121 | I2: 1268040.9 | J2: #DIV/0! | K2: 659381.28 | M2: 22 | N2: 22 - ALMIRON NICOLAS | O2: 0.79411765 | P2: 33 | Q2: 21 | R2: 68 | S2: 54 | T2: 3.8
A3: 19 - GONZALEZ MARCELO | B3: 26876745 | C3: 29130365 | D3: 0 | E3: 29130365 | F3: 1.0838502 | G3: 29130365 | H3: 1.0838502 | I3: 1120398.6 | J3: #DIV/0! | K3: 364129.56 | M3: 49 | N3: 49 - ESCOBAR RAÚL | O3: 0.45493562 | P3: 1 | Q3: 105 | R3: 233 | S3: 106 | T3: 92.05
A4: 16 - GOMEZ MATÍAS | B4: 24627645 | C4: 20258834 | D4: 0 | E4: 20258834 | F4: 0.82260539 | G4: 20258834 | H4: 0.82260539 | I4: 779185.91 | J4: #DIV/0! | K4: 0 | M4: 20 | N4: 20 - FLORES JAVIER | O4: 0.91891892 | P4: 126 | Q4: 78 | R4: 222 | S4: 204 | T4: -15.3
A5: 12 - GUTIERREZ MARCOS DAVID | B5: 24627645 | C5: 26537938 | D5: 0 | E5: 26537938 | F5: 1.077567 | G5: 26537938 | H5: 1.077567 | I5: 1020689.9 | J5: #DIV/0! | K5: 331724.23 | M5: 15 | N5: 15 - GALARZA GERARDO | O5: 0.78461538 | P5: 21 | Q5: 30 | R5: 65 | S5: 51 | T5: 4.25
A6: 11 - ZACARIAS DAVID | B6: 20410582 | C6: 17576103 | D6: 0 | E6: 17576103 | F6: 0.86112695 | G6: 17576103 | H6: 0.86112695 | I6: 676003.95 | J6: #DIV/0! | K6: 0 | M6: 19 | N6: 19 - GONZALEZ MARCELO | O6: 0.85784314 | P6: 100 | Q6: 75 | R6: 204 | S6: 175 | T6: -1.6
A7: 8 - RAVAROTTO EMANUEL | B7: 24065370 | C7: 24383409 | D7: 0 | E7: 24383409 | F7: 1.0132156 | G7: 24383409 | H7: 1.0132156 | I7: 937823.42 | J7: #DIV/0! | K7: 243834.09 | M7: 16 | N7: 16 - GOMEZ MATÍAS | O7: 0.87309645 | P7: 81 | Q7: 91 | R7: 197 | S7: 172 | T7: -4.55
A8: 5 - SCHELOVER RAUL | B8: 31082562 | C8: 32899445 | D8: 0 | E8: 32899445 | F8: 1.0584534 | G8: 32899445 | H8: 1.0584534 | I8: 1265363.3 | J8: #DIV/0! | K8: 411243.06 | M8: 12 | N8: 12 - GUTIERREZ MARCOS DAVID | O8: 0.89952153 | P8: 89 | Q8: 99 | R8: 209 | S8: 188 | T8: -10.35
A9: 4 - TUR SPRINGER FERNANDO | B9: 31082562 | C9: 30879202 | D9: 0 | E9: 30879202 | F9: 0.99345741 | G9: 30879202 | H9: 0.99345741 | I9: 1187661.6 | J9: #DIV/0! | K9: 308792.02 | M9: 11 | N9: 11 - ZACARIAS DAVID | O9: 0.90797546 | P9: 92 | Q9: 56 | R9: 163 | S9: 148 | T9: -9.45
A10: MARTIN (SUPERVISOR) PREVENTA | B10: 2.1077441e+08 | C10: 2.1463436e+08 | D10: 0 | E10: 2.1463436e+08 | F10: 1.0183132 | G10: 2.1463436e+08 | H10: 1.0183132 | I10: 8255167.6 | J10: #DIV/0! | M10: 8 | N10: 8 - RAVAROTTO EMANUEL | O10: 0.83243243 | P10: 64 | Q10: 90 | R10: 185 | S10: 154 | T10: 3.25
A11: 22 - ALMIRON NICOLAS | B11: 84120750 | C11: 64387272 | D11: 0 | E11: 64387272 | F11: 0.76541486 | G11: 64387272 | H11: 0.76541486 | I11: 2476433.5 | J11: #DIV/0! | K11: 0 | M11: 52 | N11: 52 - MARSALL NICOLAS | O11: 0.52884615 | P11: 19 | Q11: 36 | R11: 104 | S11: 55 | T11: 33.4
A12: 49 - ESCOBAR RAÚL | B12: 27439020 | C12: 21503764 | D12: 0 | E12: 21503764 | F12: 0.78369285 | G12: 21503764 | H12: 0.78369285 | I12: 827067.84 | J12: #DIV/0! | K12: 0 | M12: 53 | N12: 53 - SANDOVAL RODRIGO | O12: 0.62727273 | P12: 24 | Q12: 45 | R12: 110 | S12: 69 | T12: 24.5
A13: 15 - GALARZA GERARDO | B13: 111352500 | C13: 81948671 | D13: 0 | E13: 81948671 | F13: 0.73593921 | G13: 81948671 | H13: 0.73593921 | I13: 3151872 | J13: #DIV/0! | K13: 0 | M13: 5 | N13: 5 - SCHELOVER RAUL | O13: 0.96484375 | P13: 144 | Q13: 103 | R13: 256 | S13: 247 | T13: -29.4
A14: 52 - MARSALL NICOLAS | B14: 36823500 | C14: 27773182 | D14: 0 | E14: 27773182 | F14: 0.75422438 | G14: 27773182 | H14: 0.75422438 | I14: 1068199.3 | J14: #DIV/0! | K14: 0 | M14: 4 | N14: 4 - TUR SPRINGER FERNANDO | O14: 0.88571429 | P14: 85 | Q14: 70 | R14: 175 | S14: 155 | T14: -6.25
A15: 53 - SANDOVAL RODRIGO | B15: 36823500 | C15: 40412111 | D15: 0 | E15: 40412111 | F15: 1.0974544 | G15: 40412111 | H15: 1.0974544 | I15: 1554312 | J15: #DIV/0! | K15: 606181.66 | N15: MARTIN (SUPERVISOR) | Q15: 899 | R15: 2191 | S15: 1778
A16: MARTIN (SUPERVISOR) | B16: 296559270 | C16: 2.36025e+08 | D16: 0 | E16: 2.36025e+08 | F16: 0.795878 | G16: 2.36025e+08 | H16: 0.795878 | I16: 9077884.6 | J16: #DIV/0! | M16: 31 | N16: 31 - BARTSCHAT EMILIANO NAHUEL | O16: 0.91082803 | P16: 90 | Q16: 53 | R16: 157 | S16: 143 | T16: -9.55
A17: 2 - OJEDA NORBERTO | B17: 25450000 | C17: 16519194 | D17: 0 | E17: 16519194 | F17: 0.64908425 | G17: 16519194 | H17: 0.64908425 | I17: 635353.63 | J17: #DIV/0! | K17: 0 | M17: 54 | N17: 54 - CAÑETE DIEGO | O17: 0.66494845 | P17: 92 | Q17: 37 | R17: 194 | S17: 129 | T17: 35.9
A18: 3 - VIDAL NAHUEL | B18: 22430000 | C18: 14871119 | D18: 0 | E18: 14871119 | F18: 0.66300128 | G18: 14871119 | H18: 0.66300128 | I18: 571966.1 | J18: #DIV/0! | K18: 0 | M18: 21 | N18: 21 - CATAN MATIAS | O18: 0.81097561 | P18: 88 | Q18: 45 | R18: 164 | S18: 133 | T18: 6.4
A19: 18 - HERRERA PABLO | B19: 22430000 | C19: 17383068 | D19: 0 | E19: 17383068 | F19: 0.77499188 | G19: 17383068 | H19: 0.77499188 | I19: 668579.53 | J19: #DIV/0! | K19: 0 | M19: 23 | N19: 23 - DELGADO JOSÉ | O19: 0.91333333 | P19: 95 | Q19: 42 | R19: 150 | S19: 137 | T19: -9.5
A20: 21 - CATAN MATIAS | B20: 29000000 | C20: 24462625 | D20: 0 | E20: 24462625 | F20: 0.84353878 | G20: 24462625 | H20: 0.84353878 | I20: 940870.18 | J20: #DIV/0! | K20: 0 | M20: 18 | N20: 18 - HERRERA PABLO | O20: 0.86046512 | P20: 83 | Q20: 65 | R20: 172 | S20: 148 | T20: -1.8
A21: 23 - DELGADO JOSÉ | B21: 22000000 | C21: 19224921 | D21: 0 | E21: 19224921 | F21: 0.87386003 | G21: 19224921 | H21: 0.87386003 | I21: 739420.02 | J21: #DIV/0! | K21: 0 | M21: 44 | N21: 44 - MONGE CÉSAR LUIS | O21: 0.88505747 | P21: 64 | Q21: 90 | R21: 174 | S21: 154 | T21: -6.1
A22: 31 - BARTSCHAT EMILIANO NAHUEL | B22: 27500000 | C22: 22580286 | D22: 0 | E22: 22580286 | F22: 0.82110133 | G22: 22580286 | H22: 0.82110133 | I22: 868472.56 | J22: #DIV/0! | K22: 0 | M22: 56 | N22: 56 - JUAN ANDRES SANCHEZ | O22: 0.46268657 | P22: 66 | Q22: 27 | R22: 201 | S22: 93 | T22: 77.85
A23: 44 - MONGE CÉSAR LUIS | B23: 23800000 | C23: 18758064 | D23: 0 | E23: 18758064 | F23: 0.78815396 | G23: 18758064 | H23: 0.78815396 | I23: 721464.01 | J23: #DIV/0! | K23: 0 | M23: 2 | N23: 2 - OJEDA NORBERTO | O23: 0.83783784 | P23: 70 | Q23: 54 | R23: 148 | S23: 124 | T23: 1.8
A24: 54 - CAÑETE DIEGO | B24: 28500000 | C24: 25700325 | D24: 0 | E24: 25700325 | F24: 0.9017658 | G24: 25700325 | H24: 0.9017658 | I24: 988474.05 | J24: #DIV/0! | K24: 0 | M24: 3 | N24: 3 - VIDAL NAHUEL | O24: 0.90967742 | P24: 79 | Q24: 62 | R24: 155 | S24: 141 | T24: -9.25
A25: 56 - JUAN ANDRES SANCHEZ | B25: 46900000 | C25: 26132281 | D25: 0 | E25: 26132281 | F25: 0.55719149 | G25: 26132281 | H25: 0.55719149 | I25: 1005087.7 | J25: #DIV/0! | K25: 0 | N25: CRISTIAN (SUPERVISOR) | Q25: 475 | R25: 1515 | S25: 1202
A26: CRISTIAN (SUPERVISOR) | B26: 248010000 | C26: 1.8563188e+08 | D26: 0 | E26: 1.8563188e+08 | F26: 0.74848548 | G26: 1.8563188e+08 | H26: 0.74848548 | I26: 7139687.8 | J26: #DIV/0! | M26: 32 | N26: 32 - BLANCO FERNANDO | O26: 0.83636364 | P26: 20 | Q26: 26 | R26: 55 | S26: 46 | T26: 0.75
A27: 32 - BLANCO FERNANDO | B27: 72908794 | C27: 59705699 | D27: 0 | E27: 59705699 | F27: 0.81890944 | G27: 59705699 | H27: 0.81890944 | I27: 2296373.1 | J27: #DIV/0! | K27: 0 | M27: 36 | N27: 36 - STELLA MARIS CANO | O27: 0.64705882 | P27: 68 | Q27: 31 | R27: 153 | S27: 99 | T27: 31.05
A28: 36 - STELLA MARIS CANO | B28: 20300095 | C28: 7088486.6 | D28: 0 | E28: 7088486.6 | F28: 0.34918489 | G28: 7088486.6 | H28: 0.34918489 | I28: 272634.1 | J28: #DIV/0! | K28: 0 | M28: 9 | N28: 9 - ESTIGARRIBIA DAVID | O28: 0.7114094 | P28: 80 | Q28: 26 | R28: 149 | S28: 106 | T28: 20.65
A29: 9 - ESTIGARRIBIA DAVID | B29: 21701088 | C29: 11524508 | D29: 0 | E29: 11524508 | F29: 0.53105671 | G29: 11524508 | H29: 0.53105671 | I29: 443250.32 | J29: #DIV/0! | K29: 0 | M29: 40 | N29: 40 - GARCIA BOGARIN SANTIAGO | O29: 0.86666667 | P29: 68 | Q29: 140 | R29: 240 | S29: 208 | T29: -4
A30: 40 - GARCIA BOGARIN SANTIAGO | B30: 33166353 | C30: 32454209 | D30: 0 | E30: 32454209 | F30: 0.97852812 | G30: 32454209 | H30: 0.97852812 | I30: 1248238.8 | J30: #DIV/0! | K30: 0 | M30: 27 | N30: 27 - GOMEZ ADRIÁN | O30: 0.87769784 | P30: 73 | Q30: 49 | R30: 139 | S30: 122 | T30: -3.85
A31: 27 - GOMEZ ADRIÁN | B31: 21701088 | C31: 18178589 | D31: 0 | E31: 18178589 | F31: 0.83768098 | G31: 18178589 | H31: 0.83768098 | I31: 699176.48 | J31: #DIV/0! | K31: 0 | M31: 10 | N31: 10 - SEGOVIA JUAN CRUZ | O31: 0.79558011 | P31: 40 | Q31: 104 | R31: 181 | S31: 144 | T31: 9.85
A32: 10 - SEGOVIA JUAN CRUZ | B32: 21701088 | C32: 22255931 | D32: 0 | E32: 22255931 | F32: 1.0255675 | G32: 22255931 | H32: 1.0255675 | I32: 855997.34 | J32: #DIV/0! | K32: 222559.31 | M32: 28 | N32: 28 - GOMEZ PABLO | O32: 0.87150838 | P32: 67 | Q32: 89 | R32: 179 | S32: 156 | T32: -3.85
A33: 28 - GOMEZ PABLO | B33: 20586012 | C33: 21491454 | D33: 0 | E33: 21491454 | F33: 1.0439834 | G33: 21491454 | H33: 1.0439834 | I33: 826594.39 | J33: #DIV/0! | K33: 268643.18 | M33: 33 | N33: 33 - NICOLAS AZULA | O33: 0.57926829 | P33: 66 | Q33: 29 | R33: 164 | S33: 95 | T33: 44.4
A34: 33 - NICOLAS AZULA | B34: 21701088 | C34: 6604694.9 | D34: 0 | E34: 6604694.9 | F34: 0.30434856 | G34: 6604694.9 | H34: 0.30434856 | I34: 254026.73 | J34: #DIV/0! | K34: 0 | M34: 37 | N34: 37 - PEREZ ESQUIVEL BRUNO NICOLAS | O34: 0.69736842 | P34: 82 | Q34: 24 | R34: 152 | S34: 106 | T34: 23.2
A35: 37 - PEREZ ESQUIVEL BRUNO NICOLAS | B35: 20586012 | C35: 10300686 | D35: 0 | E35: 10300686 | F35: 0.50037307 | G35: 10300686 | H35: 0.50037307 | I35: 396180.23 | J35: #DIV/0! | K35: 0 | M35: 24 | N35: 24 - DELGADO HERNAN GABRIEL | O35: 0.82954545 | P35: 81 | Q35: 65 | R35: 176 | S35: 146 | T35: 3.6
A36: 24 - DELGADO HERNAN GABRIEL | B36: 21729680 | C36: 17015925 | D36: 0 | E36: 17015925 | F36: 0.78307297 | G36: 17015925 | H36: 0.78307297 | I36: 654458.65 | J36: #DIV/0! | K36: 0 | M36: 7 | N36: 7 - VALLEJOS EDUARDO | O36: 0.14414414 | P36: 0 | Q36: 16 | R36: 111 | S36: 16 | T36: 78.35
A37: 7 - VALLEJOS EDUARDO | B37: 1.0293006e+08 | C37: 71043541 | D37: 0 | E37: 71043541 | F37: 0.69021178 | G37: 71043541 | H37: 0.69021178 | I37: 2732443.9 | J37: #DIV/0! | K37: 0 | M37: 57 | N37: 57 - ZARATE NICOLAS | O37: 0.5 | P37: 17 | Q37: 35 | R37: 104 | S37: 52 | T37: 36.4
A38: 57 - ZARATE NICOLAS | B38: 29964085 | C38: 34108717 | D38: 0 | E38: 34108717 | F38: 1.13832 | G38: 34108717 | H38: 1.13832 | I38: 1311873.7 | J38: #DIV/0! | K38: 511630.76 | M38: 1 | N38: 1 - VERA ERNESTO | O38: 0.87903226 | P38: 60 | Q38: 49 | R38: 124 | S38: 109 | T38: -3.6
A39: 1 - VERA ERNESTO | B39: 32594519 | C39: 24484653 | D39: 0 | E39: 24484653 | F39: 0.75118927 | G39: 24484653 | H39: 0.75118927 | I39: 941717.43 | J39: #DIV/0! | K39: 0 | N39: NELSON (SUPERVISOR) | Q39: 683 | R39: 1927 | S39: 1405
A40: NELSON (SUPERVISOR) | B40: 4.4156996e+08 | C40: 3.3625709e+08 | D40: 0 | E40: 3.3625709e+08 | F40: 0.76150355 | G40: 3.3625709e+08 | H40: 0.76150355 | I40: 12932965 | J40: #DIV/0! | N40: LOPEZ ENZO | Q40: 2057 | R40: 5633 | S40: 4385
A41: LOPEZ ENZO | B41: 1.1969136e+09 | C41: 9.7254833e+08 | D41: 0 | E41: 9.7254833e+08 | F41: 0.81254679 | G41: 9.7254833e+08 | H41: 0.81254679 | I41: 37405705 | J41: #DIV/0!

Sheet Historico Febrero
A1: VENDEDOR/ SUPERVISOR | B1: OBJETIVO | C1: FACTURACION ACUMULADA | D1: FACTURACION N-1 | E1: FACTURACION DEL DIA | F1: AVANCE VS OBJETIVO | G1: PROYECCION | H1: CUMPLIMIENTO PROYECTADO | I1: MEDIA REAL | J1: MEDIA NECESARIA | K1: COBRO | N1: VENDEDOR/ SUPERVISOR | O1: COBERTURA TOTAL | P1: DIA ANTERIOR | Q1: INCREMENTO DIARIO | R1: CARTERA TOTAL | S1: CCC | T1: CCC FALTANTE 85%
A2: 20 - FLORES JAVIER | B2: 28561321 | C2: 39721296 | D2: 39088386 | E2: 632909.85 | F2: 1.3907374 | G2: 39721296 | H2: 1.3907374 | I2: 1727012.9 | J2: #DIV/0! | K2: 794425.92 | M2: 22 | N2: 22 - ALMIRON NICOLAS | O2: 0.87142857 | P2: 33 | Q2: 28 | R2: 70 | S2: 61 | T2: -1.5
A3: 19 - GONZALEZ MARCELO | B3: 27414280 | C3: 29249180 | D3: 28088898 | E3: 1160282.6 | F3: 1.0669323 | G3: 29249180 | H3: 1.0669323 | I3: 1271703.5 | J3: #DIV/0! | K3: 365614.75 | M3: 49 | N3: 49 - ESCOBAR RAÚL | O3: 0.45064378 | P3: 1 | Q3: 104 | R3: 233 | S3: 105 | T3: 93.05
A4: 16 - GOMEZ MATÍAS | B4: 25120198 | C4: 23167100 | D4: 21799244 | E4: 1367856.5 | F4: 0.92224991 | G4: 23167100 | H4: 0.92224991 | I4: 1007265.2 | J4: #DIV/0! | K4: 0 | M4: 20 | N4: 20 - FLORES JAVIER | O4: 0.94222222 | P4: 126 | Q4: 86 | R4: 225 | S4: 212 | T4: -20.75
A5: 12 - GUTIERREZ MARCOS DAVID | B5: 25120198 | C5: 31630959 | D5: 30307629 | E5: 1323329.4 | F5: 1.2591843 | G5: 31630959 | H5: 1.2591843 | I5: 1375259.1 | J5: #DIV/0! | K5: 632619.18 | M5: 15 | N5: 15 - GALARZA GERARDO | O5: 0.83076923 | P5: 21 | Q5: 33 | R5: 65 | S5: 54 | T5: 1.25
A6: 11 - ZACARIAS DAVID | B6: 20818794 | C6: 15488446 | D6: 15012989 | E6: 475456.5 | F6: 0.74396461 | G6: 15488446 | H6: 0.74396461 | I6: 673410.69 | J6: #DIV/0! | K6: 0 | M6: 19 | N6: 19 - GONZALEZ MARCELO | O6: 0.89756098 | P6: 100 | Q6: 84 | R6: 205 | S6: 184 | T6: -9.75
A7: 8 - RAVAROTTO EMANUEL | B7: 24546677 | C7: 18088953 | D7: 17362470 | E7: 726482.81 | F7: 0.73692064 | G7: 18088953 | H7: 0.73692064 | I7: 786476.22 | J7: #DIV/0! | K7: 0 | M7: 16 | N7: 16 - GOMEZ MATÍAS | O7: 0.9035533 | P7: 81 | Q7: 97 | R7: 197 | S7: 178 | T7: -10.55
A8: 5 - SCHELOVER RAUL | B8: 31704213 | C8: 25692635 | D8: 25203128 | E8: 489506.21 | F8: 0.8103855 | G8: 25692635 | H8: 0.8103855 | I8: 1117071.1 | J8: #DIV/0! | K8: 0 | M8: 12 | N8: 12 - GUTIERREZ MARCOS DAVID | O8: 0.9 | P8: 89 | Q8: 100 | R8: 210 | S8: 189 | T8: -10.5
A9: 4 - TUR SPRINGER FERNANDO | B9: 31704213 | C9: 32620850 | D9: 30865959 | E9: 1754891.8 | F9: 1.0289122 | G9: 32620850 | H9: 1.0289122 | I9: 1418297.8 | J9: #DIV/0! | K9: 326208.5 | M9: 11 | N9: 11 - ZACARIAS DAVID | O9: 0.84146341 | P9: 92 | Q9: 46 | R9: 164 | S9: 138 | T9: 1.4
A10: MARTIN (SUPERVISOR) PREVENTA | B10: 2.1498989e+08 | C10: 2.1565942e+08 | D10: 2.077287e+08 | E10: 7930715.6 | F10: 1.0031142 | G10: 2.1565942e+08 | H10: 1.0031142 | I10: 9376496.5 | J10: #DIV/0! | M10: 8 | N10: 8 - RAVAROTTO EMANUEL | O10: 0.8655914 | P10: 64 | Q10: 97 | R10: 186 | S10: 161 | T10: -2.9
A11: 22 - ALMIRON NICOLAS | B11: 85803165 | C11: 74801914 | D11: 72706629 | E11: 2095285.3 | F11: 0.87178503 | G11: 74801914 | H11: 0.87178503 | I11: 3252257.1 | J11: #DIV/0! | K11: 0 | M11: 52 | N11: 52 - MARSALL NICOLAS | O11: 0.60576923 | P11: 19 | Q11: 44 | R11: 104 | S11: 63 | T11: 25.4
A12: 49 - ESCOBAR RAÚL | B12: 27987800 | C12: 21624276 | D12: 21624276 | E12: 0 | F12: 0.77263221 | G12: 21624276 | H12: 0.77263221 | I12: 940185.91 | J12: #DIV/0! | K12: 0 | M12: 53 | N12: 53 - SANDOVAL RODRIGO | O12: 0.54867257 | P12: 24 | Q12: 38 | R12: 113 | S12: 62 | T12: 34.05
A13: 15 - GALARZA GERARDO | B13: 113579550 | C13: 1.105629e+08 | D13: 1.0102614e+08 | E13: 9536757.5 | F13: 0.9734402 | G13: 1.105629e+08 | H13: 0.9734402 | I13: 4807082.6 | J13: #DIV/0! | K13: 0 | M13: 5 | N13: 5 - SCHELOVER RAUL | O13: 0.875 | P13: 144 | Q13: 80 | R13: 256 | S13: 224 | T13: -6.4
A14: 52 - MARSALL NICOLAS | B14: 37559970 | C14: 25974210 | D14: 25893547 | E14: 80662.059 | F14: 0.69153968 | G14: 25974210 | H14: 0.69153968 | I14: 1129313.5 | J14: #DIV/0! | K14: 0 | M14: 4 | N14: 4 - TUR SPRINGER FERNANDO | O14: 0.9039548 | P14: 85 | Q14: 75 | R14: 177 | S14: 160 | T14: -9.55
A15: 53 - SANDOVAL RODRIGO | B15: 37559970 | C15: 32322953 | D15: 32261497 | E15: 61455.881 | F15: 0.8605692 | G15: 32322953 | H15: 0.8605692 | I15: 1405345.8 | J15: #DIV/0! | K15: 0 | N15: MARTIN (SUPERVISOR) | Q15: 912 | R15: 2205 | S15: 1791
A16: MARTIN (SUPERVISOR) | B16: 3.0249046e+08 | C16: 2.6528625e+08 | D16: 2.5351209e+08 | E16: 11774161 | F16: 0.87700702 | G16: 2.6528625e+08 | H16: 0.87700702 | I16: 11534185 | J16: #DIV/0! | M16: 31 | N16: 31 - BARTSCHAT EMILIANO NAHUEL | O16: 0.85806452 | P16: 90 | Q16: 43 | R16: 155 | S16: 133 | T16: -1.25
A17: 2 - OJEDA NORBERTO | B17: 25959000 | C17: 15605041 | D17: 15500624 | E17: 104417.64 | F17: 0.60114185 | G17: 15605041 | H17: 0.60114185 | I17: 678480.05 | J17: #DIV/0! | K17: 0 | M17: 54 | N17: 54 - CAÑETE DIEGO | O17: 0.82439024 | P17: 92 | Q17: 77 | R17: 205 | S17: 169 | T17: 5.25
A18: 3 - VIDAL NAHUEL | B18: 22878600 | C18: 17851343 | D18: 17014009 | E18: 837333.71 | F18: 0.78026378 | G18: 17851343 | H18: 0.78026378 | I18: 776145.35 | J18: #DIV/0! | K18: 0 | M18: 21 | N18: 21 - CATAN MATIAS | O18: 0.86419753 | P18: 88 | Q18: 52 | R18: 162 | S18: 140 | T18: -2.3
A19: 18 - HERRERA PABLO | B19: 22878600 | C19: 10599983 | D19: 10521738 | E19: 78245.206 | F19: 0.46331431 | G19: 10599983 | H19: 0.46331431 | I19: 460868.82 | J19: #DIV/0! | K19: 0 | M19: 23 | N19: 23 - DELGADO JOSÉ | O19: 0.84210526 | P19: 95 | Q19: 33 | R19: 152 | S19: 128 | T19: 1.2
A20: 21 - CATAN MATIAS | B20: 29580000 | C20: 34177594 | D20: 33008585 | E20: 1169009.1 | F20: 1.1554292 | G20: 34177594 | H20: 1.1554292 | I20: 1485982.4 | J20: #DIV/0! | K20: 683551.89 | M20: 18 | N20: 18 - HERRERA PABLO | O20: 0.73563218 | P20: 83 | Q20: 45 | R20: 174 | S20: 128 | T20: 19.9
A21: 23 - DELGADO JOSÉ | B21: 22440000 | C21: 12127167 | D21: 11481794 | E21: 645373.12 | F21: 0.54042634 | G21: 12127167 | H21: 0.54042634 | I21: 527268.14 | J21: #DIV/0! | K21: 0 | M21: 44 | N21: 44 - MONGES CESAR LUIS | O21: 0.73837209 | P21: 64 | Q21: 63 | R21: 172 | S21: 127 | T21: 19.2
A22: 31 - BARTSCHAT EMILIANO NAHUEL | B22: 28050000 | C22: 33728905 | D22: 33154330 | E22: 574574.98 | F22: 1.2024565 | G22: 33728905 | H22: 1.2024565 | I22: 1466474.1 | J22: #DIV/0! | K22: 674578.09 | M22: 56 | N22: 56 - JUAN ANDRES SANCHEZ | O22: 0.48924731 | P22: 66 | Q22: 25 | R22: 186 | S22: 91 | T22: 67.1
A23: 44 - MONGES CESAR LUIS | B23: 24276000 | C23: 12651685 | D23: 12317875 | E23: 333810.05 | F23: 0.52116021 | G23: 12651685 | H23: 0.52116021 | I23: 550073.27 | J23: #DIV/0! | K23: 0 | M23: 2 | N23: 2 - OJEDA NORBERTO | O23: 0.72340426 | P23: 70 | Q23: 32 | R23: 141 | S23: 102 | T23: 17.85
A24: 54 - CAÑETE DIEGO | B24: 29070000 | C24: 38353471 | D24: 37139381 | E24: 1214089.9 | F24: 1.3193488 | G24: 38353471 | H24: 1.3193488 | I24: 1667542.2 | J24: #DIV/0! | K24: 767069.41 | M24: 3 | N24: 3 - VIDAL NAHUEL | O24: 0.9109589 | P24: 79 | Q24: 54 | R24: 146 | S24: 133 | T24: -8.9
A25: 56 - JUAN ANDRES SANCHEZ | B25: 47838000 | C25: 31318621 | D25: 31103523 | E25: 215097.96 | F25: 0.65468083 | G25: 31318621 | H25: 0.65468083 | I25: 1361679.2 | J25: #DIV/0! | K25: 0 | N25: CRISTIAN (SUPERVISOR) | Q25: 424 | R25: 1493 | S25: 1151
A26: CRISTIAN (SUPERVISOR) | B26: 252970200 | C26: 2.0641381e+08 | D26: 2.0124186e+08 | E26: 5171951.6 | F26: 0.81596097 | G26: 2.0641381e+08 | H26: 0.81596097 | I26: 8974513.5 | J26: #DIV/0! | M26: 32 | N26: 32 - BLANCO FERNANDO | O26: 0.94230769 | P26: 20 | Q26: 29 | R26: 52 | S26: 49 | T26: -4.8
A27: 32 - BLANCO FERNANDO | B27: 74366969 | C27: 43313537 | D27: 41559348 | E27: 1754188.7 | F27: 0.58242977 | G27: 43313537 | H27: 0.58242977 | I27: 1883197.3 | J27: #DIV/0! | K27: 0 | M27: 36 | N27: 36 - GONZALO CABRAL | O27: 0.59872611 | P27: 68 | Q27: 26 | R27: 157 | S27: 94 | T27: 39.45
A28: 36 - GONZALO CABRAL | B28: 20706097 | C28: 6453883.8 | D28: 6050926.8 | E28: 402956.94 | F28: 0.31169001 | G28: 6453883.8 | H28: 0.31169001 | I28: 280603.64 | J28: #DIV/0! | K28: 0 | M28: 9 | N28: 9 - ESTIGARRIBIA DAVID | O28: 0.88513514 | P28: 80 | Q28: 51 | R28: 148 | S28: 131 | T28: -5.2
A29: 9 - ESTIGARRIBIA DAVID | B29: 22135110 | C29: 19608594 | D29: 19175937 | E29: 432656.69 | F29: 0.88585934 | G29: 19608594 | H29: 0.88585934 | I29: 852547.55 | J29: #DIV/0! | K29: 0 | M29: 40 | N29: 40 - GARCIA BOGARIN SANTIAGO | O29: 0.89387755 | P29: 68 | Q29: 151 | R29: 245 | S29: 219 | T29: -10.75
A30: 40 - GARCIA BOGARIN SANTIAGO | B30: 33829680 | C30: 33118969 | D30: 32872547 | E30: 246422.09 | F30: 0.97899149 | G30: 33118969 | H30: 0.97899149 | I30: 1439955.2 | J30: #DIV/0! | K30: 0 | M30: 27 | N30: 27 - GOMEZ ADRIÁN | O30: 0.92413793 | P30: 73 | Q30: 61 | R30: 145 | S30: 134 | T30: -10.75
A31: 27 - GOMEZ ADRIÁN | B31: 22135110 | C31: 19202946 | D31: 18440800 | E31: 762146.16 | F31: 0.86753337 | G31: 19202946 | H31: 0.86753337 | I31: 834910.71 | J31: #DIV/0! | K31: 0 | M31: 10 | N31: 10 - SEGOVIA JUAN CRUZ | O31: 0.85227273 | P31: 40 | Q31: 110 | R31: 176 | S31: 150 | T31: -0.4
A32: 10 - SEGOVIA JUAN CRUZ | B32: 22135110 | C32: 20751172 | D32: 20370057 | E32: 381114.92 | F32: 0.93747771 | G32: 20751172 | H32: 0.93747771 | I32: 902224.87 | J32: #DIV/0! | K32: 0 | M32: 28 | N32: 28 - GOMEZ PABLO | O32: 0.92485549 | P32: 67 | Q32: 93 | R32: 173 | S32: 160 | T32: -12.95
A33: 28 - GOMEZ PABLO | B33: 21997733 | C33: 11626466 | D33: 11510550 | E33: 115916.61 | F33: 0.52853022 | G33: 11626466 | H33: 0.52853022 | I33: 505498.54 | J33: #DIV/0! | K33: 0 | M33: 33 | N33: 33 - NICOLAS AZULA | O33: 0.73170732 | P33: 66 | Q33: 54 | R33: 164 | S33: 120 | T33: 19.4
A34: 33 - NICOLAS AZULA | B34: 21135110 | C34: 8982721 | D34: 8776556 | E34: 206164.92 | F34: 0.42501416 | G34: 8982721 | H34: 0.42501416 | I34: 390553.09 | J34: #DIV/0! | K34: 0 | M34: 37 | N34: 37 - PEREZ ESQUIVEL BRUNO NICOLAS | O34: 0.84671533 | P34: 82 | Q34: 34 | R34: 137 | S34: 116 | T34: 0.45
A35: 37 - PEREZ ESQUIVEL BRUNO NICOLAS | B35: 21343733 | C35: 12183134 | D35: 11763870 | E35: 419264.52 | F35: 0.57080617 | G35: 12183134 | H35: 0.57080617 | I35: 529701.49 | J35: #DIV/0! | K35: 0 | M35: 24 | N35: 24 - DELGADO HERNAN GABRIEL | O35: 0.88690476 | P35: 81 | Q35: 68 | R35: 168 | S35: 149 | T35: -6.2
A36: 24 - DELGADO HERNAN GABRIEL | B36: 22164273 | C36: 19501354 | D36: 19287420 | E36: 213934.31 | F36: 0.87985535 | G36: 19501354 | H36: 0.87985535 | I36: 847884.98 | J36: #DIV/0! | K36: 0 | M36: 7 | N36: 7 - VALLEJOS EDUARDO | O36: 0.12612613 | P36: 0 | Q36: 14 | R36: 111 | S36: 14 | T36: 80.35
A37: 7 - VALLEJOS EDUARDO | B37: 1.0498866e+08 | C37: 66545844 | D37: 60977569 | E37: 5568274.8 | F37: 0.63383838 | G37: 66545844 | H37: 0.63383838 | I37: 2893297.6 | J37: #DIV/0! | K37: 0 | M37: 57 | N37: 57 - ZARATE NICOLAS | O37: 0.57843137 | P37: 17 | Q37: 42 | R37: 102 | S37: 59 | T37: 27.7
A38: 57 - ZARATE NICOLAS | B38: 30563366 | C38: 24829924 | D38: 22201833 | E38: 2628090.9 | F38: 0.81240802 | G38: 24829924 | H38: 0.81240802 | I38: 1079561.9 | J38: #DIV/0! | K38: 0 | M38: 1 | N38: 1 - VERA ERNESTO | O38: 0.824 | P38: 60 | Q38: 43 | R38: 125 | S38: 103 | T38: 3.25
A39: 1 - VERA ERNESTO | B39: 32900001 | C39: 18657991 | D39: 18414644 | E39: 243347.69 | F39: 0.56711219 | G39: 18657991 | H39: 0.56711219 | I39: 811217.02 | J39: #DIV/0! | K39: 0 | N39: NELSON (SUPERVISOR) | Q39: 776 | R39: 1903 | S39: 1498
A40: NELSON (SUPERVISOR) | B40: 4.5040136e+08 | C40: 3.0477654e+08 | D40: 2.9140206e+08 | E40: 13374479 | F40: 0.67667765 | G40: 3.0477654e+08 | H40: 0.67667765 | I40: 13251154 | J40: #DIV/0! | N40: LOPEZ ENZO | Q40: 2112 | R40: 5601 | S40: 4440
A41: LOPEZ ENZO | B41: 1.2208519e+09 | C41: 9.9213602e+08 | D41: 9.5388471e+08 | E41: 38251307 | F41: 0.81265878 | G41: 9.9213602e+08 | H41: 0.81265878 | I41: 43136349 | J41: #DIV/0!
A42: VENDEDOR/ SUPERVISOR | B42: OBJETIVO | C42: FACTURACION ACUMULADA | D42: FACTURACION ACUMULADA | E42: FACTURACION DEL DIA | F42: AVANCE VS OBJETIVO | G42: PROYECCION | H42: CUMPLIMIENTO PROYECTADO | I42: MEDIA REAL | J42: MEDIA NECESARIA | K42: COBRO
A43: 58 - BLADIMIR LEZCANO | B43: 40000000 | C43: 10630405 | D43: 10303829 | E43: 326575.72 | F43: 0.26576013 | G43: 10630405 | H43: 0.26576013 | I43: 462191.53 | J43: #DIV/0! | K43: 0
A44: 59 - LEIVA SILVIO | B44: 30000000 | C44: 3919003.8 | D44: 3713552.9 | E44: 205450.87 | F44: 0.13063346 | G44: 3919003.8 | H44: 0.13063346 | I44: 170391.47 | J44: #DIV/0! | K44: 0

Sheet Historico Marzo
A1: VENDEDOR/ SUPERVISOR | B1: OBJETIVO | C1: FACTURACION ACUMULADA | D1: FACTURACION N-1 | E1: FACTURACION DEL DIA | F1: AVANCE VS OBJETIVO | G1: PROYECCION | H1: CUMPLIMIENTO PROYECTADO | I1: MEDIA REAL | J1: MEDIA NECESARIA | K1: COBRO | N1: VENDEDOR/ SUPERVISOR | O1: COBERTURA TOTAL | P1: DIA ANTERIOR | Q1: INCREMENTO DIARIO | R1: CARTERA TOTAL | S1: CCC | T1: CCC FALTANTE 85%
A2: 20 - FLORES JAVIER | B2: 29846580 | C2: 44992728 | D2: 43196157 | E2: 1796571.4 | F2: 1.5074668 | G2: 44992728 | H2: 1.5074668 | I2: 1799709.1 | J2: #DIV/0! | K2: 899854.56 | M2: 22 | N2: 22 - ALMIRON NICOLAS | O2: 0.87323944 | P2: 33 | Q2: 29 | R2: 71 | S2: 62 | T2: -1.65
A3: 19 - GONZALEZ MARCELO | B3: 28647922 | C3: 31728460 | D3: 29580587 | E3: 2147873 | F3: 1.1075309 | G3: 31728460 | H3: 1.1075309 | I3: 1269138.4 | J3: #DIV/0! | K3: 475926.9 | M3: 49 | N3: 49 - ESCOBAR RAÚL | O3: 0.44491525 | P3: 1 | Q3: 104 | R3: 236 | S3: 105 | T3: 95.6
A4: 16 - GOMEZ MATÍAS | B4: 26250607 | C4: 34522641 | D4: 33182283 | E4: 1340358 | F4: 1.3151178 | G4: 34522641 | H4: 1.3151178 | I4: 1380905.6 | J4: #DIV/0! | K4: 690452.82 | M4: 20 | N4: 20 - FLORES JAVIER | O4: 0.92920354 | P4: 126 | Q4: 84 | R4: 226 | S4: 210 | T4: -17.9
A5: 12 - GUTIERREZ MARCOS DAVID | B5: 26250607 | C5: 32158042 | D5: 31359847 | E5: 798195.39 | F5: 1.2250399 | G5: 32158042 | H5: 1.2250399 | I5: 1286321.7 | J5: #DIV/0! | K5: 643160.84 | M5: 15 | N5: 15 - GALARZA GERARDO | O5: 0.78461538 | P5: 21 | Q5: 30 | R5: 65 | S5: 51 | T5: 4.25
A6: 11 - ZACARIAS DAVID | B6: 21755640 | C6: 21881068 | D6: 20297609 | E6: 1583458.8 | F6: 1.0057653 | G6: 21881068 | H6: 1.0057653 | I6: 875242.71 | J6: #DIV/0! | K6: 218810.68 | M6: 19 | N6: 19 - GONZALEZ MARCELO | O6: 0.85784314 | P6: 100 | Q6: 75 | R6: 204 | S6: 175 | T6: -1.6
A7: 8 - RAVAROTTO EMANUEL | B7: 25651278 | C7: 26031710 | D7: 25004170 | E7: 1027540.7 | F7: 1.0148309 | G7: 26031710 | H7: 1.0148309 | I7: 1041268.4 | J7: #DIV/0! | K7: 260317.1 | M7: 16 | N7: 16 - GOMEZ MATÍAS | O7: 0.91414141 | P7: 81 | Q7: 100 | R7: 198 | S7: 181 | T7: -12.7
A8: 5 - SCHELOVER RAUL | B8: 33130903 | C8: 38828238 | D8: 36984925 | E8: 1843312.9 | F8: 1.1719644 | G8: 38828238 | H8: 1.1719644 | I8: 1553129.5 | J8: #DIV/0! | K8: 776564.77 | M8: 12 | N8: 12 - GUTIERREZ MARCOS DAVID | O8: 0.86729858 | P8: 89 | Q8: 94 | R8: 211 | S8: 183 | T8: -3.65
A9: 4 - TUR SPRINGER FERNANDO | B9: 33130903 | C9: 38657151 | D9: 37691402 | E9: 965749.16 | F9: 1.1668004 | G9: 38657151 | H9: 1.1668004 | I9: 1546286 | J9: #DIV/0! | K9: 773143.02 | M9: 11 | N9: 11 - ZACARIAS DAVID | O9: 0.87058824 | P9: 92 | Q9: 56 | R9: 170 | S9: 148 | T9: -3.5
A10: MARTIN (SUPERVISOR) PREVENTA | B10: 2.2466444e+08 | C10: 2.6880004e+08 | D10: 2.5729698e+08 | E10: 11503059 | F10: 1.1964512 | G10: 2.6880004e+08 | H10: 1.1964512 | I10: 10752002 | J10: #DIV/0! | M10: 8 | N10: 8 - RAVAROTTO EMANUEL | O10: 0.79365079 | P10: 64 | Q10: 86 | R10: 189 | S10: 150 | T10: 10.65
A11: 22 - ALMIRON NICOLAS | B11: 89664307 | C11: 91610853 | D11: 87112278 | E11: 4498575.6 | F11: 1.0217093 | G11: 91610853 | H11: 1.0217093 | I11: 3664434.1 | J11: #DIV/0! | K11: 458054.27 | M11: 52 | N11: 52 - MARSALL NICOLAS | O11: 0.56603774 | P11: 19 | Q11: 41 | R11: 106 | S11: 60 | T11: 30.1
A12: 49 - ESCOBAR RAÚL | B12: 29247251 | C12: 31373238 | D12: 31383571 | E12: -10333.688 | F12: 1.0726901 | G12: 31373238 | H12: 1.0726901 | I12: 1254929.5 | J12: #DIV/0! | K12: 392165.47 | M12: 53 | N12: 53 - SANDOVAL RODRIGO | O12: 0.5840708 | P12: 24 | Q12: 42 | R12: 113 | S12: 66 | T12: 30.05
A13: 15 - GALARZA GERARDO | B13: 1.1869063e+08 | C13: 1.0977717e+08 | D13: 93454147 | E13: 16323022 | F13: 0.92490173 | G13: 1.0977717e+08 | H13: 0.92490173 | I13: 4391086.8 | J13: #DIV/0! | K13: 0 | M13: 5 | N13: 5 - SCHELOVER RAUL | O13: 0.93774319 | P13: 144 | Q13: 97 | R13: 257 | S13: 241 | T13: -22.55
A14: 52 - MARSALL NICOLAS | B14: 39250169 | C14: 27654392 | D14: 26877029 | E14: 777363.34 | F14: 0.70456748 | G14: 27654392 | H14: 0.70456748 | I14: 1106175.7 | J14: #DIV/0! | K14: 0 | M14: 4 | N14: 4 - TUR SPRINGER FERNANDO | O14: 0.8839779 | P14: 85 | Q14: 75 | R14: 181 | S14: 160 | T14: -6.15
A15: 53 - SANDOVAL RODRIGO | B15: 39250169 | C15: 38224313 | D15: 34543336 | E15: 3680977.4 | F15: 0.97386367 | G15: 38224313 | H15: 0.97386367 | I15: 1528972.5 | J15: #DIV/0! | K15: 0 | N15: MARTIN (SUPERVISOR) | Q15: 913 | R15: 2227 | S15: 1792
A16: MARTIN (SUPERVISOR) | B16: 3.1610253e+08 | C16: 2.9863997e+08 | D16: 2.7337036e+08 | E16: 25269605 | F16: 0.94475666 | G16: 2.9863997e+08 | H16: 0.94475666 | I16: 11945599 | J16: #DIV/0! | M16: 31 | N16: 31 - BARTSCHAT EMILIANO NAHUEL | O16: 0.86184211 | P16: 90 | Q16: 41 | R16: 152 | S16: 131 | T16: -1.8
A17: 2 - OJEDA NORBERTO | B17: 27127155 | C17: 28722737 | D17: 27827594 | E17: 895143.25 | F17: 1.0588186 | G17: 28722737 | H17: 1.0588186 | I17: 1148909.5 | J17: #DIV/0! | K17: 359034.22 | M17: 54 | N17: 54 - CAÑETE DIEGO | O17: 0.81 | P17: 92 | Q17: 70 | R17: 200 | S17: 162 | T17: 8
A18: 3 - VIDAL NAHUEL | B18: 23078600 | C18: 23018518 | D18: 21612527 | E18: 1405990.9 | F18: 0.99739665 | G18: 23018518 | H18: 0.99739665 | I18: 920740.73 | J18: #DIV/0! | K18: 230185.18 | M18: 21 | N18: 21 - CATAN MATIAS | O18: 0.8597561 | P18: 88 | Q18: 53 | R18: 164 | S18: 141 | T18: -1.6
A19: 18 - HERRERA PABLO | B19: 23908137 | C19: 24067203 | D19: 22895917 | E19: 1171285.3 | F19: 1.0066532 | G19: 24067203 | H19: 1.0066532 | I19: 962688.11 | J19: #DIV/0! | K19: 240672.03 | M19: 23 | N19: 23 - DELGADO JOSÉ | O19: 0.88888889 | P19: 95 | Q19: 41 | R19: 153 | S19: 136 | T19: -5.95
A20: 21 - CATAN MATIAS | B20: 31020000 | C20: 37294139 | D20: 33765357 | E20: 3528781.8 | F20: 1.2022611 | G20: 37294139 | H20: 1.2022611 | I20: 1491765.5 | J20: #DIV/0! | K20: 745882.77 | M20: 18 | N20: 18 - HERRERA PABLO | O20: 0.88622754 | P20: 83 | Q20: 65 | R20: 167 | S20: 148 | T20: -6.05
A21: 23 - DELGADO JOSÉ | B21: 23540000 | C21: 21299626 | D21: 20077315 | E21: 1222311.5 | F21: 0.90482695 | G21: 21299626 | H21: 0.90482695 | I21: 851985.05 | J21: #DIV/0! | K21: 0 | M21: 44 | N21: 44 - MONGES CESAR LUIS | O21: 0.85714286 | P21: 64 | Q21: 80 | R21: 168 | S21: 144 | T21: -1.2
A22: 31 - BARTSCHAT EMILIANO NAHUEL | B22: 29350800 | C22: 35308922 | D22: 34647670 | E22: 661251.54 | F22: 1.2029969 | G22: 35308922 | H22: 1.2029969 | I22: 1412356.9 | J22: #DIV/0! | K22: 706178.43 | M22: 56 | N22: 56 - JUAN ANDRES SANCHEZ | O22: 0.55440415 | P22: 66 | Q22: 41 | R22: 193 | S22: 107 | T22: 57.05
A23: 44 - MONGES CESAR LUIS | B23: 25368420 | C23: 26777939 | D23: 25902240 | E23: 875699.82 | F23: 1.055562 | G23: 26777939 | H23: 1.055562 | I23: 1071117.6 | J23: #DIV/0! | K23: 334724.24 | M23: 2 | N23: 2 - OJEDA NORBERTO | O23: 0.86111111 | P23: 70 | Q23: 54 | R23: 144 | S23: 124 | T23: -1.6
A24: 54 - CAÑETE DIEGO | B24: 30970000 | C24: 45619297 | D24: 42627281 | E24: 2992016.8 | F24: 1.4730157 | G24: 45619297 | H24: 1.4730157 | I24: 1824771.9 | J24: #DIV/0! | K24: 912385.95 | M24: 3 | N24: 3 - VIDAL NAHUEL | O24: 0.91946309 | P24: 79 | Q24: 58 | R24: 149 | S24: 137 | T24: -10.35
A25: 56 - JUAN ANDRES SANCHEZ | B25: 49990710 | C25: 53077079 | D25: 53077079 | E25: 0 | F25: 1.0617389 | G25: 53077079 | H25: 1.0617389 | I25: 2123083.2 | J25: #DIV/0! | K25: 663463.49 | N25: CRISTIAN (SUPERVISOR) | Q25: 503 | R25: 1490 | S25: 1230
A26: CRISTIAN (SUPERVISOR) | B26: 264353822 | C26: 2.9518546e+08 | D26: 2.8243298e+08 | E26: 12752481 | F26: 1.1166302 | G26: 2.9518546e+08 | H26: 1.1166302 | I26: 11807418 | J26: #DIV/0! | M26: 32 | N26: 32 - BLANCO FERNANDO | O26: 0.87037037 | P26: 20 | Q26: 27 | R26: 54 | S26: 47 | T26: -1.1
A27: 32 - BLANCO FERNANDO | B27: 75800000 | C27: 82043240 | D27: 78542690 | E27: 3500549.9 | F27: 1.0823646 | G27: 82043240 | H27: 1.0823646 | I27: 3281729.6 | J27: #DIV/0! | K27: 615324.3 | M27: 36 | N27: 36 - GONZALO CABRAL | O27: 0.88961039 | P27: 68 | Q27: 69 | R27: 154 | S27: 137 | T27: -6.1
A28: 36 - GONZALO CABRAL | B28: 20000000 | C28: 12939850 | D28: 12423644 | E28: 516206.41 | F28: 0.64699251 | G28: 12939850 | H28: 0.64699251 | I28: 517594.01 | J28: #DIV/0! | K28: 0 | M28: 9 | N28: 9 - ESTIGARRIBIA DAVID | O28: 0.86624204 | P28: 80 | Q28: 56 | R28: 157 | S28: 136 | T28: -2.55
A29: 9 - ESTIGARRIBIA DAVID | B29: 23800000 | C29: 19809269 | D29: 18819845 | E29: 989423.5 | F29: 0.83232222 | G29: 19809269 | H29: 0.83232222 | I29: 792370.75 | J29: #DIV/0! | K29: 0 | M29: 40 | N29: 40 - GARCIA BOGARIN SANTIAGO | O29: 0.88259109 | P29: 68 | Q29: 150 | R29: 247 | S29: 218 | T29: -8.05
A30: 40 - GARCIA BOGARIN SANTIAGO | B30: 35352016 | C30: 35366561 | D30: 33774259 | E30: 1592302 | F30: 1.0004114 | G30: 35366561 | H30: 1.0004114 | I30: 1414662.4 | J30: #DIV/0! | K30: 353665.61 | M30: 27 | N30: 27 - GOMEZ ADRIÁN | O30: 0.89655172 | P30: 73 | Q30: 57 | R30: 145 | S30: 130 | T30: -6.75
A31: 27 - GOMEZ ADRIÁN | B31: 23500000 | C31: 17421400 | D31: 16694856 | E31: 726543.6 | F31: 0.74133615 | G31: 17421400 | H31: 0.74133615 | I31: 696855.98 | J31: #DIV/0! | K31: 0 | M31: 10 | N31: 10 - SEGOVIA JUAN CRUZ | O31: 0.87150838 | P31: 40 | Q31: 116 | R31: 179 | S31: 156 | T31: -3.85
A32: 10 - SEGOVIA JUAN CRUZ | B32: 23800000 | C32: 30410218 | D32: 29155172 | E32: 1255046.2 | F32: 1.2777402 | G32: 30410218 | H32: 1.2777402 | I32: 1216408.7 | J32: #DIV/0! | K32: 608204.36 | M32: 28 | N32: 28 - GOMEZ PABLO | O32: 0.88505747 | P32: 67 | Q32: 87 | R32: 174 | S32: 154 | T32: -6.1
A33: 28 - GOMEZ PABLO | B33: 24500000 | C33: 22241465 | D33: 21301182 | E33: 940283.3 | F33: 0.9078149 | G33: 22241465 | H33: 0.9078149 | I33: 889658.61 | J33: #DIV/0! | K33: 0 | M33: 33 | N33: 33 - NICOLAS AZULA | O33: 0.86826347 | P33: 66 | Q33: 79 | R33: 167 | S33: 145 | T33: -3.05
A34: 33 - NICOLAS AZULA | B34: 20000000 | C34: 11996899 | D34: 11340625 | E34: 656273.51 | F34: 0.59984494 | G34: 11996899 | H34: 0.59984494 | I34: 479875.95 | J34: #DIV/0! | K34: 0 | M34: 37 | N34: 37 - PEREZ ESQUIVEL BRUNO NICOLAS | O34: 0.89208633 | P34: 82 | Q34: 42 | R34: 139 | S34: 124 | T34: -5.85
A35: 37 - PEREZ ESQUIVEL BRUNO NICOLAS | B35: 22800000 | C35: 16045483 | D35: 15458928 | E35: 586555.83 | F35: 0.70374927 | G35: 16045483 | H35: 0.70374927 | I35: 641819.34 | J35: #DIV/0! | K35: 0 | M35: 24 | N35: 24 - DELGADO HERNAN GABRIEL | O35: 0.85057471 | P35: 81 | Q35: 67 | R35: 174 | S35: 148 | T35: -0.1
A36: 24 - DELGADO HERNAN GABRIEL | B36: 24500000 | C36: 24813222 | D36: 24039548 | E36: 773674.28 | F36: 1.0127846 | G36: 24813222 | H36: 1.0127846 | I36: 992528.9 | J36: #DIV/0! | K36: 248132.22 | M36: 7 | N36: 7 - VALLEJOS EDUARDO | O36: 0.22321429 | P36: 0 | Q36: 25 | R36: 112 | S36: 25 | T36: 70.2
A37: 7 - VALLEJOS EDUARDO | B37: 1.0971315e+08 | C37: 1.2140957e+08 | D37: 1.2140957e+08 | E37: 0 | F37: 1.1066091 | G37: 1.2140957e+08 | H37: 1.1066091 | I37: 4856382.8 | J37: #DIV/0! | K37: 1214095.7 | M37: 57 | N37: 57 - ZARATE NICOLAS | O37: 0.62135922 | P37: 17 | Q37: 47 | R37: 103 | S37: 64 | T37: 23.55
A38: 57 - ZARATE NICOLAS | B38: 32904256 | C38: 22457150 | D38: 19451114 | E38: 3006036.2 | F38: 0.68249986 | G38: 22457150 | H38: 0.68249986 | I38: 898286 | J38: #DIV/0! | K38: 0 | M38: 1 | N38: 1 - VERA ERNESTO | O38: 0.91269841 | P38: 60 | Q38: 55 | R38: 126 | S38: 115 | T38: -7.9
A39: 1 - VERA ERNESTO | B39: 34000000 | C39: 37284573 | D39: 36534726 | E39: 749847.38 | F39: 1.0966051 | G39: 37284573 | H39: 1.0966051 | I39: 1491382.9 | J39: #DIV/0! | K39: 559268.6 | N39: NELSON (SUPERVISOR) | Q39: 877 | R39: 1931 | S39: 1599
A40: NELSON (SUPERVISOR) | B40: 4.7066942e+08 | C40: 4.542389e+08 | D40: 4.3894616e+08 | E40: 15292742 | F40: 0.96509116 | G40: 4.542389e+08 | H40: 0.96509116 | I40: 18169556 | J40: #DIV/0! | N40: LOPEZ ENZO | Q40: 2293 | R40: 5648 | S40: 4621
A41: LOPEZ ENZO | B41: 1.2757902e+09 | C41: 1.3168644e+09 | D41: 1.2520465e+09 | E41: 64817887 | F41: 1.032195 | G41: 1.3168644e+09 | H41: 1.032195 | I41: 52674575 | J41: #DIV/0! | M41: 58 | N41: 58 - BLADIMIR LEZCANO | O41: 0.33018868 | P41: 60 | Q41: -25 | R41: 106 | S41: 35 | T41: 55.1
A42: VENDEDOR/ SUPERVISOR | B42: OBJETIVO | C42: FACTURACION ACUMULADA | D42: FACTURACION ACUMULADA | E42: FACTURACION DEL DIA | F42: AVANCE VS OBJETIVO | G42: PROYECCION | H42: CUMPLIMIENTO PROYECTADO | I42: MEDIA REAL | J42: MEDIA NECESARIA | K42: COBRO | M42: 59 | N42: 59 - LEIVA SILVIO | O42: 0.5631068 | P42: 60 | Q42: -2 | R42: 103 | S42: 58 | T42: 29.55
A43: 58 - BLADIMIR LEZCANO | B43: 40000000 | C43: 16160704 | D43: 16160704 | E43: 0 | F43: 0.40401759 | G43: 16160704 | H43: 0.40401759 | I43: 646428.14 | J43: #DIV/0! | K43: 0
A44: 59 - LEIVA SILVIO | B44: 30000000 | C44: 7660108.9 | D44: 7691698.3 | E44: -31589.364 | F44: 0.25533696 | G44: 7660108.9 | H44: 0.25533696 | I44: 306404.36 | J44: #DIV/0! | K44: 0

Sheet Historico Abril
A1: VENDEDOR/ SUPERVISOR | B1: OBJETIVO | C1: FACTURACION ACUMULADA | D1: FACTURACION N-1 | E1: FACTURACION DEL DIA | F1: AVANCE VS OBJETIVO | G1: PROYECCION | H1: CUMPLIMIENTO PROYECTADO | I1: MEDIA REAL | J1: MEDIA NECESARIA | K1: COBRO | N1: VENDEDOR/ SUPERVISOR | O1: COBERTURA TOTAL | P1: DIA ANTERIOR | Q1: INCREMENTO DIARIO | R1: CARTERA TOTAL | S1: CCC | T1: CCC FALTANTE 85%
A2: 20 - FLORES JAVIER | B2: 30741978 | C2: 39818672 | D2: 38382152 | E2: 1436519.1 | F2: 1.2952541 | G2: 39818672 | H2: 1.2952541 | I2: 1659111.3 | J2: #DIV/0! | K2: 796373.43 | M2: 22 | N2: 22 - ALMIRON NICOLAS | O2: 0.88732394 | P2: 33 | Q2: 30 | R2: 71 | S2: 63 | T2: -2.65
A3: 19 - GONZALEZ MARCELO | B3: 29507360 | C3: 34425295 | D3: 32492713 | E3: 1932581.6 | F3: 1.1666681 | G3: 34425295 | H3: 1.1666681 | I3: 1434387.3 | J3: #DIV/0! | K3: 688505.9 | M3: 49 | N3: 49 - ESCOBAR RAÚL | O3: 0.45338983 | P3: 1 | Q3: 106 | R3: 236 | S3: 107 | T3: 93.6
A4: 16 - GOMEZ MATÍAS | B4: 27038125 | C4: 30983086 | D4: 29980997 | E4: 1002089.1 | F4: 1.1459036 | G4: 30983086 | H4: 1.1459036 | I4: 1290961.9 | J4: #DIV/0! | K4: 619661.72 | M4: 20 | N4: 20 - FLORES JAVIER | O4: 0.91517857 | P4: 126 | Q4: 79 | R4: 224 | S4: 205 | T4: -14.6
A5: 12 - GUTIERREZ MARCOS DAVID | B5: 27038125 | C5: 31442511 | D5: 30971582 | E5: 470929.65 | F5: 1.1628954 | G5: 31442511 | H5: 1.1628954 | I5: 1310104.6 | J5: #DIV/0! | K5: 628850.22 | M5: 15 | N5: 15 - GALARZA GERARDO | O5: 0.75384615 | P5: 21 | Q5: 28 | R5: 65 | S5: 49 | T5: 6.25
A6: 11 - ZACARIAS DAVID | B6: 22408309 | C6: 15712938 | D6: 15370351 | E6: 342587.3 | F6: 0.70121033 | G6: 15712938 | H6: 0.70121033 | I6: 654705.74 | J6: #DIV/0! | K6: 0 | M6: 19 | N6: 19 - GONZALEZ MARCELO | O6: 0.87378641 | P6: 100 | Q6: 80 | R6: 206 | S6: 180 | T6: -4.9
A7: 8 - RAVAROTTO EMANUEL | B7: 26420816 | C7: 21037674 | D7: 20409247 | E7: 628426.96 | F7: 0.79625374 | G7: 21037674 | H7: 0.79625374 | I7: 876569.74 | J7: #DIV/0! | K7: 0 | M7: 16 | N7: 16 - GOMEZ MATÍAS | O7: 0.86363636 | P7: 81 | Q7: 90 | R7: 198 | S7: 171 | T7: -2.7
A8: 5 - SCHELOVER RAUL | B8: 34124830 | C8: 36321845 | D8: 34680471 | E8: 1641374.2 | F8: 1.0643817 | G8: 36321845 | H8: 1.0643817 | I8: 1513410.2 | J8: #DIV/0! | K8: 454023.06 | M8: 12 | N8: 12 - GUTIERREZ MARCOS DAVID | O8: 0.88207547 | P8: 89 | Q8: 98 | R8: 212 | S8: 187 | T8: -6.8
A9: 4 - TUR SPRINGER FERNANDO | B9: 34124830 | C9: 39634220 | D9: 38178337 | E9: 1455883.5 | F9: 1.1614481 | G9: 39634220 | H9: 1.1614481 | I9: 1651425.8 | J9: #DIV/0! | K9: 792684.41 | M9: 11 | N9: 11 - ZACARIAS DAVID | O9: 0.86470588 | P9: 92 | Q9: 55 | R9: 170 | S9: 147 | T9: -2.5
A10: MARTIN (SUPERVISOR) PREVENTA | B10: 2.3140437e+08 | C10: 2.4937624e+08 | D10: 2.4046585e+08 | E10: 8910391.5 | F10: 1.0776643 | G10: 2.4937624e+08 | H10: 1.0776643 | I10: 10390677 | J10: #DIV/0! | M10: 8 | N10: 8 - RAVAROTTO EMANUEL | O10: 0.82631579 | P10: 64 | Q10: 93 | R10: 190 | S10: 157 | T10: 4.5
A11: 22 - ALMIRON NICOLAS | B11: 92354237 | C11: 91382684 | D11: 78998182 | E11: 12384502 | F11: 0.98948016 | G11: 91382684 | H11: 0.98948016 | I11: 3807611.9 | J11: #DIV/0! | K11: 0 | M11: 52 | N11: 52 - MARSALL NICOLAS | O11: 0.67676768 | P11: 19 | Q11: 48 | R11: 99 | S11: 67 | T11: 17.15
A12: 49 - ESCOBAR RAÚL | B12: 30124669 | C12: 20951634 | D12: 20951634 | E12: 0 | F12: 0.69549757 | G12: 20951634 | H12: 0.69549757 | I12: 872984.75 | J12: #DIV/0! | K12: 0 | M12: 53 | N12: 53 - SANDOVAL RODRIGO | O12: 0.64150943 | P12: 24 | Q12: 44 | R12: 106 | S12: 68 | T12: 22.1
A13: 15 - GALARZA GERARDO | B13: 1.2225135e+08 | C13: 81078999 | D13: 78531862 | E13: 2547136.3 | F13: 0.66321558 | G13: 81078999 | H13: 0.66321558 | I13: 3378291.6 | J13: #DIV/0! | K13: 0 | M13: 5 | N13: 5 - SCHELOVER RAUL | O13: 0.90310078 | P13: 144 | Q13: 89 | R13: 258 | S13: 233 | T13: -13.7
A14: 52 - MARSALL NICOLAS | B14: 40427674 | C14: 39036663 | D14: 37851538 | E14: 1185125 | F14: 0.96559262 | G14: 39036663 | H14: 0.96559262 | I14: 1626527.6 | J14: #DIV/0! | K14: 0 | M14: 4 | N14: 4 - TUR SPRINGER FERNANDO | O14: 0.92265193 | P14: 85 | Q14: 82 | R14: 181 | S14: 167 | T14: -13.15
A15: 53 - SANDOVAL RODRIGO | B15: 40427674 | C15: 46508429 | D15: 45915996 | E15: 592432.44 | F15: 1.1504107 | G15: 46508429 | H15: 1.1504107 | I15: 1937851.2 | J15: #DIV/0! | K15: 697626.43 | N15: MARTIN (SUPERVISOR) | Q15: 922 | R15: 2216 | S15: 1801
A16: MARTIN (SUPERVISOR) | B16: 3.255856e+08 | C16: 2.7895841e+08 | D16: 2.6224921e+08 | E16: 16709196 | F16: 0.85678976 | G16: 2.7895841e+08 | H16: 0.85678976 | I16: 11623267 | J16: #DIV/0! | M16: 31 | N16: 31 - BARTSCHAT EMILIANO NAHUEL | O16: 0.86928105 | P16: 90 | Q16: 43 | R16: 153 | S16: 133 | T16: -2.95
A17: 2 - OJEDA NORBERTO | B17: 27940970 | C17: 19539555 | D17: 18511482 | E17: 1028072.9 | F17: 0.69931555 | G17: 19539555 | H17: 0.69931555 | I17: 814148.11 | J17: #DIV/0! | K17: 0 | M17: 54 | N17: 54 - CAÑETE DIEGO | O17: 0.80597015 | P17: 92 | Q17: 70 | R17: 201 | S17: 162 | T17: 8.85
A18: 3 - VIDAL NAHUEL | B18: 23770958 | C18: 18010274 | D18: 17637912 | E18: 372362.07 | F18: 0.75765873 | G18: 18010274 | H18: 0.75765873 | I18: 750428.07 | J18: #DIV/0! | K18: 0 | M18: 21 | N18: 21 - CATAN MATIAS | O18: 0.84939759 | P18: 88 | Q18: 53 | R18: 166 | S18: 141 | T18: 0.1
A19: 18 - HERRERA PABLO | B19: 24625381 | C19: 20256321 | D19: 19942353 | E19: 313967.98 | F19: 0.82257898 | G19: 20256321 | H19: 0.82257898 | I19: 844013.37 | J19: #DIV/0! | K19: 0 | M19: 23 | N19: 23 - DELGADO JOSÉ | O19: 0.87898089 | P19: 95 | Q19: 43 | R19: 157 | S19: 138 | T19: -4.55
A20: 21 - CATAN MATIAS | B20: 31950600 | C20: 32603870 | D20: 30464977 | E20: 2138893.2 | F20: 1.0204463 | G20: 32603870 | H20: 1.0204463 | I20: 1358494.6 | J20: #DIV/0! | K20: 326038.7 | M20: 18 | N20: 18 - HERRERA PABLO | O20: 0.86549708 | P20: 83 | Q20: 65 | R20: 171 | S20: 148 | T20: -2.65
A21: 23 - DELGADO JOSÉ | B21: 24246200 | C21: 21254079 | D21: 20863298 | E21: 390780.79 | F21: 0.87659421 | G21: 21254079 | H21: 0.87659421 | I21: 885586.61 | J21: #DIV/0! | K21: 0 | M21: 44 | N21: 44 - MONGES CESAR LUIS | O21: 0.89221557 | P21: 64 | Q21: 85 | R21: 167 | S21: 149 | T21: -7.05
A22: 31 - BARTSCHAT EMILIANO NAHUEL | B22: 30231324 | C22: 28200823 | D22: 27252487 | E22: 948335.57 | F22: 0.93283452 | G22: 28200823 | H22: 0.93283452 | I22: 1175034.3 | J22: #DIV/0! | K22: 0 | M22: 56 | N22: 56 - JUAN ANDRES SANCHEZ | O22: 0.54404145 | P22: 66 | Q22: 39 | R22: 193 | S22: 105 | T22: 59.05
A23: 44 - MONGES CESAR LUIS | B23: 26129473 | C23: 20127158 | D23: 19392228 | E23: 734930.11 | F23: 0.77028565 | G23: 20127158 | H23: 0.77028565 | I23: 838631.57 | J23: #DIV/0! | K23: 0 | M23: 2 | N23: 2 - OJEDA NORBERTO | O23: 0.81884058 | P23: 70 | Q23: 43 | R23: 138 | S23: 113 | T23: 4.3
A24: 54 - CAÑETE DIEGO | B24: 31899100 | C24: 37191738 | D24: 37037499 | E24: 154238.87 | F24: 1.1659181 | G24: 37191738 | H24: 1.1659181 | I24: 1549655.8 | J24: #DIV/0! | K24: 743834.76 | M24: 3 | N24: 3 - VIDAL NAHUEL | O24: 0.88095238 | P24: 79 | Q24: 69 | R24: 168 | S24: 148 | T24: -5.2
A25: 56 - JUAN ANDRES SANCHEZ | B25: 51490431 | C25: 61158236 | D25: 62845721 | E25: -1687485.1 | F25: 1.1877592 | G25: 61158236 | H25: 1.1877592 | I25: 2548259.8 | J25: #DIV/0! | K25: 917373.54 | N25: CRISTIAN (SUPERVISOR) | Q25: 510 | R25: 1514 | S25: 1237
A26: CRISTIAN (SUPERVISOR) | B26: 2.7228444e+08 | C26: 2.5834205e+08 | D26: 2.5394796e+08 | E26: 4394096.3 | F26: 0.94879478 | G26: 2.5834205e+08 | H26: 0.94879478 | I26: 10764252 | J26: #DIV/0! | M26: 32 | N26: 32 - BLANCO FERNANDO | O26: 0.94545455 | P26: 20 | Q26: 32 | R26: 55 | S26: 52 | T26: -5.25
A27: 32 - BLANCO FERNANDO | B27: 78074000 | C27: 77072215 | D27: 75226365 | E27: 1845850 | F27: 0.98716878 | G27: 77072215 | H27: 0.98716878 | I27: 3211342.3 | J27: #DIV/0! | K27: 0 | M27: 36 | N27: 36 - JORGE OSCAR USET | O27: 0.80645161 | P27: 68 | Q27: 57 | R27: 155 | S27: 125 | T27: 6.75
A28: 36 - JORGE OSCAR USET | B28: 21000000 | C28: 9485511.4 | D28: 9320573.8 | E28: 164937.67 | F28: 0.45169102 | G28: 9485511.4 | H28: 0.45169102 | I28: 395229.64 | J28: #DIV/0! | K28: 0 | M28: 9 | N28: 9 - ESTIGARRIBIA DAVID | O28: 0.86163522 | P28: 80 | Q28: 57 | R28: 159 | S28: 137 | T28: -1.85
A29: 9 - ESTIGARRIBIA DAVID | B29: 24514000 | C29: 18129971 | D29: 17592968 | E29: 537003.46 | F29: 0.7395762 | G29: 18129971 | H29: 0.7395762 | I29: 755415.46 | J29: #DIV/0! | K29: 0 | M29: 40 | N29: 40 - GARCIA BOGARIN SANTIAGO | O29: 0.57894737 | P29: 68 | Q29: 75 | R29: 247 | S29: 143 | T29: 66.95
A30: 40 - GARCIA BOGARIN SANTIAGO | B30: 36412576 | C30: 17544544 | D30: 17464455 | E30: 80088.916 | F30: 0.48182648 | G30: 17544544 | H30: 0.48182648 | I30: 731022.65 | J30: #DIV/0! | K30: 0 | M30: 27 | N30: 27 - GOMEZ ADRIÁN | O30: 0.92907801 | P30: 73 | Q30: 58 | R30: 141 | S30: 131 | T30: -11.15
A31: 27 - GOMEZ ADRIÁN | B31: 24205000 | C31: 21583380 | D31: 20925002 | E31: 658377.52 | F31: 0.89169095 | G31: 21583380 | H31: 0.89169095 | I31: 899307.48 | J31: #DIV/0! | K31: 0 | M31: 10 | N31: 10 - CABRAL GONZALO | O31: 0.67777778 | P31: 40 | Q31: 82 | R31: 180 | S31: 122 | T31: 31
A32: 10 - CABRAL GONZALO | B32: 24000000 | C32: 16088796 | D32: 15428149 | E32: 660647.66 | F32: 0.67036652 | G32: 16088796 | H32: 0.67036652 | I32: 670366.52 | J32: #DIV/0! | K32: 0 | M32: 28 | N32: 28 - GOMEZ PABLO | O32: 0.88095238 | P32: 67 | Q32: 81 | R32: 168 | S32: 148 | T32: -5.2
A33: 28 - GOMEZ PABLO | B33: 25235000 | C33: 16147931 | D33: 15774951 | E33: 372980.64 | F33: 0.63990217 | G33: 16147931 | H33: 0.63990217 | I33: 672830.47 | J33: #DIV/0! | K33: 0 | M33: 33 | N33: 33 - NICOLAS AZULA | O33: 0.82941176 | P33: 66 | Q33: 75 | R33: 170 | S33: 141 | T33: 3.5
A34: 33 - NICOLAS AZULA | B34: 21000000 | C34: 10182739 | D34: 9826903 | E34: 355836.17 | F34: 0.48489234 | G34: 10182739 | H34: 0.48489234 | I34: 424280.8 | J34: #DIV/0! | K34: 0 | M34: 37 | N34: 37 - PEREZ ESQUIVEL BRUNO NICOLAS | O34: 0.76595745 | P34: 82 | Q34: 26 | R34: 141 | S34: 108 | T34: 11.85
A35: 37 - PEREZ ESQUIVEL BRUNO NICOLAS | B35: 23484000 | C35: 12199626 | D35: 11962084 | E35: 237541.99 | F35: 0.51948673 | G35: 12199626 | H35: 0.51948673 | I35: 508317.76 | J35: #DIV/0! | K35: 0 | M35: 24 | N35: 24 - MARTINEZ JORGE NICOLAS | O35: 0.74011299 | P35: 81 | Q35: 50 | R35: 177 | S35: 131 | T35: 19.45
A36: 24 - MARTINEZ JORGE NICOLAS | B36: 25235000 | C36: 15341982 | D36: 14125313 | E36: 1216669.2 | F36: 0.6079644 | G36: 15341982 | H36: 0.6079644 | I36: 639249.24 | J36: #DIV/0! | K36: 0 | M36: 7 | N36: 7 - VALLEJOS EDUARDO | O36: 0.10619469 | P36: 0 | Q36: 12 | R36: 113 | S36: 12 | T36: 84.05
A37: 7 - VALLEJOS EDUARDO | B37: 114000000 | C37: 60310074 | D37: 63084633 | E37: -2774558.9 | F37: 0.52903574 | G37: 60310074 | H37: 0.52903574 | I37: 2512919.8 | J37: #DIV/0! | K37: 0 | M37: 57 | N37: 57 - SEGOVIA JUAN CRUZ | O37: 0.25242718 | P37: 17 | Q37: 9 | R37: 103 | S37: 26 | T37: 61.55
A38: 57 - SEGOVIA JUAN CRUZ | B38: 33000000 | C38: 8530829.2 | D38: 8075916.3 | E38: 454912.85 | F38: 0.25850998 | G38: 8530829.2 | H38: 0.25850998 | I38: 355451.22 | J38: #DIV/0! | K38: 0 | M38: 1 | N38: 1 - VERA ERNESTO | O38: 0.88888889 | P38: 60 | Q38: 52 | R38: 126 | S38: 112 | T38: -4.9
A39: 1 - VERA ERNESTO | B39: 34629931 | C39: 30911209 | D39: 29484603 | E39: 1426606.1 | F39: 0.89261537 | G39: 30911209 | H39: 0.89261537 | I39: 1287967 | J39: #DIV/0! | K39: 0 | N39: NELSON (SUPERVISOR) | Q39: 666 | R39: 1935 | S39: 1388
A40: NELSON (SUPERVISOR) | B40: 4.8478951e+08 | C40: 3.1352881e+08 | D40: 3.0829191e+08 | E40: 5236893.2 | F40: 0.64673184 | G40: 3.1352881e+08 | H40: 0.64673184 | I40: 13063700 | J40: #DIV/0! | N40: LOPEZ ENZO | Q40: 2098 | R40: 5665 | S40: 4426
A41: LOPEZ ENZO | B41: 1.3140639e+09 | C41: 1.1002055e+09 | D41: 1.0649549e+09 | E41: 35250577 | F41: 0.83725416 | G41: 1.1002055e+09 | H41: 0.83725416 | I41: 45841896 | J41: #DIV/0! | M41: 58 | N41: 58 - BLADIMIR LEZCANO | O41: 0.33628319 | P41: 60 | Q41: -22 | R41: 113 | S41: 38 | T41: 58.05
A42: VENDEDOR/ SUPERVISOR | B42: OBJETIVO | C42: FACTURACION ACUMULADA | D42: FACTURACION ACUMULADA | E42: FACTURACION DEL DIA | F42: AVANCE VS OBJETIVO | G42: PROYECCION | H42: CUMPLIMIENTO PROYECTADO | I42: MEDIA REAL | J42: MEDIA NECESARIA | K42: COBRO | M42: 59 | N42: 59 - LEIVA SILVIO | O42: 0.56637168 | P42: 60 | Q42: 4 | R42: 113 | S42: 64 | T42: 32.05
A43: 58 - BLADIMIR LEZCANO | B43: 40000000 | C43: 19702265 | D43: 19702265 | E43: 0 | F43: 0.49255662 | G43: 19702265 | H43: 0.49255662 | I43: 820927.71 | J43: #DIV/0! | K43: 0
A44: 59 - LEIVA SILVIO | B44: 30000000 | C44: 7943645.3 | D44: 7943645.3 | E44: 0 | F44: 0.26478818 | G44: 7943645.3 | H44: 0.26478818 | I44: 330985.22 | J44: #DIV/0! | K44: 0

Sheet Historico Mayo
A1: SUPERVISOR | B1: VENDEDOR | C1: OBJETIVO | D1: FACTURACION ACUMULADA | E1: FACTURACION N-1 | F1: FACTURACION DEL DIA | G1: AVANCE VS OBJETIVO | H1: PROYECCION | I1: CUMPLIMIENTO PROYECTADO | J1: MEDIA REAL | K1: MEDIA NECESARIA | L1: COBRO | N1: VENDEDOR | O1: COBERTURA TOTAL | P1: DIA ANTERIOR | Q1: INCREMENTO DIARIO | R1: CARTERA TOTAL | S1: CCC | T1: CCC FALTANTE 85%
A2: MARTIN PREVENTA | B2: 20 - FLORES JAVIER | C2: 30741978 | D2: 45393596 | E2: 44565214 | F2: 828382.54 | G2: 1.4765997 | H2: 45393596 | I2: 1.4765997 | J2: 1891399.8 | K2: #DIV/0! | L2: 907871.93 | M2: 22 | N2: 22 - ALMIRON NICOLAS | O2: 0.84722222 | P2: 33 | Q2: 28 | R2: 72 | S2: 61 | T2: 0.2
B3: 19 - GONZALEZ MARCELO | C3: 29507360 | D3: 35395969 | E3: 34367104 | F3: 1028864.6 | G3: 1.1995641 | H3: 35395969 | I3: 1.1995641 | J3: 1474832 | K3: #DIV/0! | L3: 707919.37 | M3: 49 | N3: 49 - ESCOBAR RAÚL | O3: 0.42259414 | P3: 1 | Q3: 100 | R3: 239 | S3: 101 | T3: 102.15
B4: 16 - GOMEZ MATÍAS | C4: 27038125 | D4: 27694208 | E4: 27411105 | F4: 283103.34 | G4: 1.0242651 | H4: 27694208 | I4: 1.0242651 | J4: 1153925.3 | K4: #DIV/0! | L4: 276942.08 | M4: 20 | N4: 20 - FLORES JAVIER | O4: 0.92920354 | P4: 126 | Q4: 84 | R4: 226 | S4: 210 | T4: -17.9
B5: 12 - GUTIERREZ MARCOS DAVID | C5: 27038125 | D5: 34958253 | E5: 33251965 | F5: 1706287.2 | G5: 1.2929244 | H5: 34958253 | I5: 1.2929244 | J5: 1456593.9 | K5: #DIV/0! | L5: 699165.05 | M5: 15 | N5: 15 - GALARZA GERARDO | O5: 0.81538462 | P5: 21 | Q5: 32 | R5: 65 | S5: 53 | T5: 2.25
B6: 11 - SANCHEZ RICARDO | C6: 22408309 | D6: 17283628 | E6: 16972114 | F6: 311513.82 | G6: 0.77130441 | H6: 17283628 | I6: 0.77130441 | J6: 720151.15 | K6: #DIV/0! | L6: 0 | M6: 19 | N6: 19 - GONZALEZ MARCELO | O6: 0.88405797 | P6: 100 | Q6: 83 | R6: 207 | S6: 183 | T6: -7.05
B7: 8 - RAVAROTTO EMANUEL | C7: 26420816 | D7: 26532043 | E7: 24547361 | F7: 1984682.2 | G7: 1.0042098 | H7: 26532043 | I7: 1.0042098 | J7: 1105501.8 | K7: #DIV/0! | L7: 265320.43 | M7: 16 | N7: 16 - GOMEZ MATÍAS | O7: 0.86363636 | P7: 81 | Q7: 90 | R7: 198 | S7: 171 | T7: -2.7
B8: 5 - SCHELOVER RAUL | C8: 34124830 | D8: 36334955 | E8: 35445412 | F8: 889543.3 | G8: 1.0647659 | H8: 36334955 | I8: 1.0647659 | J8: 1513956.5 | K8: #DIV/0! | L8: 454186.94 | M8: 12 | N8: 12 - GUTIERREZ MARCOS DAVID | O8: 0.85915493 | P8: 89 | Q8: 94 | R8: 213 | S8: 183 | T8: -1.95
B9: 4 - TUR SPRINGER FERNANDO | C9: 34124830 | D9: 40070884 | E9: 39408090 | F9: 662794.52 | G9: 1.1742442 | H9: 40070884 | I9: 1.1742442 | J9: 1669620.2 | K9: #DIV/0! | L9: 801417.69 | M9: 11 | N9: 11 - SANCHEZ RICARDO | O9: 0.74691358 | P9: 92 | Q9: 29 | R9: 162 | S9: 121 | T9: 16.7
C10: 2.3140437e+08 | D10: 2.6366354e+08 | E10: 2.5596836e+08 | F10: 7695171.6 | G10: 1.139406 | H10: 2.6366354e+08 | I10: 1.139406 | J10: 10985981 | K10: #DIV/0! | M10: 8 | N10: 8 - RAVAROTTO EMANUEL | O10: 0.87113402 | P10: 64 | Q10: 105 | R10: 194 | S10: 169 | T10: -4.1
A11: MARTIN | B11: 22 - ALMIRON NICOLAS | C11: 92354237 | D11: 94799867 | E11: 93863435 | F11: 936431.49 | G11: 1.026481 | H11: 94799867 | I11: 1.026481 | J11: 3949994.4 | K11: #DIV/0! | L11: 473999.33 | M11: 52 | N11: 52 - MARSALL NICOLAS | O11: 0.57425743 | P11: 19 | Q11: 39 | R11: 101 | S11: 58 | T11: 27.85
B12: 49 - ESCOBAR RAÚL | C12: 30124669 | D12: 22603164 | E12: 22603164 | F12: 0 | G12: 0.75032073 | H12: 22603164 | I12: 0.75032073 | J12: 941798.49 | K12: #DIV/0! | L12: 0 | M12: 53 | N12: 53 - SANDOVAL RODRIGO | O12: 0.65714286 | P12: 24 | Q12: 45 | R12: 105 | S12: 69 | T12: 20.25
B13: 15 - GALARZA GERARDO | C13: 1.2225135e+08 | D13: 1.4194001e+08 | E13: 1.2730588e+08 | F13: 14634133 | G13: 1.1610507 | H13: 1.4194001e+08 | I13: 1.1610507 | J13: 5914167.1 | K13: #DIV/0! | L13: 1774250.1 | M13: 5 | N13: 5 - SCHELOVER RAUL | O13: 0.90769231 | P13: 144 | Q13: 92 | R13: 260 | S13: 236 | T13: -15
B14: 52 - MARSALL NICOLAS | C14: 40427674 | D14: 45912074 | E14: 45568237 | F14: 343836.59 | G14: 1.1356596 | H14: 45912074 | I14: 1.1356596 | J14: 1913003.1 | K14: #DIV/0! | L14: 688681.11 | M14: 4 | N14: 4 - TUR SPRINGER FERNANDO | O14: 0.87912088 | P14: 85 | Q14: 75 | R14: 182 | S14: 160 | T14: -5.3
B15: 53 - SANDOVAL RODRIGO | C15: 40427674 | D15: 43411568 | E15: 38423939 | F15: 4987629.6 | G15: 1.0738082 | H15: 43411568 | I15: 1.0738082 | J15: 1808815.3 | K15: #DIV/0! | L15: 542644.6 | Q15: 896 | R15: 2224 | S15: 1775
C16: 3.255856e+08 | D16: 3.4866668e+08 | E16: 3.2776465e+08 | F16: 20902030 | G16: 1.070891 | H16: 3.4866668e+08 | I16: 1.070891 | J16: 14527778 | K16: #DIV/0! | M16: 31 | N16: 31 - BARTSCHAT EMILIANO NAHUEL | O16: 0.8757764 | P16: 90 | Q16: 51 | R16: 161 | S16: 141 | T16: -4.15
A17: CRISTIAN | B17: 2 - OJEDA NORBERTO | C17: 27940970 | D17: 23008076 | E17: 21141018 | F17: 1867058.2 | G17: 0.82345301 | H17: 23008076 | I17: 0.82345301 | J17: 958669.82 | K17: #DIV/0! | L17: 0 | M17: 54 | N17: 54 - CAÑETE DIEGO | O17: 0.75742574 | P17: 92 | Q17: 61 | R17: 202 | S17: 153 | T17: 18.7
B18: 3 - VIDAL NAHUEL | C18: 23770958 | D18: 21347280 | E18: 20795974 | F18: 551306.47 | G18: 0.89804038 | H18: 21347280 | I18: 0.89804038 | J18: 889470.01 | K18: #DIV/0! | L18: 0 | M18: 21 | N18: 21 - CATAN MATIAS | O18: 0.8816568 | P18: 88 | Q18: 61 | R18: 169 | S18: 149 | T18: -5.35
B19: 18 - HERRERA PABLO | C19: 24625381 | D19: 20914183 | E19: 20409449 | F19: 504733.59 | G19: 0.84929377 | H19: 20914183 | I19: 0.84929377 | J19: 871424.29 | K19: #DIV/0! | L19: 0 | M19: 23 | N19: 23 - DELGADO JOSÉ | O19: 0.86875 | P19: 95 | Q19: 44 | R19: 160 | S19: 139 | T19: -3
B20: 21 - CATAN MATIAS | C20: 31950600 | D20: 35530750 | E20: 34626619 | F20: 904130.55 | G20: 1.1120527 | H20: 35530750 | I20: 1.1120527 | J20: 1480447.9 | K20: #DIV/0! | L20: 532961.24 | M20: 18 | N20: 18 - HERRERA PABLO | O20: 0.90340909 | P20: 83 | Q20: 76 | R20: 176 | S20: 159 | T20: -9.4
B21: 23 - DELGADO JOSÉ | C21: 24246200 | D21: 24311434 | E21: 23897307 | F21: 414126.92 | G21: 1.0026905 | H21: 24311434 | I21: 1.0026905 | J21: 1012976.4 | K21: #DIV/0! | L21: 243114.34 | M21: 44 | N21: 44 - MONGES CESAR LUIS | O21: 0.85798817 | P21: 64 | Q21: 81 | R21: 169 | S21: 145 | T21: -1.35
B22: 31 - BARTSCHAT EMILIANO NAHUEL | C22: 30231324 | D22: 31990809 | E22: 31311977 | F22: 678831.94 | G22: 1.0582007 | H22: 31990809 | I22: 1.0582007 | J22: 1332950.4 | K22: #DIV/0! | L22: 399885.12 | M22: 56 | N22: 56 - JUAN ANDRES SANCHEZ | O22: 0.51515152 | P22: 66 | Q22: 36 | R22: 198 | S22: 102 | T22: 66.3
B23: 44 - MONGES CESAR LUIS | C23: 26129473 | D23: 23951255 | E23: 23685598 | F23: 265657.45 | G23: 0.91663754 | H23: 23951255 | I23: 0.91663754 | J23: 997968.97 | K23: #DIV/0! | L23: 0 | M23: 2 | N23: 2 - OJEDA NORBERTO | O23: 0.88405797 | P23: 70 | Q23: 52 | R23: 138 | S23: 122 | T23: -4.7
B24: 54 - CAÑETE DIEGO | C24: 31899100 | D24: 35498699 | E24: 34270014 | F24: 1228684.7 | G24: 1.1128433 | H24: 35498699 | I24: 1.1128433 | J24: 1479112.4 | K24: #DIV/0! | L24: 532480.48 | M24: 3 | N24: 3 - VIDAL NAHUEL | O24: 0.91176471 | P24: 79 | Q24: 76 | R24: 170 | S24: 155 | T24: -10.5
B25: 56 - JUAN ANDRES SANCHEZ | C25: 51490431 | D25: 57026560 | E25: 54103974 | F25: 2922586.2 | G25: 1.1075176 | H25: 57026560 | I25: 1.1075176 | J25: 2376106.7 | K25: #DIV/0! | L25: 855398.4 | Q25: 538 | R25: 1543 | S25: 1265
C26: 2.7228444e+08 | D26: 2.7357905e+08 | E26: 2.6424193e+08 | F26: 9337116 | G26: 1.0047546 | H26: 2.7357905e+08 | I26: 1.0047546 | J26: 11399127 | K26: #DIV/0! | M26: 32 | N26: 32 - CABRAL GONZALO | O26: 0.89285714 | P26: 20 | Q26: 30 | R26: 56 | S26: 50 | T26: -2.4
A27: NELSON | B27: 32 - CABRAL GONZALO | C27: 78074000 | D27: 63653252 | E27: 60993697 | F27: 2659554.7 | G27: 0.81529385 | H27: 63653252 | I27: 0.81529385 | J27: 2652218.8 | K27: #DIV/0! | L27: 0 | M27: 36 | N27: 36 - COSARINSKI DIEGO | O27: 0.59615385 | P27: 68 | Q27: 25 | R27: 156 | S27: 93 | T27: 39.6
B28: 36 - COSARINSKI DIEGO | C28: 21000000 | D28: 6100259 | E28: 5732153.5 | F28: 368105.42 | G28: 0.29048852 | H28: 6100259 | I28: 0.29048852 | J28: 254177.46 | K28: #DIV/0! | L28: 0 | M28: 9 | N28: 9 - ESTIGARRIBIA DAVID | O28: 0.86335404 | P28: 80 | Q28: 59 | R28: 161 | S28: 139 | T28: -2.15
B29: 9 - ESTIGARRIBIA DAVID | C29: 24514000 | D29: 19492469 | E29: 19124000 | F29: 368468.93 | G29: 0.7951566 | H29: 19492469 | I29: 0.7951566 | J29: 812186.2 | K29: #DIV/0! | L29: 0 | M29: 40 | N29: 40 - IBARROLA JORGE | O29: 0.5060241 | P29: 68 | Q29: 58 | R29: 249 | S29: 126 | T29: 85.65
B30: 40 - IBARROLA JORGE | C30: 36412576 | D30: 16503923 | E30: 16440939 | F30: 62983.754 | G30: 0.45324787 | H30: 16503923 | I30: 0.45324787 | J30: 687663.45 | K30: #DIV/0! | L30: 0 | M30: 27 | N30: 27 - GOMEZ ADRIÁN | O30: 0.89285714 | P30: 73 | Q30: 52 | R30: 140 | S30: 125 | T30: -6
B31: 27 - GOMEZ ADRIÁN | C31: 24205000 | D31: 24517375 | E31: 23357151 | F31: 1160223.5 | G31: 1.0129054 | H31: 24517375 | I31: 1.0129054 | J31: 1021557.3 | K31: #DIV/0! | L31: 245173.75 | M31: 10 | N31: 10 - BRITEZ EMMANUEL | O31: 0.72928177 | P31: 40 | Q31: 92 | R31: 181 | S31: 132 | T31: 21.85
B32: 10 - BRITEZ EMMANUEL | C32: 24000000 | D32: 17154800 | E32: 16908594 | F32: 246205.93 | G32: 0.71478333 | H32: 17154800 | I32: 0.71478333 | J32: 714783.33 | K32: #DIV/0! | L32: 0 | M32: 28 | N32: 28 - GOMEZ PABLO | O32: 0.875 | P32: 67 | Q32: 80 | R32: 168 | S32: 147 | T32: -4.2
B33: 28 - GOMEZ PABLO | C33: 25235000 | D33: 17519075 | E33: 17369562 | F33: 149513.72 | G33: 0.69423718 | H33: 17519075 | I33: 0.69423718 | J33: 729961.47 | K33: #DIV/0! | L33: 0 | M33: 33 | N33: 33 - NICOLAS AZULA | O33: 0.81395349 | P33: 66 | Q33: 74 | R33: 172 | S33: 140 | T33: 6.2
B34: 33 - NICOLAS AZULA | C34: 21000000 | D34: 11197769 | E34: 10993267 | F34: 204501.87 | G34: 0.5332271 | H34: 11197769 | I34: 0.5332271 | J34: 466573.71 | K34: #DIV/0! | L34: 0 | M34: 37 | N34: 37 - PEREZ ESQUIVEL BRUNO NICOLAS | O34: 0.72340426 | P34: 82 | Q34: 20 | R34: 141 | S34: 102 | T34: 17.85
B35: 37 - PEREZ ESQUIVEL BRUNO NICOLAS | C35: 23484000 | D35: 10613495 | E35: 10509964 | F35: 103530.57 | G35: 0.45194578 | H35: 10613495 | I35: 0.45194578 | J35: 442228.95 | K35: #DIV/0! | L35: 0 | M35: 24 | N35: 24 - MARTINEZ JORGE NICOLAS | O35: 0.71910112 | P35: 81 | Q35: 47 | R35: 178 | S35: 128 | T35: 23.3
B36: 24 - MARTINEZ JORGE NICOLAS | C36: 25235000 | D36: 13926527 | E36: 13690253 | F36: 236274.22 | G36: 0.55187348 | H36: 13926527 | I36: 0.55187348 | J36: 580271.97 | K36: #DIV/0! | L36: 0 | M36: 7 | N36: 7 - VALLEJOS EDUARDO | O36: 0.27433628 | P36: 0 | Q36: 31 | R36: 113 | S36: 31 | T36: 65.05
B37: 7 - VALLEJOS EDUARDO | C37: 114000000 | D37: 1.015376e+08 | E37: 92863270 | F37: 8674334.9 | G37: 0.89068074 | H37: 1.015376e+08 | I37: 0.89068074 | J37: 4230733.5 | K37: #DIV/0! | L37: 0 | M37: 57 | N37: 57 - ROUBINEAU SEBASTIAN | O37: 0.22330097 | P37: 17 | Q37: 6 | R37: 103 | S37: 23 | T37: 64.55
B38: 57 - ROUBINEAU SEBASTIAN | C38: 33000000 | D38: 9981301.9 | E38: 9981301.9 | F38: 0 | G38: 0.30246369 | H38: 9981301.9 | I38: 0.30246369 | J38: 415887.58 | K38: #DIV/0! | L38: 0 | M38: 1 | N38: 1 - VERA ERNESTO | O38: 0.88976378 | P38: 60 | Q38: 53 | R38: 127 | S38: 113 | T38: -5.05
B39: 1 - VERA ERNESTO | C39: 34629931 | D39: 26579489 | E39: 25810750 | F39: 768738.45 | G39: 0.76752936 | H39: 26579489 | I39: 0.76752936 | J39: 1107478.7 | K39: #DIV/0! | L39: 0 | Q39: 627 | R39: 1945 | S39: 1349
C40: 4.8478951e+08 | D40: 3.3877734e+08 | E40: 3.237749e+08 | F40: 15002436 | G40: 0.69881327 | H40: 3.3877734e+08 | I40: 0.69881327 | J40: 14115722 | K40: #DIV/0! | Q40: 2061 | R40: 5712 | S40: 4389
A41: LOPEZ ENZO | C41: 1.3140639e+09 | D41: 1.2246866e+09 | E41: 1.1717498e+09 | F41: 52936754 | G41: 0.93198402 | H41: 1.2246866e+09 | I41: 0.93198402 | J41: 51028608 | K41: #DIV/0! | M41: 58 | N41: 58 - BLADIMIR LEZCANO | O41: 0.32773109 | P41: 60 | Q41: -21 | R41: 119 | S41: 39 | T41: 62.15
B42: VENDEDOR/ SUPERVISOR | C42: OBJETIVO | D42: FACTURACION ACUMULADA | E42: FACTURACION ACUMULADA | F42: FACTURACION DEL DIA | G42: AVANCE VS OBJETIVO | H42: PROYECCION | I42: CUMPLIMIENTO PROYECTADO | J42: MEDIA REAL | K42: MEDIA NECESARIA | L42: COBRO | M42: 59 | N42: 59 - LEIVA SILVIO | O42: 0.55462185 | P42: 60 | Q42: 6 | R42: 119 | S42: 66 | T42: 35.15
B43: 58 - BLADIMIR LEZCANO | C43: 40000000 | D43: 25646777 | E43: 22657877 | F43: 2988899.5 | G43: 0.64116942 | H43: 25646777 | I43: 0.64116942 | J43: 1068615.7 | K43: #DIV/0! | L43: 0
B44: 59 - LEIVA SILVIO | C44: 30000000 | D44: 17009021 | E44: 16555408 | F44: 453612.98 | G44: 0.56696736 | H44: 17009021 | I44: 0.56696736 | J44: 708709.19 | K44: #DIV/0! | L44: 0

Sheet Historico Junio
A1: SUPERVISOR | B1: VENDEDOR | C1: OBJETIVO | D1: FACTURACION ACUMULADA | E1: FACTURACION N-1 | F1: FACTURACION DEL DIA | G1: AVANCE VS OBJETIVO | H1: PROYECCION | I1: CUMPLIMIENTO PROYECTADO | J1: MEDIA REAL | K1: MEDIA NECESARIA | L1: COBRO | N1: VENDEDOR | O1: COBERTURA TOTAL | P1: DIA ANTERIOR | Q1: INCREMENTO DIARIO | R1: CARTERA TOTAL | S1: CCC | T1: CCC FALTANTE 85%
A2: MARTIN PREVENTA | B2: 20 - FLORES JAVIER | C2: 32279077 | D2: 46789531 | E2: 45597043 | F2: 1192488.4 | G2: 1.4495313 | H2: 46789531 | I2: 1.4495313 | J2: 1949563.8 | K2: #DIV/0! | L2: 935790.62 | M2: 22 | N2: 0 | O2: 0.92 | P2: 33 | Q2: 36 | R2: 75 | S2: 69 | T2: -69
B3: 19 - GONZALEZ MARCELO | C3: 30982728 | D3: 38817126 | E3: 37990397 | F3: 826729.5 | G3: 1.2528634 | H3: 38817126 | I3: 1.2528634 | J3: 1617380.3 | K3: #DIV/0! | L3: 776342.52 | M3: 49 | N3: 0 | O3: 0.48148148 | P3: 1 | Q3: 116 | R3: 243 | S3: 117 | T3: -117
B4: 16 - GOMEZ MATÍAS | C4: 28390031 | D4: 33436278 | E4: 32127304 | F4: 1308974.3 | G4: 1.1777472 | H4: 33436278 | I4: 1.1777472 | J4: 1393178.3 | K4: #DIV/0! | L4: 668725.57 | M4: 20 | N4: 0 | O4: 0.90748899 | P4: 126 | Q4: 80 | R4: 227 | S4: 206 | T4: -206
B5: 12 - GUTIERREZ MARCOS DAVID | C5: 28390031 | D5: 35139863 | E5: 34257637 | F5: 882225.89 | G5: 1.2377536 | H5: 35139863 | I5: 1.2377536 | J5: 1464161 | K5: #DIV/0! | L5: 702797.27 | M5: 15 | N5: 0 | O5: 0.8 | P5: 21 | Q5: 31 | R5: 65 | S5: 52 | T5: -52
B6: 11 - SANCHEZ RICARDO | C6: 23528725 | D6: 26856361 | E6: 25015492 | F6: 1840869.6 | G6: 1.1414287 | H6: 26856361 | I6: 1.1414287 | J6: 1119015 | K6: #DIV/0! | L6: 537127.22 | M6: 19 | N6: 0 | O6: 0.89371981 | P6: 100 | Q6: 85 | R6: 207 | S6: 185 | T6: -185
B7: 8 - RAVAROTTO EMANUEL | C7: 27741857 | D7: 21935048 | E7: 21605186 | F7: 329861.69 | G7: 0.79068419 | H7: 21935048 | I7: 0.79068419 | J7: 913960.32 | K7: #DIV/0! | L7: 0 | M7: 16 | N7: 0 | O7: 0.87437186 | P7: 81 | Q7: 93 | R7: 199 | S7: 174 | T7: -174
B8: 5 - SCHELOVER RAUL | C8: 35831071 | D8: 40520336 | E8: 38810952 | F8: 1709384.3 | G8: 1.1308715 | H8: 40520336 | I8: 1.1308715 | J8: 1688347.3 | K8: #DIV/0! | L8: 607805.04 | M8: 12 | N8: 0 | O8: 0.88785047 | P8: 89 | Q8: 101 | R8: 214 | S8: 190 | T8: -190
B9: 4 - TUR SPRINGER FERNANDO | C9: 35831071 | D9: 41738638 | E9: 39990211 | F9: 1748426.5 | G9: 1.1648727 | H9: 41738638 | I9: 1.1648727 | J9: 1739109.9 | K9: #DIV/0! | L9: 834772.76 | M9: 11 | N9: 0 | O9: 0.82840237 | P9: 92 | Q9: 48 | R9: 169 | S9: 140 | T9: -140
C10: 2.4297459e+08 | D10: 2.8523318e+08 | E10: 2.7539422e+08 | F10: 9838960.2 | G10: 1.1739218 | H10: 2.8523318e+08 | I10: 1.1739218 | J10: 11884716 | K10: #DIV/0! | M10: 8 | N10: 0 | O10: 0.80512821 | P10: 64 | Q10: 93 | R10: 195 | S10: 157 | T10: -157
A11: MARTIN | B11: 22 - ALMIRON NICOLAS | C11: 96971948 | D11: 1.0950688e+08 | E11: 1.0704696e+08 | F11: 2459919.9 | G11: 1.1292635 | H11: 1.0950688e+08 | I11: 1.1292635 | J11: 4562786.8 | K11: #DIV/0! | L11: 1095068.8 | M11: 52 | N11: 0 | O11: 0.52427184 | P11: 19 | Q11: 35 | R11: 103 | S11: 54 | T11: -54
B12: 49 - ESCOBAR RAÚL | C12: 31630902 | D12: 37819098 | E12: 37507204 | F12: 311893.64 | G12: 1.1956377 | H12: 37819098 | I12: 1.1956377 | J12: 1575795.7 | K12: #DIV/0! | L12: 756381.96 | M12: 53 | N12: 0 | O12: 0.67619048 | P12: 24 | Q12: 47 | R12: 105 | S12: 71 | T12: -71
B13: 15 - GALARZA GERARDO | C13: 1.2836392e+08 | D13: 1.2853949e+08 | E13: 1.074589e+08 | F13: 21080594 | G13: 1.0013678 | H13: 1.2853949e+08 | I13: 1.0013678 | J13: 5355812.2 | K13: #DIV/0! | L13: 642697.47 | M13: 5 | N13: 0 | O13: 0.90421456 | P13: 144 | Q13: 92 | R13: 261 | S13: 236 | T13: -236
B14: 52 - MARSALL NICOLAS | C14: 42449057 | D14: 39140280 | E14: 38089400 | F14: 1050880 | G14: 0.92205297 | H14: 39140280 | I14: 0.92205297 | J14: 1630845 | K14: #DIV/0! | L14: 0 | M14: 4 | N14: 0 | O14: 0.92307692 | P14: 85 | Q14: 83 | R14: 182 | S14: 168 | T14: -168
B15: 53 - SANDOVAL RODRIGO | C15: 42449057 | D15: 51508469 | E15: 45407234 | F15: 6101235.4 | G15: 1.2134184 | H15: 51508469 | I15: 1.2134184 | J15: 2146186.2 | K15: #DIV/0! | L15: 772627.04 | Q15: 940 | R15: 2245 | S15: 1819
C16: 3.4186488e+08 | D16: 3.6651422e+08 | E16: 3.355097e+08 | F16: 31004523 | G16: 1.0721026 | H16: 3.6651422e+08 | I16: 1.0721026 | J16: 15271426 | K16: #DIV/0! | M16: 31 | N16: 0 | O16: 0.83229814 | P16: 90 | Q16: 44 | R16: 161 | S16: 134 | T16: -134
A17: CRISTIAN | B17: 2 - OJEDA NORBERTO | C17: 29338018 | D17: 19719555 | E17: 18802480 | F17: 917075.55 | G17: 0.67215022 | H17: 19719555 | I17: 0.67215022 | J17: 821648.14 | K17: #DIV/0! | L17: 0 | M17: 54 | N17: 0 | O17: 0.75634518 | P17: 92 | Q17: 57 | R17: 197 | S17: 149 | T17: -149
B18: 3 - VIDAL NAHUEL | C18: 24959506 | D18: 21983568 | E18: 20717753 | F18: 1265815 | G18: 0.88076937 | H18: 21983568 | I18: 0.88076937 | J18: 915982.01 | K18: #DIV/0! | L18: 0 | M18: 21 | N18: 0 | O18: 0.86549708 | P18: 88 | Q18: 60 | R18: 171 | S18: 148 | T18: -148
B19: 18 - HERRERA PABLO | C19: 25856650 | D19: 21824000 | E19: 21195318 | F19: 628681.88 | G19: 0.84403817 | H19: 21824000 | I19: 0.84403817 | J19: 909333.32 | K19: #DIV/0! | L19: 0 | M19: 23 | N19: 0 | O19: 0.91558442 | P19: 95 | Q19: 46 | R19: 154 | S19: 141 | T19: -141
B20: 21 - CATAN MATIAS | C20: 33548130 | D20: 46880748 | E20: 45288523 | F20: 1592224.7 | G20: 1.3974176 | H20: 46880748 | I20: 1.3974176 | J20: 1953364.5 | K20: #DIV/0! | L20: 937614.96 | M20: 18 | N20: 0 | O20: 0.88202247 | P20: 83 | Q20: 74 | R20: 178 | S20: 157 | T20: -157
B21: 23 - DELGADO JOSÉ | C21: 25458510 | D21: 26026854 | E21: 24833323 | F21: 1193531.2 | G21: 1.0223243 | H21: 26026854 | I21: 1.0223243 | J21: 1084452.3 | K21: #DIV/0! | L21: 260268.54 | M21: 44 | N21: 0 | O21: 0.85964912 | P21: 64 | Q21: 83 | R21: 171 | S21: 147 | T21: -147
B22: 31 - RENZO RAMOS | C22: 31742890 | D22: 32141339 | E22: 29990684 | F22: 2150655.3 | G22: 1.0125524 | H22: 32141339 | I22: 1.0125524 | J22: 1339222.5 | K22: #DIV/0! | L22: 321413.39 | M22: 56 | N22: 0 | O22: 0.45177665 | P22: 66 | Q22: 23 | R22: 197 | S22: 89 | T22: -89
B23: 44 - MONGES CESAR LUIS | C23: 27435946 | D23: 25710569 | E23: 25061498 | F23: 649070.83 | G23: 0.93711252 | H23: 25710569 | I23: 0.93711252 | J23: 1071273.7 | K23: #DIV/0! | L23: 0 | M23: 2 | N23: 0 | O23: 0.83898305 | P23: 70 | Q23: 29 | R23: 118 | S23: 99 | T23: -99
B24: 54 - BARTSCHAT EMILIANO NAHUEL | C24: 33494055 | D24: 40082801 | E24: 38511020 | F24: 1571780.6 | G24: 1.1967139 | H24: 40082801 | I24: 1.1967139 | J24: 1670116.7 | K24: #DIV/0! | L24: 801656.02 | M24: 3 | N24: 0 | O24: 0.91812865 | P24: 79 | Q24: 78 | R24: 171 | S24: 157 | T24: -157
B25: 56 - JUAN ANDRES SANCHEZ | C25: 54064953 | D25: 52746976 | E25: 53020208 | F25: -273231.99 | G25: 0.97562234 | H25: 52746976 | I25: 0.97562234 | J25: 2197790.7 | K25: #DIV/0! | L25: 0 | Q25: 494 | R25: 1518 | S25: 1221
C26: 2.8589866e+08 | D26: 2.8711641e+08 | E26: 2.7742081e+08 | F26: 9695603 | G26: 1.0042594 | H26: 2.8711641e+08 | I26: 1.0042594 | J26: 11963184 | K26: #DIV/0! | M26: 32 | N26: 0 | O26: 0.9137931 | P26: 20 | Q26: 33 | R26: 58 | S26: 53 | T26: -53
A27: GONZALO | B27: 32 - CABRAL GONZALO | C27: 81977700 | D27: 82008915 | E27: 79349933 | F27: 2658982.7 | G27: 1.0003808 | H27: 82008915 | I27: 1.0003808 | J27: 3417038.1 | K27: #DIV/0! | L27: 410044.58 | M27: 36 | N27: 0 | O27: 0.7625 | P27: 68 | Q27: 54 | R27: 160 | S27: 122 | T27: -122
B28: 36 - COSARINSKI DIEGO | C28: 21000000 | D28: 13952963 | E28: 13582204 | F28: 370758.94 | G28: 0.66442682 | H28: 13952963 | I28: 0.66442682 | J28: 581373.47 | K28: #DIV/0! | L28: 0 | M28: 9 | N28: 0 | O28: 0.88461538 | P28: 80 | Q28: 58 | R28: 156 | S28: 138 | T28: -138
B29: 9 - ESTIGARRIBIA DAVID | C29: 25739700 | D29: 21961957 | E29: 21103396 | F29: 858561.57 | G29: 0.85323283 | H29: 21961957 | I29: 0.85323283 | J29: 915081.55 | K29: #DIV/0! | L29: 0 | M29: 40 | N29: 0 | O29: 0.488 | P29: 68 | Q29: 54 | R29: 250 | S29: 122 | T29: -122
B30: 40 - IBARROLA JORGE | C30: 38233205 | D30: 21863190 | E30: 21279418 | F30: 583772.6 | G30: 0.57183775 | H30: 21863190 | I30: 0.57183775 | J30: 910966.25 | K30: #DIV/0! | L30: 0 | M30: 27 | N30: 0 | O30: 0.98496241 | P30: 73 | Q30: 58 | R30: 133 | S30: 131 | T30: -131
B31: 27 - GOMEZ ADRIÁN | C31: 25415250 | D31: 26313437 | E31: 25866298 | F31: 447138.37 | G31: 1.0353405 | H31: 26313437 | I31: 1.0353405 | J31: 1096393.2 | K31: #DIV/0! | L31: 263134.37 | M31: 10 | N31: 0 | O31: 0.74863388 | P31: 40 | Q31: 97 | R31: 183 | S31: 137 | T31: -137
B32: 10 - BRITEZ EMMANUEL | C32: 25200000 | D32: 18151384 | E32: 17244550 | F32: 906834.34 | G32: 0.72029303 | H32: 18151384 | I32: 0.72029303 | J32: 756307.68 | K32: #DIV/0! | L32: 0 | M32: 28 | N32: 0 | O32: 0.86904762 | P32: 67 | Q32: 79 | R32: 168 | S32: 146 | T32: -146
B33: 28 - GOMEZ PABLO | C33: 26496750 | D33: 20837294 | E33: 20072218 | F33: 765075.51 | G33: 0.78640941 | H33: 20837294 | I33: 0.78640941 | J33: 868220.56 | K33: #DIV/0! | L33: 0 | M33: 33 | N33: 0 | O33: 0.86227545 | P33: 66 | Q33: 78 | R33: 167 | S33: 144 | T33: -144
B34: 33 - NICOLAS AZULA | C34: 21000000 | D34: 13727468 | E34: 13039482 | F34: 687985.95 | G34: 0.65368893 | H34: 13727468 | I34: 0.65368893 | J34: 571977.81 | K34: #DIV/0! | L34: 0 | M34: 37 | N34: 0 | O34: 0.5 | P34: 82 | Q34: -11 | R34: 142 | S34: 71 | T34: -71
B35: 37 - PEREZ ESQUIVEL BRUNO NICOLAS | C35: 24658200 | D35: 7728017.7 | E35: 7427038.1 | F35: 300979.68 | G35: 0.31340559 | H35: 7728017.7 | I35: 0.31340559 | J35: 322000.74 | K35: #DIV/0! | L35: 0 | M35: 24 | N35: 0 | O35: 0.66853933 | P35: 81 | Q35: 38 | R35: 178 | S35: 119 | T35: -119
B36: 24 - MARTINEZ JORGE NICOLAS | C36: 25235000 | D36: 14092423 | E36: 13787712 | F36: 304711.48 | G36: 0.55844752 | H36: 14092423 | I36: 0.55844752 | J36: 587184.3 | K36: #DIV/0! | L36: 0 | M36: 7 | N36: 0 | O36: 0.2 | P36: 0 | Q36: 23 | R36: 115 | S36: 23 | T36: -23
B37: 7 - VALLEJOS EDUARDO | C37: 122011750 | D37: 65662671 | E37: 59403379 | F37: 6259292.2 | G37: 0.53816678 | H37: 65662671 | I37: 0.53816678 | J37: 2735944.6 | K37: #DIV/0! | L37: 0 | M37: 57 | N37: 0 | O37: 0.41904762 | P37: 17 | Q37: 27 | R37: 105 | S37: 44 | T37: -44
B38: 57 - ROUBINEAU SEBASTIAN | C38: 35700000 | D38: 16480411 | E38: 17136088 | F38: -655677.17 | G38: 0.46163615 | H38: 16480411 | I38: 0.46163615 | J38: 686683.77 | K38: #DIV/0! | L38: 0 | M38: 1 | N38: 0 | O38: 0.87401575 | P38: 60 | Q38: 51 | R38: 127 | S38: 111 | T38: -111
B39: 1 - VERA ERNESTO | C39: 36361428 | D39: 25054842 | E39: 24470367 | F39: 584475.25 | G39: 0.68905002 | H39: 25054842 | I39: 0.68905002 | J39: 1043951.8 | K39: #DIV/0! | L39: 0 | Q39: 639 | R39: 1942 | S39: 1361
C40: 5.0902898e+08 | D40: 3.4783497e+08 | E40: 3.3376208e+08 | F40: 14072891 | G40: 0.68333039 | H40: 3.4783497e+08 | I40: 0.68333039 | J40: 14493124 | K40: #DIV/0! | Q40: 2073 | R40: 5705 | S40: 4401
A41: LOPEZ ENZO | C41: 1.3797671e+09 | D41: 1.2866988e+09 | E41: 1.2220868e+09 | F41: 64611977 | G41: 0.93254778 | H41: 1.2866988e+09 | I41: 0.93254778 | J41: 53612449 | K41: #DIV/0! | M41: 58 | N41: 0 | O41: 0.33606557 | P41: 60 | Q41: -19 | R41: 122 | S41: 41 | T41: -41
B42: VENDEDOR/ SUPERVISOR | C42: OBJETIVO | D42: FACTURACION ACUMULADA | E42: FACTURACION ACUMULADA | F42: FACTURACION DEL DIA | G42: AVANCE VS OBJETIVO | H42: PROYECCION | I42: CUMPLIMIENTO PROYECTADO | J42: MEDIA REAL | K42: MEDIA NECESARIA | L42: COBRO | M42: 59 | N42: 0 | O42: 0.50806452 | P42: 60 | Q42: 3 | R42: 124 | S42: 63 | T42: -63
B43: 58 - BLADIMIR LEZCANO | C43: 40000000 | D43: 31200036 | E43: 31230263 | F43: -30227.744 | G43: 0.78000089 | H43: 31200036 | I43: 0.78000089 | J43: 1300001.5 | K43: #DIV/0! | L43: 0
B44: 59 - LEIVA SILVIO | C44: 30000000 | D44: 24332682 | E44: 24332682 | F44: 0 | G44: 0.81108939 | H44: 24332682 | I44: 0.81108939 | J44: 1013861.7 | K44: #DIV/0! | L44: 0

Sheet Historico Julio
A1: SUPERVISOR | B1: VENDEDOR | C1: OBJETIVO | D1: FACTURACION ACUMULADA | E1: FACTURACION N-1 | F1: FACTURACION DEL DIA | G1: AVANCE VS OBJETIVO | H1: PROYECCION | I1: CUMPLIMIENTO PROYECTADO | J1: MEDIA REAL | K1: MEDIA NECESARIA | L1: COBRO | N1: VENDEDOR | O1: COBERTURA TOTAL | P1: DIA ANTERIOR | Q1: INCREMENTO DIARIO | R1: CARTERA TOTAL | S1: CCC | T1: CCC FALTANTE 85%
A2: MARTIN PREVENTA | B2: 20 - FLORES JAVIER | C2: 32279077 | D2: 47694545 | E2: 46836440 | F2: 858104.78 | G2: 1.4775684 | H2: 47694545 | I2: 1.4775684 | J2: 1834405.6 | K2: #DIV/0! | L2: 953890.9 | M2: 22 | N2: 0 | O2: 0.88607595 | P2: 33 | Q2: 37 | R2: 79 | S2: 70 | T2: -70
B3: 19 - GONZALEZ MARCELO | C3: 30982728 | D3: 45343703 | E3: 44411092 | F3: 932611.17 | G3: 1.4635155 | H3: 45343703 | I3: 1.4635155 | J3: 1743988.6 | K3: #DIV/0! | L3: 906874.07 | M3: 20 | N3: 0 | O3: 0.90789474 | P3: 126 | Q3: 81 | R3: 228 | S3: 207 | T3: -207
B4: 16 - GOMEZ MATÍAS | C4: 28390031 | D4: 33033543 | E4: 32436773 | F4: 596770.07 | G4: 1.1635613 | H4: 33033543 | I4: 1.1635613 | J4: 1270520.9 | K4: #DIV/0! | L4: 660670.85 | M4: 15 | N4: 0 | O4: 0.83076923 | P4: 21 | Q4: 33 | R4: 65 | S4: 54 | T4: -54
B5: 12 - GUTIERREZ MARCOS DAVID | C5: 28390031 | D5: 37562081 | E5: 36453783 | F5: 1108298.1 | G5: 1.3230729 | H5: 37562081 | I5: 1.3230729 | J5: 1444695.4 | K5: #DIV/0! | L5: 751241.61 | M5: 19 | N5: 0 | O5: 0.87559809 | P5: 100 | Q5: 83 | R5: 209 | S5: 183 | T5: -183
B6: 11 - SANCHEZ RICARDO | C6: 23528725 | D6: 28724370 | E6: 27932712 | F6: 791657.28 | G6: 1.2208214 | H6: 28724370 | I6: 1.2208214 | J6: 1104783.4 | K6: #DIV/0! | L6: 574487.39 | M6: 16 | N6: 0 | O6: 0.86934673 | P6: 81 | Q6: 92 | R6: 199 | S6: 173 | T6: -173
B7: 8 - PARRA MAXIMILIANO | C7: 27741857 | D7: 22267053 | E7: 21361655 | F7: 905398.18 | G7: 0.80265185 | H7: 22267053 | I7: 0.80265185 | J7: 856425.11 | K7: #DIV/0! | L7: 0 | M7: 12 | N7: 0 | O7: 0.88372093 | P7: 89 | Q7: 101 | R7: 215 | S7: 190 | T7: -190
B8: 5 - SCHELOVER RAUL | C8: 35831071 | D8: 42645283 | E8: 40968098 | F8: 1677184.1 | G8: 1.190176 | H8: 42645283 | I8: 1.190176 | J8: 1640203.2 | K8: #DIV/0! | L8: 852905.65 | M8: 11 | N8: 0 | O8: 0.82941176 | P8: 92 | Q8: 49 | R8: 170 | S8: 141 | T8: -141
B9: 4 - TUR SPRINGER FERNANDO | C9: 35831071 | D9: 43796429 | E9: 43105818 | F9: 690611.51 | G9: 1.2223031 | H9: 43796429 | I9: 1.2223031 | J9: 1684478.1 | K9: #DIV/0! | L9: 875928.59 | M9: 8 | N9: 0 | O9: 0.70351759 | P9: 64 | Q9: 76 | R9: 199 | S9: 140 | T9: -140
C10: 2.4297459e+08 | D10: 3.0106701e+08 | E10: 2.9350637e+08 | F10: 7560635.2 | G10: 1.2390884 | H10: 3.0106701e+08 | I10: 1.2390884 | J10: 11579500 | K10: #DIV/0! | M10: 52 | N10: 0 | O10: 0.55769231 | P10: 19 | Q10: 39 | R10: 104 | S10: 58 | T10: -58
A11: MARTIN | B11: 22 - ALMIRON NICOLAS | C11: 96971948 | D11: 1.1945891e+08 | E11: 1.1670529e+08 | F11: 2753613.3 | G11: 1.2318914 | H11: 1.1945891e+08 | I11: 1.2318914 | J11: 4594573.4 | K11: #DIV/0! | L11: 1493236.3 | M11: 53 | N11: 0 | O11: 0.67619048 | P11: 24 | Q11: 47 | R11: 105 | S11: 71 | T11: -71
B12: 15 - GALARZA GERARDO | C12: 1.2836392e+08 | D12: 1.3937595e+08 | E12: 1.2801992e+08 | F12: 11356028 | G12: 1.0857876 | H12: 1.3937595e+08 | I12: 1.0857876 | J12: 5360613.4 | K12: #DIV/0! | L12: 1045319.6 | M12: 5 | N12: 0 | O12: 0.90114068 | P12: 144 | Q12: 93 | R12: 263 | S12: 237 | T12: -237
B13: 52 - RAVAROTTO EMANUEL | C13: 42449057 | D13: 38452846 | E13: 36536665 | F13: 1916181 | G13: 0.90585866 | H13: 38452846 | I13: 0.90585866 | J13: 1478955.6 | K13: #DIV/0! | L13: 0 | M13: 4 | N13: 0 | O13: 0.87912088 | P13: 85 | Q13: 75 | R13: 182 | S13: 160 | T13: -160
B14: 53 - SANDOVAL RODRIGO | C14: 42449057 | D14: 45377542 | E14: 42911826 | F14: 2465716.2 | G14: 1.0689882 | H14: 45377542 | I14: 1.0689882 | J14: 1745290.1 | K14: #DIV/0! | L14: 567219.28 | Q14: 806 | R14: 2018 | S14: 1684
C15: 3.4186488e+08 | D15: 3.4266524e+08 | E15: 3.2417371e+08 | F15: 18491539 | G15: 1.0023412 | H15: 3.4266524e+08 | I15: 1.0023412 | J15: 13179432 | K15: #DIV/0! | M15: 31 | N15: 0 | O15: 0.8375 | P15: 90 | Q15: 44 | R15: 160 | S15: 134 | T15: -134
A16: CRISTIAN | B16: 2 - OJEDA NORBERTO | C16: 28430000 | D16: 17430637 | E16: 16500079 | F16: 930557.68 | G16: 0.61310717 | H16: 17430637 | I16: 0.61310717 | J16: 670409.1 | K16: #DIV/0! | L16: 0 | M16: 54 | N16: 0 | O16: 0.835 | P16: 92 | Q16: 75 | R16: 200 | S16: 167 | T16: -167
B17: 3 - VIDAL NAHUEL | C17: 25000000 | D17: 28659811 | E17: 28062023 | F17: 597788.18 | G17: 1.1463924 | H17: 28659811 | I17: 1.1463924 | J17: 1102300.4 | K17: #DIV/0! | L17: 573196.22 | M17: 21 | N17: 0 | O17: 0.89759036 | P17: 88 | Q17: 61 | R17: 166 | S17: 149 | T17: -149
B18: 18 - HERRERA PABLO | C18: 25500000 | D18: 25727119 | E18: 24837785 | F18: 889333.71 | G18: 1.0089066 | H18: 25727119 | I18: 1.0089066 | J18: 989504.57 | K18: #DIV/0! | L18: 257271.19 | M18: 23 | N18: 0 | O18: 0.85987261 | P18: 95 | Q18: 40 | R18: 157 | S18: 135 | T18: -135
B19: 21 - CATAN MATIAS | C19: 35200000 | D19: 42193890 | E19: 41152966 | F19: 1040924 | G19: 1.1986901 | H19: 42193890 | I19: 1.1986901 | J19: 1622841.9 | K19: #DIV/0! | L19: 843877.81 | M19: 18 | N19: 0 | O19: 0.88888889 | P19: 83 | Q19: 77 | R19: 180 | S19: 160 | T19: -160
B20: 23 - DELGADO JOSÉ | C20: 26100000 | D20: 21014494 | E20: 19670046 | F20: 1344447.8 | G20: 0.80515301 | H20: 21014494 | I20: 0.80515301 | J20: 808249.75 | K20: #DIV/0! | L20: 0 | M20: 44 | N20: 0 | O20: 0.85964912 | P20: 64 | Q20: 83 | R20: 171 | S20: 147 | T20: -147
B21: 31 - RENZO RAMOS | C21: 32600000 | D21: 32758102 | E21: 29978995 | F21: 2779106.1 | G21: 1.0048497 | H21: 32758102 | I21: 1.0048497 | J21: 1259927 | K21: #DIV/0! | L21: 327581.02 | M21: 2 | N21: 0 | O21: 0.86554622 | P21: 70 | Q21: 33 | R21: 119 | S21: 103 | T21: -103
B22: 44 - MONGES CESAR LUIS | C22: 28200000 | D22: 26994926 | E22: 26222332 | F22: 772594.1 | G22: 0.95726687 | H22: 26994926 | I22: 0.95726687 | J22: 1038266.4 | K22: #DIV/0! | L22: 0 | M22: 3 | N22: 0 | O22: 0.90697674 | P22: 79 | Q22: 77 | R22: 172 | S22: 156 | T22: -156
B23: 54 - BARTSCHAT EMILIANO NAHUEL | C23: 36600000 | D23: 51964701 | E23: 49130247 | F23: 2834453.7 | G23: 1.4198006 | H23: 51964701 | I23: 1.4198006 | J23: 1998642.3 | K23: #DIV/0! | L23: 1039294 | Q23: 490 | R23: 1325 | S23: 1151
C24: 237630000 | D24: 2.4674368e+08 | E24: 2.3555447e+08 | F24: 11189205 | G24: 1.0383524 | H24: 2.4674368e+08 | I24: 1.0383524 | J24: 9490141.5 | K24: #DIV/0! | M24: 32 | N24: 0 | O24: 0.9137931 | P24: 20 | Q24: 33 | R24: 58 | S24: 53 | T24: -53
A25: GONZALO | B25: 32 - CABRAL GONZALO | C25: 84027142 | D25: 81251469 | E25: 76952384 | F25: 4299084.9 | G25: 0.96696694 | H25: 81251469 | I25: 0.96696694 | J25: 3125056.5 | K25: #DIV/0! | L25: 0 | M25: 36 | N25: 0 | O25: 0.76100629 | P25: 68 | Q25: 53 | R25: 159 | S25: 121 | T25: -121
B26: 36 - COSARINSKI DIEGO | C26: 21525000 | D26: 15027084 | E26: 14602290 | F26: 424793.88 | G26: 0.69812235 | H26: 15027084 | I26: 0.69812235 | J26: 577964.75 | K26: #DIV/0! | L26: 0 | M26: 9 | N26: 0 | O26: 0.86624204 | P26: 80 | Q26: 56 | R26: 157 | S26: 136 | T26: -136
B27: 9 - ESTIGARRIBIA DAVID | C27: 26383192 | D27: 17991211 | E27: 17262634 | F27: 728577.69 | G27: 0.68191942 | H27: 17991211 | I27: 0.68191942 | J27: 691969.67 | K27: #DIV/0! | L27: 0 | M27: 40 | N27: 0 | O27: 0.62162162 | P27: 68 | Q27: 70 | R27: 222 | S27: 138 | T27: -138
B28: 40 - IBARROLA JORGE | C28: 39189035 | D28: 24649969 | E28: 24211067 | F28: 438902.44 | G28: 0.62900168 | H28: 24649969 | I28: 0.62900168 | J28: 948075.73 | K28: #DIV/0! | L28: 0 | M28: 27 | N28: 0 | O28: 0.96946565 | P28: 73 | Q28: 54 | R28: 131 | S28: 127 | T28: -127
B29: 27 - GOMEZ ADRIÁN | C29: 26050631 | D29: 28866128 | E29: 28617304 | F29: 248824.45 | G29: 1.1080779 | H29: 28866128 | I29: 1.1080779 | J29: 1110235.7 | K29: #DIV/0! | L29: 432991.93 | M29: 10 | N29: 0 | O29: 0.70430108 | P29: 40 | Q29: 91 | R29: 186 | S29: 131 | T29: -131
B30: 10 - BRITEZ EMMANUEL | C30: 25830000 | D30: 18653587 | E30: 17770782 | F30: 882804.57 | G30: 0.72216752 | H30: 18653587 | I30: 0.72216752 | J30: 717445.65 | K30: #DIV/0! | L30: 0 | M30: 28 | N30: 0 | O30: 0.89349112 | P30: 67 | Q30: 84 | R30: 169 | S30: 151 | T30: -151
B31: 28 - GOMEZ PABLO | C31: 27159169 | D31: 30270119 | E31: 28032290 | F31: 2237829.3 | G31: 1.1145451 | H31: 30270119 | I31: 1.1145451 | J31: 1164235.4 | K31: #DIV/0! | L31: 454051.79 | M31: 33 | N31: 0 | O31: 0.8502994 | P31: 66 | Q31: 76 | R31: 167 | S31: 142 | T31: -142
B32: 33 - NICOLAS AZULA | C32: 21525000 | D32: 12776750 | E32: 12312611 | F32: 464139.06 | G32: 0.59357726 | H32: 12776750 | I32: 0.59357726 | J32: 491413.48 | K32: #DIV/0! | L32: 0 | M32: 37 | N32: 0 | O32: 0.57534247 | P32: 82 | Q32: 2 | R32: 146 | S32: 84 | T32: -84
B33: 37 - SALAJ EMILIO | C33: 25274655 | D33: 9035243.5 | E33: 8626882 | F33: 408361.5 | G33: 0.35748237 | H33: 9035243.5 | I33: 0.35748237 | J33: 347509.36 | K33: #DIV/0! | L33: 0 | M33: 24 | N33: 0 | O33: 0.65217391 | P33: 81 | Q33: 39 | R33: 184 | S33: 120 | T33: -120
B34: 24 - SOLIS EMMANUEL | C34: 25865875 | D34: 13073321 | E34: 12744614 | F34: 328706.73 | G34: 0.50542736 | H34: 13073321 | I34: 0.50542736 | J34: 502820.03 | K34: #DIV/0! | L34: 0 | M34: 7 | N34: 0 | O34: 0.15384615 | P34: 0 | Q34: 18 | R34: 117 | S34: 18 | T34: -18
B35: 7 - VALLEJOS EDUARDO | C35: 1.2506204e+08 | D35: 1.0469282e+08 | E35: 95594165 | F35: 9098653.7 | G35: 0.83712704 | H35: 1.0469282e+08 | I35: 0.83712704 | J35: 4026646.9 | K35: #DIV/0! | L35: 0 | M35: 57 | N35: 0 | O35: 0.44660194 | P35: 17 | Q35: 29 | R35: 103 | S35: 46 | T35: -46
B36: 57 - ROUBINEAU SEBASTIAN | C36: 36592500 | D36: 19854433 | E36: 17150855 | F36: 2703577.9 | G36: 0.54258204 | H36: 19854433 | I36: 0.54258204 | J36: 763632.05 | K36: #DIV/0! | L36: 0 | M36: 1 | N36: 0 | O36: 0.90598291 | P36: 60 | Q36: 46 | R36: 117 | S36: 106 | T36: -106
B37: 1 - VERA ERNESTO | C37: 37270463 | D37: 27185327 | E37: 26389534 | F37: 795792.47 | G37: 0.72940673 | H37: 27185327 | I37: 0.72940673 | J37: 1045589.5 | K37: #DIV/0! | L37: 0 | Q37: 651 | R37: 1916 | S37: 1373
C38: 5.2175471e+08 | D38: 4.0332746e+08 | E38: 3.8026741e+08 | F38: 23060049 | G38: 0.77302122 | H38: 4.0332746e+08 | I38: 0.77302122 | J38: 15512595 | K38: #DIV/0! | M38: 58 | N38: 0 | O38: 0.43373494 | P38: 60 | Q38: -24 | R38: 83 | S38: 36 | T38: -36
A39: MAXI | B39: 58 - BLADIMIR LEZCANO | C39: 35000000 | D39: 33569113 | E39: 24669198 | F39: 8899915.4 | G39: 0.95911752 | H39: 33569113 | I39: 0.95911752 | J39: 1291119.7 | K39: #DIV/0! | L39: 0 | M39: 59 | N39: 0 | O39: 0.51587302 | P39: 60 | Q39: 5 | R39: 126 | S39: 65 | T39: -65
B40: 59 - LEIVA SILVIO | C40: 30000000 | D40: 16739896 | E40: 14430657 | F40: 2309238.2 | G40: 0.55799652 | H40: 16739896 | I40: 0.55799652 | J40: 643842.14 | K40: #DIV/0! | L40: 0 | M40: 49 | N40: 0 | O40: 0.41632653 | P40: 60 | Q40: 42 | R40: 245 | S40: 102 | T40: -102
B41: 49 - ESCOBAR RAÚL | C41: 32421675 | D41: 23502345 | E41: 23502345 | F41: 0 | G41: 0.72489608 | H41: 23502345 | I41: 0.72489608 | J41: 903936.35 | K41: #DIV/0! | L41: 0 | M41: 56 | N41: 0 | O41: 0.5 | P41: 60 | Q41: 40 | R41: 200 | S41: 100 | T41: -100
B42: 56 - JUAN ANDRES SANCHEZ | C42: 55416577 | D42: 67810012 | E42: 67507435 | F42: 302576.28 | G42: 1.2236413 | H42: 67810012 | I42: 1.2236413 | J42: 2608077.4 | K42: #DIV/0! | L42: 1356200.2 | M42: 26 | N42: 0 | O42: 0.45833333 | P42: 60 | Q42: 17 | R42: 168 | S42: 77 | T42: -77
B43: 26 - PUJOL ERNESTO | C43: 100000000 | D43: 70633226 | E43: 70633226 | F43: 0 | G43: 0.70633226 | H43: 70633226 | I43: 0.70633226 | J43: 2716662.5 | K43: #DIV/0! | L43: 0 | M43: 25 | N43: 0 | O43: 0.5 | P43: 60 | Q43: 27 | R43: 174 | S43: 87 | T43: -87
B44: 25 - KALATAKI GUSTAVO | C44: 100000000 | D44: 1.0172733e+08 | E44: 1.0181549e+08 | F44: -88163.643 | G44: 1.0172733 | H44: 1.0172733e+08 | I44: 1.0172733 | J44: 3912589.5 | K44: #DIV/0! | L44: 1017273.3 | M44: 60 | N44: 0 | O44: 0.51470588 | P44: 61 | Q44: -26 | R44: 68 | S44: 35 | T44: -35
B45: 60 - SILVA ADRIAN | C45: 25000000 | D45: 13890577 | E45: 13415070 | F45: 475507.02 | G45: 0.55562308 | H45: 13890577 | I45: 0.55562308 | J45: 534252.96 | K45: #DIV/0! | L45: 0 | M45: 43 | N45: 0 | O45: 0.25806452 | P45: 60 | Q45: -36 | R45: 93 | S45: 24 | T45: -24
B46: 43 - COLHER DIEGO | C46: 100000000 | D46: 37247397 | E46: 35002322 | F46: 2245074.7 | G46: 0.37247397 | H46: 37247397 | I46: 0.37247397 | J46: 1432592.2 | K46: #DIV/0! | L46: 0 | R46: 3740 | S46: 2273
C47: 4.5569586e+08 | D47: 3.6511989e+08 | E47: 3.5097574e+08 | F47: 14144148 | G47: 0.80123593 | H47: 3.6511989e+08 | I47: 0.80123593 | J47: 14043073 | K47: #DIV/0! | Q47: #REF! | R47: 8999 | S47: 6481
A48: GENERAL | C48: 1.3797671e+09 | D48: 1.6589233e+09 | E48: 1.5844777e+09 | F48: 74445576 | G48: 1.2023212 | H48: 1.6589233e+09 | I48: 1.2023212 | J48: 63804742 | K48: #DIV/0!
